ISO-10303-21;
HEADER;
/* Generated by software containing ST-Developer
 * from STEP Tools, Inc. (www.steptools.com) 
 */

FILE_DESCRIPTION(
/* description */ (''),
/* implementation_level */ '2;1');

FILE_NAME(
/* name */ 'ArnoPad case.step',
/* time_stamp */ '2026-09-20T21:20:59+02:00',
/* author */ (''),
/* organization */ (''),
/* preprocessor_version */ 'ST-DEVELOPER v20.1',
/* originating_system */ 'Autodesk Translation Framework v15.8.0.0',
/* authorisation */ '');

FILE_SCHEMA (('AUTOMOTIVE_DESIGN { 1 0 10303 214 3 1 1 }'));
ENDSEC;

DATA;
#10=MECHANICAL_DESIGN_GEOMETRIC_PRESENTATION_REPRESENTATION('',(#318,#319),
#8717);
#11=ITEM_DEFINED_TRANSFORMATION($,$,#4649,#4858);
#12=ITEM_DEFINED_TRANSFORMATION($,$,#4650,#4859);
#13=ITEM_DEFINED_TRANSFORMATION($,$,#4777,#4860);
#14=(
REPRESENTATION_RELATIONSHIP($,$,#8734,#8733)
REPRESENTATION_RELATIONSHIP_WITH_TRANSFORMATION(#11)
SHAPE_REPRESENTATION_RELATIONSHIP()
);
#15=(
REPRESENTATION_RELATIONSHIP($,$,#8735,#8733)
REPRESENTATION_RELATIONSHIP_WITH_TRANSFORMATION(#12)
SHAPE_REPRESENTATION_RELATIONSHIP()
);
#16=(
REPRESENTATION_RELATIONSHIP($,$,#8736,#8733)
REPRESENTATION_RELATIONSHIP_WITH_TRANSFORMATION(#13)
SHAPE_REPRESENTATION_RELATIONSHIP()
);
#17=CONTEXT_DEPENDENT_SHAPE_REPRESENTATION(#14,#8730);
#18=CONTEXT_DEPENDENT_SHAPE_REPRESENTATION(#15,#8731);
#19=CONTEXT_DEPENDENT_SHAPE_REPRESENTATION(#16,#8732);
#20=NEXT_ASSEMBLY_USAGE_OCCURRENCE('plate-2026-09-11T15_00_12.190Z:1',
'plate-2026-09-11T15_00_12.190Z:1','plate-2026-09-11T15_00_12.190Z:1',#8738,
#8739,'plate-2026-09-11T15_00_12.190Z:1');
#21=NEXT_ASSEMBLY_USAGE_OCCURRENCE('External1:1','External1:1',
'External1:1',#8738,#8740,'External1:1');
#22=NEXT_ASSEMBLY_USAGE_OCCURRENCE('ArnoPad case:1','ArnoPad case:1',
'ArnoPad case:1',#8738,#8741,'ArnoPad case:1');
#23=B_SPLINE_SURFACE_WITH_KNOTS('',3,1,((#6218,#6219),(#6220,#6221),(#6222,
#6223),(#6224,#6225),(#6226,#6227)),.UNSPECIFIED.,.F.,.F.,.F.,(4,1,4),(2,
2),(0.,0.0562007630001061,0.116095196532863),(0.,0.1),.UNSPECIFIED.);
#24=B_SPLINE_SURFACE_WITH_KNOTS('',3,1,((#6235,#6236),(#6237,#6238),(#6239,
#6240),(#6241,#6242),(#6243,#6244)),.UNSPECIFIED.,.F.,.F.,.F.,(4,1,4),(2,
2),(0.,0.0318930738311928,0.0658214509071815),(0.,0.1),.UNSPECIFIED.);
#25=B_SPLINE_SURFACE_WITH_KNOTS('',3,1,((#6252,#6253),(#6254,#6255),(#6256,
#6257),(#6258,#6259),(#6260,#6261)),.UNSPECIFIED.,.F.,.F.,.F.,(4,1,4),(2,
2),(0.,0.0309406867083658,0.0618531205416202),(0.,0.1),.UNSPECIFIED.);
#26=B_SPLINE_SURFACE_WITH_KNOTS('',3,1,((#6269,#6270),(#6271,#6272),(#6273,
#6274),(#6275,#6276),(#6277,#6278)),.UNSPECIFIED.,.F.,.F.,.F.,(4,1,4),(2,
2),(0.,0.0393947522335098,0.0758020945138658),(0.,0.1),.UNSPECIFIED.);
#27=B_SPLINE_SURFACE_WITH_KNOTS('',3,1,((#6290,#6291),(#6292,#6293),(#6294,
#6295),(#6296,#6297),(#6298,#6299)),.UNSPECIFIED.,.F.,.F.,.F.,(4,1,4),(2,
2),(0.,0.0506895393022277,0.106840638608535),(0.,0.1),.UNSPECIFIED.);
#28=B_SPLINE_SURFACE_WITH_KNOTS('',3,1,((#6307,#6308),(#6309,#6310),(#6311,
#6312),(#6313,#6314),(#6315,#6316)),.UNSPECIFIED.,.F.,.F.,.F.,(4,1,4),(2,
2),(0.,0.0334963978590177,0.0668072696827632),(0.,0.1),.UNSPECIFIED.);
#29=B_SPLINE_SURFACE_WITH_KNOTS('',3,1,((#6324,#6325),(#6326,#6327),(#6328,
#6329),(#6330,#6331),(#6332,#6333)),.UNSPECIFIED.,.F.,.F.,.F.,(4,1,4),(2,
2),(0.,0.0606300324080312,0.103124206834862),(0.,0.1),.UNSPECIFIED.);
#30=B_SPLINE_SURFACE_WITH_KNOTS('',3,1,((#6482,#6483),(#6484,#6485),(#6486,
#6487),(#6488,#6489),(#6490,#6491)),.UNSPECIFIED.,.F.,.F.,.F.,(4,1,4),(2,
2),(0.,0.0449929425708468,0.0885886845830757),(0.,0.1),.UNSPECIFIED.);
#31=B_SPLINE_SURFACE_WITH_KNOTS('',3,1,((#6499,#6500),(#6501,#6502),(#6503,
#6504),(#6505,#6506),(#6507,#6508)),.UNSPECIFIED.,.F.,.F.,.F.,(4,1,4),(2,
2),(0.,0.0498301465194794,0.0966544625881141),(0.,0.1),.UNSPECIFIED.);
#32=B_SPLINE_SURFACE_WITH_KNOTS('',3,1,((#6516,#6517),(#6518,#6519),(#6520,
#6521),(#6522,#6523),(#6524,#6525)),.UNSPECIFIED.,.F.,.F.,.F.,(4,1,4),(2,
2),(0.,0.0674513016867841,0.136175179335063),(0.,0.1),.UNSPECIFIED.);
#33=B_SPLINE_SURFACE_WITH_KNOTS('',3,1,((#6533,#6534),(#6535,#6536),(#6537,
#6538),(#6539,#6540),(#6541,#6542)),.UNSPECIFIED.,.F.,.F.,.F.,(4,1,4),(2,
2),(0.,0.0721292641735577,0.140461424165396),(0.,0.1),.UNSPECIFIED.);
#34=B_SPLINE_SURFACE_WITH_KNOTS('',3,1,((#6550,#6551),(#6552,#6553),(#6554,
#6555),(#6556,#6557),(#6558,#6559)),.UNSPECIFIED.,.F.,.F.,.F.,(4,1,4),(2,
2),(0.,0.0830574982675176,0.160836424219333),(0.,0.1),.UNSPECIFIED.);
#35=B_SPLINE_SURFACE_WITH_KNOTS('',3,1,((#6567,#6568),(#6569,#6570),(#6571,
#6572),(#6573,#6574),(#6575,#6576)),.UNSPECIFIED.,.F.,.F.,.F.,(4,1,4),(2,
2),(0.,0.0773979194488555,0.161610518761485),(0.,0.1),.UNSPECIFIED.);
#36=B_SPLINE_SURFACE_WITH_KNOTS('',3,1,((#6584,#6585),(#6586,#6587),(#6588,
#6589),(#6590,#6591),(#6592,#6593)),.UNSPECIFIED.,.F.,.F.,.F.,(4,1,4),(2,
2),(0.,0.0689516391247378,0.140997655788287),(0.,0.1),.UNSPECIFIED.);
#37=B_SPLINE_SURFACE_WITH_KNOTS('',3,1,((#6601,#6602),(#6603,#6604),(#6605,
#6606),(#6607,#6608),(#6609,#6610)),.UNSPECIFIED.,.F.,.F.,.F.,(4,1,4),(2,
2),(0.,0.0671899330798313,0.134504922157468),(0.,0.1),.UNSPECIFIED.);
#38=B_SPLINE_SURFACE_WITH_KNOTS('',3,1,((#6618,#6619),(#6620,#6621),(#6622,
#6623),(#6624,#6625),(#6626,#6627)),.UNSPECIFIED.,.F.,.F.,.F.,(4,1,4),(2,
2),(0.,0.0938940353157641,0.190330866106171),(0.,0.1),.UNSPECIFIED.);
#39=B_SPLINE_SURFACE_WITH_KNOTS('',3,1,((#6641,#6642),(#6643,#6644),(#6645,
#6646),(#6647,#6648),(#6649,#6650)),.UNSPECIFIED.,.F.,.F.,.F.,(4,1,4),(2,
2),(0.,0.0615645566702169,0.12513336618546),(0.,0.1),.UNSPECIFIED.);
#40=B_SPLINE_SURFACE_WITH_KNOTS('',3,1,((#6660,#6661),(#6662,#6663),(#6664,
#6665),(#6666,#6667),(#6668,#6669)),.UNSPECIFIED.,.F.,.F.,.F.,(4,1,4),(2,
2),(0.,0.066030911405175,0.129379132803295),(0.,0.1),.UNSPECIFIED.);
#41=B_SPLINE_SURFACE_WITH_KNOTS('',3,1,((#6677,#6678),(#6679,#6680),(#6681,
#6682),(#6683,#6684),(#6685,#6686)),.UNSPECIFIED.,.F.,.F.,.F.,(4,1,4),(2,
2),(0.,0.103772440051707,0.183096566692293),(0.,0.1),.UNSPECIFIED.);
#42=B_SPLINE_SURFACE_WITH_KNOTS('',3,1,((#6694,#6695),(#6696,#6697),(#6698,
#6699),(#6700,#6701),(#6702,#6703)),.UNSPECIFIED.,.F.,.F.,.F.,(4,1,4),(2,
2),(0.,0.0745878445493199,0.16945977486099),(0.,0.1),.UNSPECIFIED.);
#43=B_SPLINE_SURFACE_WITH_KNOTS('',3,1,((#6711,#6712),(#6713,#6714),(#6715,
#6716),(#6717,#6718),(#6719,#6720)),.UNSPECIFIED.,.F.,.F.,.F.,(4,1,4),(2,
2),(0.,0.0609872250541963,0.124597548491137),(0.,0.1),.UNSPECIFIED.);
#44=B_SPLINE_SURFACE_WITH_KNOTS('',3,1,((#6728,#6729),(#6730,#6731),(#6732,
#6733),(#6734,#6735),(#6736,#6737)),.UNSPECIFIED.,.F.,.F.,.F.,(4,1,4),(2,
2),(0.,0.0657728663740797,0.126962469498411),(0.,0.1),.UNSPECIFIED.);
#45=B_SPLINE_SURFACE_WITH_KNOTS('',3,1,((#6745,#6746),(#6747,#6748),(#6749,
#6750),(#6751,#6752),(#6753,#6754)),.UNSPECIFIED.,.F.,.F.,.F.,(4,1,4),(2,
2),(0.,0.0979765793112967,0.175584928426187),(0.,0.1),.UNSPECIFIED.);
#46=B_SPLINE_SURFACE_WITH_KNOTS('',3,1,((#6762,#6763),(#6764,#6765),(#6766,
#6767),(#6768,#6769),(#6770,#6771)),.UNSPECIFIED.,.F.,.F.,.F.,(4,1,4),(2,
2),(0.,0.0763675072299964,0.176697566543576),(0.,0.1),.UNSPECIFIED.);
#47=B_SPLINE_SURFACE_WITH_KNOTS('',3,1,((#6871,#6872),(#6873,#6874),(#6875,
#6876),(#6877,#6878),(#6879,#6880)),.UNSPECIFIED.,.F.,.F.,.F.,(4,1,4),(2,
2),(0.,0.105424207734896,0.250027160677918),(0.,0.1),.UNSPECIFIED.);
#48=B_SPLINE_SURFACE_WITH_KNOTS('',3,1,((#6888,#6889),(#6890,#6891),(#6892,
#6893),(#6894,#6895),(#6896,#6897)),.UNSPECIFIED.,.F.,.F.,.F.,(4,1,4),(2,
2),(0.,0.0955906551099377,0.187983186720972),(0.,0.1),.UNSPECIFIED.);
#49=B_SPLINE_SURFACE_WITH_KNOTS('',3,1,((#6905,#6906),(#6907,#6908),(#6909,
#6910),(#6911,#6912),(#6913,#6914)),.UNSPECIFIED.,.F.,.F.,.F.,(4,1,4),(2,
2),(0.,0.0552055742555654,0.112553743257556),(0.,0.1),.UNSPECIFIED.);
#50=B_SPLINE_SURFACE_WITH_KNOTS('',3,1,((#6922,#6923),(#6924,#6925),(#6926,
#6927),(#6928,#6929),(#6930,#6931)),.UNSPECIFIED.,.F.,.F.,.F.,(4,1,4),(2,
2),(0.,0.0488546894463291,0.101213221247457),(0.,0.1),.UNSPECIFIED.);
#51=B_SPLINE_SURFACE_WITH_KNOTS('',3,1,((#6939,#6940),(#6941,#6942),(#6943,
#6944),(#6945,#6946),(#6947,#6948)),.UNSPECIFIED.,.F.,.F.,.F.,(4,1,4),(2,
2),(0.,0.0560059639049282,0.106253994780828),(0.,0.1),.UNSPECIFIED.);
#52=B_SPLINE_SURFACE_WITH_KNOTS('',3,1,((#6956,#6957),(#6958,#6959),(#6960,
#6961),(#6962,#6963),(#6964,#6965)),.UNSPECIFIED.,.F.,.F.,.F.,(4,1,4),(2,
2),(0.,0.0702850504254678,0.122035849811548),(0.,0.1),.UNSPECIFIED.);
#53=B_SPLINE_SURFACE_WITH_KNOTS('',3,1,((#6989,#6990),(#6991,#6992),(#6993,
#6994),(#6995,#6996),(#6997,#6998)),.UNSPECIFIED.,.F.,.F.,.F.,(4,1,4),(2,
2),(0.,0.0384328823988922,0.099168258943769),(0.,0.1),.UNSPECIFIED.);
#54=B_SPLINE_SURFACE_WITH_KNOTS('',3,1,((#7006,#7007),(#7008,#7009),(#7010,
#7011),(#7012,#7013),(#7014,#7015)),.UNSPECIFIED.,.F.,.F.,.F.,(4,1,4),(2,
2),(0.,0.0417708177155375,0.0831198759628723),(0.,0.1),.UNSPECIFIED.);
#55=B_SPLINE_SURFACE_WITH_KNOTS('',3,1,((#7023,#7024),(#7025,#7026),(#7027,
#7028),(#7029,#7030),(#7031,#7032)),.UNSPECIFIED.,.F.,.F.,.F.,(4,1,4),(2,
2),(0.,0.047019233766813,0.0907378338835661),(0.,0.1),.UNSPECIFIED.);
#56=B_SPLINE_SURFACE_WITH_KNOTS('',3,1,((#7040,#7041),(#7042,#7043),(#7044,
#7045),(#7046,#7047),(#7048,#7049)),.UNSPECIFIED.,.F.,.F.,.F.,(4,1,4),(2,
2),(0.,0.0562063870020088,0.118671076052345),(0.,0.1),.UNSPECIFIED.);
#57=B_SPLINE_SURFACE_WITH_KNOTS('',3,1,((#7057,#7058),(#7059,#7060),(#7061,
#7062),(#7063,#7064),(#7065,#7066)),.UNSPECIFIED.,.F.,.F.,.F.,(4,1,4),(2,
2),(0.,0.0882398736683012,0.152912785666674),(0.,0.1),.UNSPECIFIED.);
#58=B_SPLINE_SURFACE_WITH_KNOTS('',3,1,((#7148,#7149),(#7150,#7151),(#7152,
#7153),(#7154,#7155),(#7156,#7157)),.UNSPECIFIED.,.F.,.F.,.F.,(4,1,4),(2,
2),(0.,0.078852285577079,0.158882511100879),(0.,0.1),.UNSPECIFIED.);
#59=B_SPLINE_SURFACE_WITH_KNOTS('',3,1,((#7167,#7168),(#7169,#7170),(#7171,
#7172),(#7173,#7174),(#7175,#7176)),.UNSPECIFIED.,.F.,.F.,.F.,(4,1,4),(2,
2),(0.,0.0977908759536201,0.175367552422755),(0.,0.1),.UNSPECIFIED.);
#60=B_SPLINE_SURFACE_WITH_KNOTS('',3,1,((#7408,#7409),(#7410,#7411),(#7412,
#7413),(#7414,#7415),(#7416,#7417)),.UNSPECIFIED.,.F.,.F.,.F.,(4,1,4),(2,
2),(0.,0.0367469735178007,0.0741417156411831),(0.,0.1),.UNSPECIFIED.);
#61=B_SPLINE_SURFACE_WITH_KNOTS('',3,1,((#7425,#7426),(#7427,#7428),(#7429,
#7430),(#7431,#7432),(#7433,#7434)),.UNSPECIFIED.,.F.,.F.,.F.,(4,1,4),(2,
2),(0.,0.111811795990845,0.173451548203197),(0.,0.1),.UNSPECIFIED.);
#62=B_SPLINE_SURFACE_WITH_KNOTS('',3,1,((#7446,#7447),(#7448,#7449),(#7450,
#7451),(#7452,#7453),(#7454,#7455)),.UNSPECIFIED.,.F.,.F.,.F.,(4,1,4),(2,
2),(0.,0.0353900776398739,0.0907924937332117),(0.,0.1),.UNSPECIFIED.);
#63=B_SPLINE_SURFACE_WITH_KNOTS('',3,1,((#7463,#7464),(#7465,#7466),(#7467,
#7468),(#7469,#7470),(#7471,#7472)),.UNSPECIFIED.,.F.,.F.,.F.,(4,1,4),(2,
2),(0.,0.0352274041735211,0.0740342319956127),(0.,0.1),.UNSPECIFIED.);
#64=B_SPLINE_SURFACE_WITH_KNOTS('',3,1,((#7480,#7481),(#7482,#7483),(#7484,
#7485),(#7486,#7487),(#7488,#7489)),.UNSPECIFIED.,.F.,.F.,.F.,(4,1,4),(2,
2),(0.,0.0448143485501388,0.0818085346967644),(0.,0.1),.UNSPECIFIED.);
#65=B_SPLINE_SURFACE_WITH_KNOTS('',3,1,((#7497,#7498),(#7499,#7500),(#7501,
#7502),(#7503,#7504),(#7505,#7506)),.UNSPECIFIED.,.F.,.F.,.F.,(4,1,4),(2,
2),(0.,0.0673994157459785,0.122326034680915),(0.,0.1),.UNSPECIFIED.);
#66=B_SPLINE_SURFACE_WITH_KNOTS('',3,1,((#7514,#7515),(#7516,#7517),(#7518,
#7519),(#7520,#7521),(#7522,#7523)),.UNSPECIFIED.,.F.,.F.,.F.,(4,1,4),(2,
2),(0.,0.0631489409457259,0.133594051738523),(0.,0.1),.UNSPECIFIED.);
#67=B_SPLINE_SURFACE_WITH_KNOTS('',3,1,((#7531,#7532),(#7533,#7534),(#7535,
#7536),(#7537,#7538),(#7539,#7540)),.UNSPECIFIED.,.F.,.F.,.F.,(4,1,4),(2,
2),(0.,0.0497301557572729,0.105616614076507),(0.,0.1),.UNSPECIFIED.);
#68=B_SPLINE_SURFACE_WITH_KNOTS('',3,1,((#7548,#7549),(#7550,#7551),(#7552,
#7553),(#7554,#7555),(#7556,#7557)),.UNSPECIFIED.,.F.,.F.,.F.,(4,1,4),(2,
2),(0.,0.0583611218568434,0.109239550038991),(0.,0.1),.UNSPECIFIED.);
#69=B_SPLINE_SURFACE_WITH_KNOTS('',3,1,((#7569,#7570),(#7571,#7572),(#7573,
#7574),(#7575,#7576),(#7577,#7578)),.UNSPECIFIED.,.F.,.F.,.F.,(4,1,4),(2,
2),(0.,0.0442224927350066,0.100277981517259),(0.,0.1),.UNSPECIFIED.);
#70=B_SPLINE_SURFACE_WITH_KNOTS('',3,1,((#7586,#7587),(#7588,#7589),(#7590,
#7591),(#7592,#7593),(#7594,#7595)),.UNSPECIFIED.,.F.,.F.,.F.,(4,1,4),(2,
2),(0.,0.0605368701674117,0.106396091608884),(0.,0.1),.UNSPECIFIED.);
#71=B_SPLINE_SURFACE_WITH_KNOTS('',3,1,((#7603,#7604),(#7605,#7606),(#7607,
#7608),(#7609,#7610),(#7611,#7612)),.UNSPECIFIED.,.F.,.F.,.F.,(4,1,4),(2,
2),(0.,0.0530374196485297,0.118642305065273),(0.,0.1),.UNSPECIFIED.);
#72=B_SPLINE_SURFACE_WITH_KNOTS('',3,1,((#7620,#7621),(#7622,#7623),(#7624,
#7625),(#7626,#7627),(#7628,#7629)),.UNSPECIFIED.,.F.,.F.,.F.,(4,1,4),(2,
2),(0.,0.0516306170835454,0.0910370388914938),(0.,0.1),.UNSPECIFIED.);
#73=B_SPLINE_SURFACE_WITH_KNOTS('',3,1,((#7637,#7638),(#7639,#7640),(#7641,
#7642),(#7643,#7644),(#7645,#7646)),.UNSPECIFIED.,.F.,.F.,.F.,(4,1,4),(2,
2),(0.,0.016512587358999,0.0256540961434068),(0.,0.1),.UNSPECIFIED.);
#74=B_SPLINE_SURFACE_WITH_KNOTS('',3,1,((#7654,#7655),(#7656,#7657),(#7658,
#7659),(#7660,#7661),(#7662,#7663)),.UNSPECIFIED.,.F.,.F.,.F.,(4,1,4),(2,
2),(0.,0.104438377444596,0.178622680748115),(0.,0.1),.UNSPECIFIED.);
#75=B_SPLINE_SURFACE_WITH_KNOTS('',3,1,((#7671,#7672),(#7673,#7674),(#7675,
#7676),(#7677,#7678),(#7679,#7680)),.UNSPECIFIED.,.F.,.F.,.F.,(4,1,4),(2,
2),(0.,0.037056821205715,0.0885896030941234),(0.,0.1),.UNSPECIFIED.);
#76=B_SPLINE_SURFACE_WITH_KNOTS('',3,1,((#7688,#7689),(#7690,#7691),(#7692,
#7693),(#7694,#7695),(#7696,#7697)),.UNSPECIFIED.,.F.,.F.,.F.,(4,1,4),(2,
2),(0.,0.0382356442241757,0.0779173776046134),(0.,0.1),.UNSPECIFIED.);
#77=B_SPLINE_SURFACE_WITH_KNOTS('',3,1,((#7705,#7706),(#7707,#7708),(#7709,
#7710),(#7711,#7712),(#7713,#7714)),.UNSPECIFIED.,.F.,.F.,.F.,(4,1,4),(2,
2),(0.,0.0388159040535487,0.0764768556469559),(0.,0.1),.UNSPECIFIED.);
#78=B_SPLINE_SURFACE_WITH_KNOTS('',3,1,((#7722,#7723),(#7724,#7725),(#7726,
#7727),(#7728,#7729),(#7730,#7731)),.UNSPECIFIED.,.F.,.F.,.F.,(4,1,4),(2,
2),(0.,0.0410100201856629,0.0807973147395521),(0.,0.1),.UNSPECIFIED.);
#79=B_SPLINE_SURFACE_WITH_KNOTS('',3,1,((#7739,#7740),(#7741,#7742),(#7743,
#7744),(#7745,#7746),(#7747,#7748)),.UNSPECIFIED.,.F.,.F.,.F.,(4,1,4),(2,
2),(0.,0.0656025547343465,0.132933365990803),(0.,0.1),.UNSPECIFIED.);
#80=B_SPLINE_SURFACE_WITH_KNOTS('',3,1,((#7756,#7757),(#7758,#7759),(#7760,
#7761),(#7762,#7763),(#7764,#7765)),.UNSPECIFIED.,.F.,.F.,.F.,(4,1,4),(2,
2),(0.,0.0852496286621659,0.15674507448178),(0.,0.1),.UNSPECIFIED.);
#81=B_SPLINE_SURFACE_WITH_KNOTS('',3,1,((#7773,#7774),(#7775,#7776),(#7777,
#7778),(#7779,#7780),(#7781,#7782)),.UNSPECIFIED.,.F.,.F.,.F.,(4,1,4),(2,
2),(0.,0.0542451132901046,0.110450912791081),(0.,0.1),.UNSPECIFIED.);
#82=B_SPLINE_SURFACE_WITH_KNOTS('',3,1,((#7790,#7791),(#7792,#7793),(#7794,
#7795),(#7796,#7797),(#7798,#7799)),.UNSPECIFIED.,.F.,.F.,.F.,(4,1,4),(2,
2),(0.,0.0665772865894981,0.124232940246234),(0.,0.1),.UNSPECIFIED.);
#83=B_SPLINE_SURFACE_WITH_KNOTS('',3,1,((#7807,#7808),(#7809,#7810),(#7811,
#7812),(#7813,#7814),(#7815,#7816)),.UNSPECIFIED.,.F.,.F.,.F.,(4,1,4),(2,
2),(0.,0.0354479585567646,0.0744344378594444),(0.,0.1),.UNSPECIFIED.);
#84=B_SPLINE_SURFACE_WITH_KNOTS('',3,1,((#7822,#7823),(#7824,#7825),(#7826,
#7827),(#7828,#7829),(#7830,#7831)),.UNSPECIFIED.,.F.,.F.,.F.,(4,1,4),(2,
2),(0.,0.0428760971534425,0.100039081653495),(0.,0.1),.UNSPECIFIED.);
#85=B_SPLINE_SURFACE_WITH_KNOTS('',3,1,((#7841,#7842),(#7843,#7844),(#7845,
#7846),(#7847,#7848),(#7849,#7850)),.UNSPECIFIED.,.F.,.F.,.F.,(4,1,4),(2,
2),(0.,0.0483112360011299,0.0951413167185622),(0.,0.1),.UNSPECIFIED.);
#86=B_SPLINE_SURFACE_WITH_KNOTS('',3,1,((#7858,#7859),(#7860,#7861),(#7862,
#7863),(#7864,#7865),(#7866,#7867)),.UNSPECIFIED.,.F.,.F.,.F.,(4,1,4),(2,
2),(0.,0.0539737020176789,0.104844198019334),(0.,0.1),.UNSPECIFIED.);
#87=B_SPLINE_SURFACE_WITH_KNOTS('',3,1,((#7875,#7876),(#7877,#7878),(#7879,
#7880),(#7881,#7882),(#7883,#7884)),.UNSPECIFIED.,.F.,.F.,.F.,(4,1,4),(2,
2),(0.,0.0415656983213528,0.0923985700296426),(0.,0.1),.UNSPECIFIED.);
#88=B_SPLINE_SURFACE_WITH_KNOTS('',3,1,((#7892,#7893),(#7894,#7895),(#7896,
#7897),(#7898,#7899),(#7900,#7901)),.UNSPECIFIED.,.F.,.F.,.F.,(4,1,4),(2,
2),(0.,0.0367758224827414,0.0737338301184541),(0.,0.1),.UNSPECIFIED.);
#89=B_SPLINE_SURFACE_WITH_KNOTS('',3,1,((#7909,#7910),(#7911,#7912),(#7913,
#7914),(#7915,#7916),(#7917,#7918)),.UNSPECIFIED.,.F.,.F.,.F.,(4,1,4),(2,
2),(0.,0.0244164998870691,0.0491412169619532),(0.,0.1),.UNSPECIFIED.);
#90=B_SPLINE_SURFACE_WITH_KNOTS('',3,1,((#7926,#7927),(#7928,#7929),(#7930,
#7931),(#7932,#7933),(#7934,#7935)),.UNSPECIFIED.,.F.,.F.,.F.,(4,1,4),(2,
2),(0.,0.0259822136463284,0.0507657510920511),(0.,0.1),.UNSPECIFIED.);
#91=B_SPLINE_SURFACE_WITH_KNOTS('',3,1,((#7943,#7944),(#7945,#7946),(#7947,
#7948),(#7949,#7950),(#7951,#7952)),.UNSPECIFIED.,.F.,.F.,.F.,(4,1,4),(2,
2),(0.,0.0525309971446142,0.0880479693197261),(0.,0.1),.UNSPECIFIED.);
#92=B_SPLINE_SURFACE_WITH_KNOTS('',3,1,((#7960,#7961),(#7962,#7963),(#7964,
#7965),(#7966,#7967),(#7968,#7969)),.UNSPECIFIED.,.F.,.F.,.F.,(4,1,4),(2,
2),(0.,0.0698314446451382,0.16493596044615),(0.,0.1),.UNSPECIFIED.);
#93=B_SPLINE_SURFACE_WITH_KNOTS('',3,1,((#8083,#8084),(#8085,#8086),(#8087,
#8088),(#8089,#8090),(#8091,#8092)),.UNSPECIFIED.,.F.,.F.,.F.,(4,1,4),(2,
2),(0.,0.11174347606351,0.216347272244405),(0.,0.1),.UNSPECIFIED.);
#94=B_SPLINE_SURFACE_WITH_KNOTS('',3,1,((#8102,#8103),(#8104,#8105),(#8106,
#8107),(#8108,#8109),(#8110,#8111)),.UNSPECIFIED.,.F.,.F.,.F.,(4,1,4),(2,
2),(0.,0.0721375621410493,0.145594392542519),(0.,0.1),.UNSPECIFIED.);
#95=B_SPLINE_SURFACE_WITH_KNOTS('',3,1,((#8119,#8120),(#8121,#8122),(#8123,
#8124),(#8125,#8126),(#8127,#8128)),.UNSPECIFIED.,.F.,.F.,.F.,(4,1,4),(2,
2),(0.,0.0702968575624268,0.14106135412785),(0.,0.1),.UNSPECIFIED.);
#96=B_SPLINE_SURFACE_WITH_KNOTS('',3,1,((#8136,#8137),(#8138,#8139),(#8140,
#8141),(#8142,#8143),(#8144,#8145)),.UNSPECIFIED.,.F.,.F.,.F.,(4,1,4),(2,
2),(0.,0.100283394529157,0.180397441164703),(0.,0.1),.UNSPECIFIED.);
#97=B_SPLINE_SURFACE_WITH_KNOTS('',3,1,((#8153,#8154),(#8155,#8156),(#8157,
#8158),(#8159,#8160),(#8161,#8162)),.UNSPECIFIED.,.F.,.F.,.F.,(4,1,4),(2,
2),(0.,0.109230870973317,0.233806782444705),(0.,0.1),.UNSPECIFIED.);
#98=B_SPLINE_SURFACE_WITH_KNOTS('',3,1,((#8170,#8171),(#8172,#8173),(#8174,
#8175),(#8176,#8177),(#8178,#8179)),.UNSPECIFIED.,.F.,.F.,.F.,(4,1,4),(2,
2),(0.,0.110345427575815,0.215120540672065),(0.,0.1),.UNSPECIFIED.);
#99=B_SPLINE_SURFACE_WITH_KNOTS('',3,1,((#8187,#8188),(#8189,#8190),(#8191,
#8192),(#8193,#8194),(#8195,#8196)),.UNSPECIFIED.,.F.,.F.,.F.,(4,1,4),(2,
2),(0.,0.0959820049074112,0.196596001305074),(0.,0.1),.UNSPECIFIED.);
#100=B_SPLINE_SURFACE_WITH_KNOTS('',3,1,((#8204,#8205),(#8206,#8207),(#8208,
#8209),(#8210,#8211),(#8212,#8213)),.UNSPECIFIED.,.F.,.F.,.F.,(4,1,4),(2,
2),(0.,0.141884274683975,0.260966386533545),(0.,0.1),.UNSPECIFIED.);
#101=B_SPLINE_SURFACE_WITH_KNOTS('',3,1,((#8221,#8222),(#8223,#8224),(#8225,
#8226),(#8227,#8228),(#8229,#8230)),.UNSPECIFIED.,.F.,.F.,.F.,(4,1,4),(2,
2),(0.,0.110610912934774,0.241565742906204),(0.,0.1),.UNSPECIFIED.);
#102=B_SPLINE_SURFACE_WITH_KNOTS('',3,1,((#8236,#8237),(#8238,#8239),(#8240,
#8241),(#8242,#8243),(#8244,#8245)),.UNSPECIFIED.,.F.,.F.,.F.,(4,1,4),(2,
2),(0.,0.0687881828562809,0.137465290281611),(0.,0.1),.UNSPECIFIED.);
#103=B_SPLINE_SURFACE_WITH_KNOTS('',3,1,((#8255,#8256),(#8257,#8258),(#8259,
#8260),(#8261,#8262),(#8263,#8264)),.UNSPECIFIED.,.F.,.F.,.F.,(4,1,4),(2,
2),(0.,0.0687457419270739,0.136813078769996),(0.,0.1),.UNSPECIFIED.);
#104=B_SPLINE_SURFACE_WITH_KNOTS('',3,1,((#8272,#8273),(#8274,#8275),(#8276,
#8277),(#8278,#8279),(#8280,#8281)),.UNSPECIFIED.,.F.,.F.,.F.,(4,1,4),(2,
2),(0.,0.0952605263660907,0.172866890845647),(0.,0.1),.UNSPECIFIED.);
#105=B_SPLINE_SURFACE_WITH_KNOTS('',3,1,((#8289,#8290),(#8291,#8292),(#8293,
#8294),(#8295,#8296),(#8297,#8298)),.UNSPECIFIED.,.F.,.F.,.F.,(4,1,4),(2,
2),(0.,0.0791403695201105,0.179333061562641),(0.,0.1),.UNSPECIFIED.);
#106=B_SPLINE_SURFACE_WITH_KNOTS('',3,1,((#8306,#8307),(#8308,#8309),(#8310,
#8311),(#8312,#8313),(#8314,#8315)),.UNSPECIFIED.,.F.,.F.,.F.,(4,1,4),(2,
2),(0.,0.068415251111888,0.137230651285391),(0.,0.1),.UNSPECIFIED.);
#107=B_SPLINE_SURFACE_WITH_KNOTS('',3,1,((#8323,#8324),(#8325,#8326),(#8327,
#8328),(#8329,#8330),(#8331,#8332)),.UNSPECIFIED.,.F.,.F.,.F.,(4,1,4),(2,
2),(0.,0.0688002744568787,0.137602393987327),(0.,0.1),.UNSPECIFIED.);
#108=B_SPLINE_SURFACE_WITH_KNOTS('',3,1,((#8340,#8341),(#8342,#8343),(#8344,
#8345),(#8346,#8347),(#8348,#8349)),.UNSPECIFIED.,.F.,.F.,.F.,(4,1,4),(2,
2),(0.,0.0980940170787684,0.176448110478104),(0.,0.1),.UNSPECIFIED.);
#109=B_SPLINE_SURFACE_WITH_KNOTS('',3,1,((#8357,#8358),(#8359,#8360),(#8361,
#8362),(#8363,#8364),(#8365,#8366)),.UNSPECIFIED.,.F.,.F.,.F.,(4,1,4),(2,
2),(0.,0.0781728730521411,0.17619919751883),(0.,0.1),.UNSPECIFIED.);
#110=B_SPLINE_SURFACE_WITH_KNOTS('',3,1,((#8456,#8457),(#8458,#8459),(#8460,
#8461),(#8462,#8463),(#8464,#8465)),.UNSPECIFIED.,.F.,.F.,.F.,(4,1,4),(2,
2),(0.,0.0670679405741202,0.161211313026465),(0.,0.1),.UNSPECIFIED.);
#111=B_SPLINE_SURFACE_WITH_KNOTS('',3,1,((#8473,#8474),(#8475,#8476),(#8477,
#8478),(#8479,#8480),(#8481,#8482)),.UNSPECIFIED.,.F.,.F.,.F.,(4,1,4),(2,
2),(0.,0.0593005889317624,0.117429949265276),(0.,0.1),.UNSPECIFIED.);
#112=B_SPLINE_SURFACE_WITH_KNOTS('',3,1,((#8490,#8491),(#8492,#8493),(#8494,
#8495),(#8496,#8497),(#8498,#8499)),.UNSPECIFIED.,.F.,.F.,.F.,(4,1,4),(2,
2),(0.,0.0343950970162048,0.071428249710903),(0.,0.1),.UNSPECIFIED.);
#113=B_SPLINE_SURFACE_WITH_KNOTS('',3,1,((#8507,#8508),(#8509,#8510),(#8511,
#8512),(#8513,#8514),(#8515,#8516)),.UNSPECIFIED.,.F.,.F.,.F.,(4,1,4),(2,
2),(0.,0.031106316758759,0.0634038014132026),(0.,0.1),.UNSPECIFIED.);
#114=B_SPLINE_SURFACE_WITH_KNOTS('',3,1,((#8524,#8525),(#8526,#8527),(#8528,
#8529),(#8530,#8531),(#8532,#8533)),.UNSPECIFIED.,.F.,.F.,.F.,(4,1,4),(2,
2),(0.,0.0525338362101805,0.0908234252241632),(0.,0.1),.UNSPECIFIED.);
#115=B_SPLINE_SURFACE_WITH_KNOTS('',3,1,((#8553,#8554),(#8555,#8556),(#8557,
#8558),(#8559,#8560),(#8561,#8562)),.UNSPECIFIED.,.F.,.F.,.F.,(4,1,4),(2,
2),(0.,0.0377396699703395,0.0957366122728481),(0.,0.1),.UNSPECIFIED.);
#116=B_SPLINE_SURFACE_WITH_KNOTS('',3,1,((#8570,#8571),(#8572,#8573),(#8574,
#8575),(#8576,#8577),(#8578,#8579)),.UNSPECIFIED.,.F.,.F.,.F.,(4,1,4),(2,
2),(0.,0.0382286026651141,0.0791819554968862),(0.,0.1),.UNSPECIFIED.);
#117=B_SPLINE_SURFACE_WITH_KNOTS('',3,1,((#8587,#8588),(#8589,#8590),(#8591,
#8592),(#8593,#8594),(#8595,#8596)),.UNSPECIFIED.,.F.,.F.,.F.,(4,1,4),(2,
2),(0.,0.0441402392421232,0.0830170554128915),(0.,0.1),.UNSPECIFIED.);
#118=B_SPLINE_SURFACE_WITH_KNOTS('',3,1,((#8604,#8605),(#8606,#8607),(#8608,
#8609),(#8610,#8611),(#8612,#8613)),.UNSPECIFIED.,.F.,.F.,.F.,(4,1,4),(2,
2),(0.,0.0504927866131547,0.098652851660302),(0.,0.1),.UNSPECIFIED.);
#119=B_SPLINE_SURFACE_WITH_KNOTS('',3,1,((#8621,#8622),(#8623,#8624),(#8625,
#8626),(#8627,#8628),(#8629,#8630)),.UNSPECIFIED.,.F.,.F.,.F.,(4,1,4),(2,
2),(0.,0.105922027262106,0.214979310458859),(0.,0.1),.UNSPECIFIED.);
#120=B_SPLINE_CURVE_WITH_KNOTS('',3,(#6162,#6163,#6164,#6165,#6166),
 .UNSPECIFIED.,.F.,.F.,(4,1,4),(0.,0.0562007630001061,0.116095196532863),
 .UNSPECIFIED.);
#121=B_SPLINE_CURVE_WITH_KNOTS('',3,(#6168,#6169,#6170,#6171,#6172),
 .UNSPECIFIED.,.F.,.F.,(4,1,4),(0.,0.0318930738311928,0.0658214509071815),
 .UNSPECIFIED.);
#122=B_SPLINE_CURVE_WITH_KNOTS('',3,(#6174,#6175,#6176,#6177,#6178),
 .UNSPECIFIED.,.F.,.F.,(4,1,4),(0.,0.0309406867083658,0.0618531205416202),
 .UNSPECIFIED.);
#123=B_SPLINE_CURVE_WITH_KNOTS('',3,(#6180,#6181,#6182,#6183,#6184),
 .UNSPECIFIED.,.F.,.F.,(4,1,4),(0.,0.0393947522335098,0.0758020945138658),
 .UNSPECIFIED.);
#124=B_SPLINE_CURVE_WITH_KNOTS('',3,(#6188,#6189,#6190,#6191,#6192),
 .UNSPECIFIED.,.F.,.F.,(4,1,4),(0.,0.0506895393022277,0.106840638608535),
 .UNSPECIFIED.);
#125=B_SPLINE_CURVE_WITH_KNOTS('',3,(#6194,#6195,#6196,#6197,#6198),
 .UNSPECIFIED.,.F.,.F.,(4,1,4),(0.,0.0334963978590177,0.0668072696827632),
 .UNSPECIFIED.);
#126=B_SPLINE_CURVE_WITH_KNOTS('',3,(#6200,#6201,#6202,#6203,#6204),
 .UNSPECIFIED.,.F.,.F.,(4,1,4),(0.,0.0606300324080312,0.103124206834862),
 .UNSPECIFIED.);
#127=B_SPLINE_CURVE_WITH_KNOTS('',3,(#6229,#6230,#6231,#6232,#6233),
 .UNSPECIFIED.,.F.,.F.,(4,1,4),(0.,0.0562007630001061,0.116095196532863),
 .UNSPECIFIED.);
#128=B_SPLINE_CURVE_WITH_KNOTS('',3,(#6246,#6247,#6248,#6249,#6250),
 .UNSPECIFIED.,.F.,.F.,(4,1,4),(0.,0.0318930738311928,0.0658214509071815),
 .UNSPECIFIED.);
#129=B_SPLINE_CURVE_WITH_KNOTS('',3,(#6263,#6264,#6265,#6266,#6267),
 .UNSPECIFIED.,.F.,.F.,(4,1,4),(0.,0.0309406867083658,0.0618531205416202),
 .UNSPECIFIED.);
#130=B_SPLINE_CURVE_WITH_KNOTS('',3,(#6280,#6281,#6282,#6283,#6284),
 .UNSPECIFIED.,.F.,.F.,(4,1,4),(0.,0.0393947522335098,0.0758020945138658),
 .UNSPECIFIED.);
#131=B_SPLINE_CURVE_WITH_KNOTS('',3,(#6301,#6302,#6303,#6304,#6305),
 .UNSPECIFIED.,.F.,.F.,(4,1,4),(0.,0.0506895393022277,0.106840638608535),
 .UNSPECIFIED.);
#132=B_SPLINE_CURVE_WITH_KNOTS('',3,(#6318,#6319,#6320,#6321,#6322),
 .UNSPECIFIED.,.F.,.F.,(4,1,4),(0.,0.0334963978590177,0.0668072696827632),
 .UNSPECIFIED.);
#133=B_SPLINE_CURVE_WITH_KNOTS('',3,(#6335,#6336,#6337,#6338,#6339),
 .UNSPECIFIED.,.F.,.F.,(4,1,4),(0.,0.0606300324080312,0.103124206834862),
 .UNSPECIFIED.);
#134=B_SPLINE_CURVE_WITH_KNOTS('',3,(#6364,#6365,#6366,#6367,#6368),
 .UNSPECIFIED.,.F.,.F.,(4,1,4),(0.,0.0449929425708468,0.0885886845830757),
 .UNSPECIFIED.);
#135=B_SPLINE_CURVE_WITH_KNOTS('',3,(#6370,#6371,#6372,#6373,#6374),
 .UNSPECIFIED.,.F.,.F.,(4,1,4),(0.,0.0498301465194794,0.0966544625881141),
 .UNSPECIFIED.);
#136=B_SPLINE_CURVE_WITH_KNOTS('',3,(#6376,#6377,#6378,#6379,#6380),
 .UNSPECIFIED.,.F.,.F.,(4,1,4),(0.,0.0674513016867841,0.136175179335063),
 .UNSPECIFIED.);
#137=B_SPLINE_CURVE_WITH_KNOTS('',3,(#6382,#6383,#6384,#6385,#6386),
 .UNSPECIFIED.,.F.,.F.,(4,1,4),(0.,0.0721292641735577,0.140461424165396),
 .UNSPECIFIED.);
#138=B_SPLINE_CURVE_WITH_KNOTS('',3,(#6388,#6389,#6390,#6391,#6392),
 .UNSPECIFIED.,.F.,.F.,(4,1,4),(0.,0.0830574982675176,0.160836424219333),
 .UNSPECIFIED.);
#139=B_SPLINE_CURVE_WITH_KNOTS('',3,(#6394,#6395,#6396,#6397,#6398),
 .UNSPECIFIED.,.F.,.F.,(4,1,4),(0.,0.0773979194488555,0.161610518761485),
 .UNSPECIFIED.);
#140=B_SPLINE_CURVE_WITH_KNOTS('',3,(#6400,#6401,#6402,#6403,#6404),
 .UNSPECIFIED.,.F.,.F.,(4,1,4),(0.,0.0689516391247378,0.140997655788287),
 .UNSPECIFIED.);
#141=B_SPLINE_CURVE_WITH_KNOTS('',3,(#6406,#6407,#6408,#6409,#6410),
 .UNSPECIFIED.,.F.,.F.,(4,1,4),(0.,0.0671899330798313,0.134504922157468),
 .UNSPECIFIED.);
#142=B_SPLINE_CURVE_WITH_KNOTS('',3,(#6412,#6413,#6414,#6415,#6416),
 .UNSPECIFIED.,.F.,.F.,(4,1,4),(0.,0.0938940353157641,0.190330866106171),
 .UNSPECIFIED.);
#143=B_SPLINE_CURVE_WITH_KNOTS('',3,(#6422,#6423,#6424,#6425,#6426),
 .UNSPECIFIED.,.F.,.F.,(4,1,4),(0.,0.0615645566702169,0.12513336618546),
 .UNSPECIFIED.);
#144=B_SPLINE_CURVE_WITH_KNOTS('',3,(#6428,#6429,#6430,#6431,#6432),
 .UNSPECIFIED.,.F.,.F.,(4,1,4),(0.,0.066030911405175,0.129379132803295),
 .UNSPECIFIED.);
#145=B_SPLINE_CURVE_WITH_KNOTS('',3,(#6434,#6435,#6436,#6437,#6438),
 .UNSPECIFIED.,.F.,.F.,(4,1,4),(0.,0.103772440051707,0.183096566692293),
 .UNSPECIFIED.);
#146=B_SPLINE_CURVE_WITH_KNOTS('',3,(#6440,#6441,#6442,#6443,#6444),
 .UNSPECIFIED.,.F.,.F.,(4,1,4),(0.,0.0745878445493199,0.16945977486099),
 .UNSPECIFIED.);
#147=B_SPLINE_CURVE_WITH_KNOTS('',3,(#6446,#6447,#6448,#6449,#6450),
 .UNSPECIFIED.,.F.,.F.,(4,1,4),(0.,0.0609872250541963,0.124597548491137),
 .UNSPECIFIED.);
#148=B_SPLINE_CURVE_WITH_KNOTS('',3,(#6452,#6453,#6454,#6455,#6456),
 .UNSPECIFIED.,.F.,.F.,(4,1,4),(0.,0.0657728663740797,0.126962469498411),
 .UNSPECIFIED.);
#149=B_SPLINE_CURVE_WITH_KNOTS('',3,(#6458,#6459,#6460,#6461,#6462),
 .UNSPECIFIED.,.F.,.F.,(4,1,4),(0.,0.0979765793112967,0.175584928426187),
 .UNSPECIFIED.);
#150=B_SPLINE_CURVE_WITH_KNOTS('',3,(#6463,#6464,#6465,#6466,#6467),
 .UNSPECIFIED.,.F.,.F.,(4,1,4),(0.,0.0763675072299964,0.176697566543576),
 .UNSPECIFIED.);
#151=B_SPLINE_CURVE_WITH_KNOTS('',3,(#6493,#6494,#6495,#6496,#6497),
 .UNSPECIFIED.,.F.,.F.,(4,1,4),(0.,0.0449929425708468,0.0885886845830757),
 .UNSPECIFIED.);
#152=B_SPLINE_CURVE_WITH_KNOTS('',3,(#6510,#6511,#6512,#6513,#6514),
 .UNSPECIFIED.,.F.,.F.,(4,1,4),(0.,0.0498301465194794,0.0966544625881141),
 .UNSPECIFIED.);
#153=B_SPLINE_CURVE_WITH_KNOTS('',3,(#6527,#6528,#6529,#6530,#6531),
 .UNSPECIFIED.,.F.,.F.,(4,1,4),(0.,0.0674513016867841,0.136175179335063),
 .UNSPECIFIED.);
#154=B_SPLINE_CURVE_WITH_KNOTS('',3,(#6544,#6545,#6546,#6547,#6548),
 .UNSPECIFIED.,.F.,.F.,(4,1,4),(0.,0.0721292641735577,0.140461424165396),
 .UNSPECIFIED.);
#155=B_SPLINE_CURVE_WITH_KNOTS('',3,(#6561,#6562,#6563,#6564,#6565),
 .UNSPECIFIED.,.F.,.F.,(4,1,4),(0.,0.0830574982675176,0.160836424219333),
 .UNSPECIFIED.);
#156=B_SPLINE_CURVE_WITH_KNOTS('',3,(#6578,#6579,#6580,#6581,#6582),
 .UNSPECIFIED.,.F.,.F.,(4,1,4),(0.,0.0773979194488555,0.161610518761485),
 .UNSPECIFIED.);
#157=B_SPLINE_CURVE_WITH_KNOTS('',3,(#6595,#6596,#6597,#6598,#6599),
 .UNSPECIFIED.,.F.,.F.,(4,1,4),(0.,0.0689516391247378,0.140997655788287),
 .UNSPECIFIED.);
#158=B_SPLINE_CURVE_WITH_KNOTS('',3,(#6612,#6613,#6614,#6615,#6616),
 .UNSPECIFIED.,.F.,.F.,(4,1,4),(0.,0.0671899330798313,0.134504922157468),
 .UNSPECIFIED.);
#159=B_SPLINE_CURVE_WITH_KNOTS('',3,(#6629,#6630,#6631,#6632,#6633),
 .UNSPECIFIED.,.F.,.F.,(4,1,4),(0.,0.0938940353157641,0.190330866106171),
 .UNSPECIFIED.);
#160=B_SPLINE_CURVE_WITH_KNOTS('',3,(#6653,#6654,#6655,#6656,#6657),
 .UNSPECIFIED.,.F.,.F.,(4,1,4),(0.,0.0615645566702169,0.12513336618546),
 .UNSPECIFIED.);
#161=B_SPLINE_CURVE_WITH_KNOTS('',3,(#6671,#6672,#6673,#6674,#6675),
 .UNSPECIFIED.,.F.,.F.,(4,1,4),(0.,0.066030911405175,0.129379132803295),
 .UNSPECIFIED.);
#162=B_SPLINE_CURVE_WITH_KNOTS('',3,(#6688,#6689,#6690,#6691,#6692),
 .UNSPECIFIED.,.F.,.F.,(4,1,4),(0.,0.103772440051707,0.183096566692293),
 .UNSPECIFIED.);
#163=B_SPLINE_CURVE_WITH_KNOTS('',3,(#6705,#6706,#6707,#6708,#6709),
 .UNSPECIFIED.,.F.,.F.,(4,1,4),(0.,0.0745878445493199,0.16945977486099),
 .UNSPECIFIED.);
#164=B_SPLINE_CURVE_WITH_KNOTS('',3,(#6722,#6723,#6724,#6725,#6726),
 .UNSPECIFIED.,.F.,.F.,(4,1,4),(0.,0.0609872250541963,0.124597548491137),
 .UNSPECIFIED.);
#165=B_SPLINE_CURVE_WITH_KNOTS('',3,(#6739,#6740,#6741,#6742,#6743),
 .UNSPECIFIED.,.F.,.F.,(4,1,4),(0.,0.0657728663740797,0.126962469498411),
 .UNSPECIFIED.);
#166=B_SPLINE_CURVE_WITH_KNOTS('',3,(#6756,#6757,#6758,#6759,#6760),
 .UNSPECIFIED.,.F.,.F.,(4,1,4),(0.,0.0979765793112967,0.175584928426187),
 .UNSPECIFIED.);
#167=B_SPLINE_CURVE_WITH_KNOTS('',3,(#6772,#6773,#6774,#6775,#6776),
 .UNSPECIFIED.,.F.,.F.,(4,1,4),(0.,0.0763675072299964,0.176697566543576),
 .UNSPECIFIED.);
#168=B_SPLINE_CURVE_WITH_KNOTS('',3,(#6785,#6786,#6787,#6788,#6789),
 .UNSPECIFIED.,.F.,.F.,(4,1,4),(0.,0.105424207734896,0.250027160677918),
 .UNSPECIFIED.);
#169=B_SPLINE_CURVE_WITH_KNOTS('',3,(#6791,#6792,#6793,#6794,#6795),
 .UNSPECIFIED.,.F.,.F.,(4,1,4),(0.,0.0955906551099377,0.187983186720972),
 .UNSPECIFIED.);
#170=B_SPLINE_CURVE_WITH_KNOTS('',3,(#6797,#6798,#6799,#6800,#6801),
 .UNSPECIFIED.,.F.,.F.,(4,1,4),(0.,0.0552055742555654,0.112553743257556),
 .UNSPECIFIED.);
#171=B_SPLINE_CURVE_WITH_KNOTS('',3,(#6803,#6804,#6805,#6806,#6807),
 .UNSPECIFIED.,.F.,.F.,(4,1,4),(0.,0.0488546894463291,0.101213221247457),
 .UNSPECIFIED.);
#172=B_SPLINE_CURVE_WITH_KNOTS('',3,(#6809,#6810,#6811,#6812,#6813),
 .UNSPECIFIED.,.F.,.F.,(4,1,4),(0.,0.0560059639049282,0.106253994780828),
 .UNSPECIFIED.);
#173=B_SPLINE_CURVE_WITH_KNOTS('',3,(#6815,#6816,#6817,#6818,#6819),
 .UNSPECIFIED.,.F.,.F.,(4,1,4),(0.,0.0702850504254678,0.122035849811548),
 .UNSPECIFIED.);
#174=B_SPLINE_CURVE_WITH_KNOTS('',3,(#6829,#6830,#6831,#6832,#6833),
 .UNSPECIFIED.,.F.,.F.,(4,1,4),(0.,0.0384328823988922,0.099168258943769),
 .UNSPECIFIED.);
#175=B_SPLINE_CURVE_WITH_KNOTS('',3,(#6835,#6836,#6837,#6838,#6839),
 .UNSPECIFIED.,.F.,.F.,(4,1,4),(0.,0.0417708177155375,0.0831198759628723),
 .UNSPECIFIED.);
#176=B_SPLINE_CURVE_WITH_KNOTS('',3,(#6841,#6842,#6843,#6844,#6845),
 .UNSPECIFIED.,.F.,.F.,(4,1,4),(0.,0.047019233766813,0.0907378338835661),
 .UNSPECIFIED.);
#177=B_SPLINE_CURVE_WITH_KNOTS('',3,(#6847,#6848,#6849,#6850,#6851),
 .UNSPECIFIED.,.F.,.F.,(4,1,4),(0.,0.0562063870020088,0.118671076052345),
 .UNSPECIFIED.);
#178=B_SPLINE_CURVE_WITH_KNOTS('',3,(#6853,#6854,#6855,#6856,#6857),
 .UNSPECIFIED.,.F.,.F.,(4,1,4),(0.,0.0882398736683012,0.152912785666674),
 .UNSPECIFIED.);
#179=B_SPLINE_CURVE_WITH_KNOTS('',3,(#6882,#6883,#6884,#6885,#6886),
 .UNSPECIFIED.,.F.,.F.,(4,1,4),(0.,0.105424207734896,0.250027160677918),
 .UNSPECIFIED.);
#180=B_SPLINE_CURVE_WITH_KNOTS('',3,(#6899,#6900,#6901,#6902,#6903),
 .UNSPECIFIED.,.F.,.F.,(4,1,4),(0.,0.0955906551099377,0.187983186720972),
 .UNSPECIFIED.);
#181=B_SPLINE_CURVE_WITH_KNOTS('',3,(#6916,#6917,#6918,#6919,#6920),
 .UNSPECIFIED.,.F.,.F.,(4,1,4),(0.,0.0552055742555654,0.112553743257556),
 .UNSPECIFIED.);
#182=B_SPLINE_CURVE_WITH_KNOTS('',3,(#6933,#6934,#6935,#6936,#6937),
 .UNSPECIFIED.,.F.,.F.,(4,1,4),(0.,0.0488546894463291,0.101213221247457),
 .UNSPECIFIED.);
#183=B_SPLINE_CURVE_WITH_KNOTS('',3,(#6950,#6951,#6952,#6953,#6954),
 .UNSPECIFIED.,.F.,.F.,(4,1,4),(0.,0.0560059639049282,0.106253994780828),
 .UNSPECIFIED.);
#184=B_SPLINE_CURVE_WITH_KNOTS('',3,(#6967,#6968,#6969,#6970,#6971),
 .UNSPECIFIED.,.F.,.F.,(4,1,4),(0.,0.0702850504254678,0.122035849811548),
 .UNSPECIFIED.);
#185=B_SPLINE_CURVE_WITH_KNOTS('',3,(#7000,#7001,#7002,#7003,#7004),
 .UNSPECIFIED.,.F.,.F.,(4,1,4),(0.,0.0384328823988922,0.099168258943769),
 .UNSPECIFIED.);
#186=B_SPLINE_CURVE_WITH_KNOTS('',3,(#7017,#7018,#7019,#7020,#7021),
 .UNSPECIFIED.,.F.,.F.,(4,1,4),(0.,0.0417708177155375,0.0831198759628723),
 .UNSPECIFIED.);
#187=B_SPLINE_CURVE_WITH_KNOTS('',3,(#7034,#7035,#7036,#7037,#7038),
 .UNSPECIFIED.,.F.,.F.,(4,1,4),(0.,0.047019233766813,0.0907378338835661),
 .UNSPECIFIED.);
#188=B_SPLINE_CURVE_WITH_KNOTS('',3,(#7051,#7052,#7053,#7054,#7055),
 .UNSPECIFIED.,.F.,.F.,(4,1,4),(0.,0.0562063870020088,0.118671076052345),
 .UNSPECIFIED.);
#189=B_SPLINE_CURVE_WITH_KNOTS('',3,(#7068,#7069,#7070,#7071,#7072),
 .UNSPECIFIED.,.F.,.F.,(4,1,4),(0.,0.0882398736683012,0.152912785666674),
 .UNSPECIFIED.);
#190=B_SPLINE_CURVE_WITH_KNOTS('',3,(#7100,#7101,#7102,#7103,#7104),
 .UNSPECIFIED.,.F.,.F.,(4,1,4),(0.,0.078852285577079,0.158882511100879),
 .UNSPECIFIED.);
#191=B_SPLINE_CURVE_WITH_KNOTS('',3,(#7106,#7107,#7108,#7109,#7110),
 .UNSPECIFIED.,.F.,.F.,(4,1,4),(0.,0.0977908759536201,0.175367552422755),
 .UNSPECIFIED.);
#192=B_SPLINE_CURVE_WITH_KNOTS('',3,(#7160,#7161,#7162,#7163,#7164),
 .UNSPECIFIED.,.F.,.F.,(4,1,4),(0.,0.078852285577079,0.158882511100879),
 .UNSPECIFIED.);
#193=B_SPLINE_CURVE_WITH_KNOTS('',3,(#7178,#7179,#7180,#7181,#7182),
 .UNSPECIFIED.,.F.,.F.,(4,1,4),(0.,0.0977908759536201,0.175367552422755),
 .UNSPECIFIED.);
#194=B_SPLINE_CURVE_WITH_KNOTS('',3,(#7200,#7201,#7202,#7203,#7204),
 .UNSPECIFIED.,.F.,.F.,(4,1,4),(0.,0.0367469735178007,0.0741417156411831),
 .UNSPECIFIED.);
#195=B_SPLINE_CURVE_WITH_KNOTS('',3,(#7206,#7207,#7208,#7209,#7210),
 .UNSPECIFIED.,.F.,.F.,(4,1,4),(0.,0.111811795990845,0.173451548203197),
 .UNSPECIFIED.);
#196=B_SPLINE_CURVE_WITH_KNOTS('',3,(#7214,#7215,#7216,#7217,#7218),
 .UNSPECIFIED.,.F.,.F.,(4,1,4),(0.,0.0353900776398739,0.0907924937332117),
 .UNSPECIFIED.);
#197=B_SPLINE_CURVE_WITH_KNOTS('',3,(#7220,#7221,#7222,#7223,#7224),
 .UNSPECIFIED.,.F.,.F.,(4,1,4),(0.,0.0352274041735211,0.0740342319956127),
 .UNSPECIFIED.);
#198=B_SPLINE_CURVE_WITH_KNOTS('',3,(#7226,#7227,#7228,#7229,#7230),
 .UNSPECIFIED.,.F.,.F.,(4,1,4),(0.,0.0448143485501388,0.0818085346967644),
 .UNSPECIFIED.);
#199=B_SPLINE_CURVE_WITH_KNOTS('',3,(#7232,#7233,#7234,#7235,#7236),
 .UNSPECIFIED.,.F.,.F.,(4,1,4),(0.,0.0673994157459785,0.122326034680915),
 .UNSPECIFIED.);
#200=B_SPLINE_CURVE_WITH_KNOTS('',3,(#7238,#7239,#7240,#7241,#7242),
 .UNSPECIFIED.,.F.,.F.,(4,1,4),(0.,0.0631489409457259,0.133594051738523),
 .UNSPECIFIED.);
#201=B_SPLINE_CURVE_WITH_KNOTS('',3,(#7244,#7245,#7246,#7247,#7248),
 .UNSPECIFIED.,.F.,.F.,(4,1,4),(0.,0.0497301557572729,0.105616614076507),
 .UNSPECIFIED.);
#202=B_SPLINE_CURVE_WITH_KNOTS('',3,(#7250,#7251,#7252,#7253,#7254),
 .UNSPECIFIED.,.F.,.F.,(4,1,4),(0.,0.0583611218568434,0.109239550038991),
 .UNSPECIFIED.);
#203=B_SPLINE_CURVE_WITH_KNOTS('',3,(#7258,#7259,#7260,#7261,#7262),
 .UNSPECIFIED.,.F.,.F.,(4,1,4),(0.,0.0442224927350066,0.100277981517259),
 .UNSPECIFIED.);
#204=B_SPLINE_CURVE_WITH_KNOTS('',3,(#7264,#7265,#7266,#7267,#7268),
 .UNSPECIFIED.,.F.,.F.,(4,1,4),(0.,0.0605368701674117,0.106396091608884),
 .UNSPECIFIED.);
#205=B_SPLINE_CURVE_WITH_KNOTS('',3,(#7270,#7271,#7272,#7273,#7274),
 .UNSPECIFIED.,.F.,.F.,(4,1,4),(0.,0.0530374196485297,0.118642305065273),
 .UNSPECIFIED.);
#206=B_SPLINE_CURVE_WITH_KNOTS('',3,(#7276,#7277,#7278,#7279,#7280),
 .UNSPECIFIED.,.F.,.F.,(4,1,4),(0.,0.0516306170835454,0.0910370388914938),
 .UNSPECIFIED.);
#207=B_SPLINE_CURVE_WITH_KNOTS('',3,(#7282,#7283,#7284,#7285,#7286),
 .UNSPECIFIED.,.F.,.F.,(4,1,4),(0.,0.016512587358999,0.0256540961434068),
 .UNSPECIFIED.);
#208=B_SPLINE_CURVE_WITH_KNOTS('',3,(#7288,#7289,#7290,#7291,#7292),
 .UNSPECIFIED.,.F.,.F.,(4,1,4),(0.,0.104438377444596,0.178622680748115),
 .UNSPECIFIED.);
#209=B_SPLINE_CURVE_WITH_KNOTS('',3,(#7294,#7295,#7296,#7297,#7298),
 .UNSPECIFIED.,.F.,.F.,(4,1,4),(0.,0.037056821205715,0.0885896030941234),
 .UNSPECIFIED.);
#210=B_SPLINE_CURVE_WITH_KNOTS('',3,(#7300,#7301,#7302,#7303,#7304),
 .UNSPECIFIED.,.F.,.F.,(4,1,4),(0.,0.0382356442241757,0.0779173776046134),
 .UNSPECIFIED.);
#211=B_SPLINE_CURVE_WITH_KNOTS('',3,(#7306,#7307,#7308,#7309,#7310),
 .UNSPECIFIED.,.F.,.F.,(4,1,4),(0.,0.0388159040535487,0.0764768556469559),
 .UNSPECIFIED.);
#212=B_SPLINE_CURVE_WITH_KNOTS('',3,(#7312,#7313,#7314,#7315,#7316),
 .UNSPECIFIED.,.F.,.F.,(4,1,4),(0.,0.0410100201856629,0.0807973147395521),
 .UNSPECIFIED.);
#213=B_SPLINE_CURVE_WITH_KNOTS('',3,(#7318,#7319,#7320,#7321,#7322),
 .UNSPECIFIED.,.F.,.F.,(4,1,4),(0.,0.0656025547343465,0.132933365990803),
 .UNSPECIFIED.);
#214=B_SPLINE_CURVE_WITH_KNOTS('',3,(#7324,#7325,#7326,#7327,#7328),
 .UNSPECIFIED.,.F.,.F.,(4,1,4),(0.,0.0852496286621659,0.15674507448178),
 .UNSPECIFIED.);
#215=B_SPLINE_CURVE_WITH_KNOTS('',3,(#7330,#7331,#7332,#7333,#7334),
 .UNSPECIFIED.,.F.,.F.,(4,1,4),(0.,0.0542451132901046,0.110450912791081),
 .UNSPECIFIED.);
#216=B_SPLINE_CURVE_WITH_KNOTS('',3,(#7336,#7337,#7338,#7339,#7340),
 .UNSPECIFIED.,.F.,.F.,(4,1,4),(0.,0.0665772865894981,0.124232940246234),
 .UNSPECIFIED.);
#217=B_SPLINE_CURVE_WITH_KNOTS('',3,(#7341,#7342,#7343,#7344,#7345),
 .UNSPECIFIED.,.F.,.F.,(4,1,4),(0.,0.0354479585567646,0.0744344378594444),
 .UNSPECIFIED.);
#218=B_SPLINE_CURVE_WITH_KNOTS('',3,(#7348,#7349,#7350,#7351,#7352),
 .UNSPECIFIED.,.F.,.F.,(4,1,4),(0.,0.0428760971534425,0.100039081653495),
 .UNSPECIFIED.);
#219=B_SPLINE_CURVE_WITH_KNOTS('',3,(#7354,#7355,#7356,#7357,#7358),
 .UNSPECIFIED.,.F.,.F.,(4,1,4),(0.,0.0483112360011299,0.0951413167185622),
 .UNSPECIFIED.);
#220=B_SPLINE_CURVE_WITH_KNOTS('',3,(#7360,#7361,#7362,#7363,#7364),
 .UNSPECIFIED.,.F.,.F.,(4,1,4),(0.,0.0539737020176789,0.104844198019334),
 .UNSPECIFIED.);
#221=B_SPLINE_CURVE_WITH_KNOTS('',3,(#7366,#7367,#7368,#7369,#7370),
 .UNSPECIFIED.,.F.,.F.,(4,1,4),(0.,0.0415656983213528,0.0923985700296426),
 .UNSPECIFIED.);
#222=B_SPLINE_CURVE_WITH_KNOTS('',3,(#7372,#7373,#7374,#7375,#7376),
 .UNSPECIFIED.,.F.,.F.,(4,1,4),(0.,0.0367758224827414,0.0737338301184541),
 .UNSPECIFIED.);
#223=B_SPLINE_CURVE_WITH_KNOTS('',3,(#7378,#7379,#7380,#7381,#7382),
 .UNSPECIFIED.,.F.,.F.,(4,1,4),(0.,0.0244164998870691,0.0491412169619532),
 .UNSPECIFIED.);
#224=B_SPLINE_CURVE_WITH_KNOTS('',3,(#7384,#7385,#7386,#7387,#7388),
 .UNSPECIFIED.,.F.,.F.,(4,1,4),(0.,0.0259822136463284,0.0507657510920511),
 .UNSPECIFIED.);
#225=B_SPLINE_CURVE_WITH_KNOTS('',3,(#7390,#7391,#7392,#7393,#7394),
 .UNSPECIFIED.,.F.,.F.,(4,1,4),(0.,0.0525309971446142,0.0880479693197261),
 .UNSPECIFIED.);
#226=B_SPLINE_CURVE_WITH_KNOTS('',3,(#7396,#7397,#7398,#7399,#7400),
 .UNSPECIFIED.,.F.,.F.,(4,1,4),(0.,0.0698314446451382,0.16493596044615),
 .UNSPECIFIED.);
#227=B_SPLINE_CURVE_WITH_KNOTS('',3,(#7419,#7420,#7421,#7422,#7423),
 .UNSPECIFIED.,.F.,.F.,(4,1,4),(0.,0.0367469735178007,0.0741417156411831),
 .UNSPECIFIED.);
#228=B_SPLINE_CURVE_WITH_KNOTS('',3,(#7436,#7437,#7438,#7439,#7440),
 .UNSPECIFIED.,.F.,.F.,(4,1,4),(0.,0.111811795990845,0.173451548203197),
 .UNSPECIFIED.);
#229=B_SPLINE_CURVE_WITH_KNOTS('',3,(#7457,#7458,#7459,#7460,#7461),
 .UNSPECIFIED.,.F.,.F.,(4,1,4),(0.,0.0353900776398739,0.0907924937332117),
 .UNSPECIFIED.);
#230=B_SPLINE_CURVE_WITH_KNOTS('',3,(#7474,#7475,#7476,#7477,#7478),
 .UNSPECIFIED.,.F.,.F.,(4,1,4),(0.,0.0352274041735211,0.0740342319956127),
 .UNSPECIFIED.);
#231=B_SPLINE_CURVE_WITH_KNOTS('',3,(#7491,#7492,#7493,#7494,#7495),
 .UNSPECIFIED.,.F.,.F.,(4,1,4),(0.,0.0448143485501388,0.0818085346967644),
 .UNSPECIFIED.);
#232=B_SPLINE_CURVE_WITH_KNOTS('',3,(#7508,#7509,#7510,#7511,#7512),
 .UNSPECIFIED.,.F.,.F.,(4,1,4),(0.,0.0673994157459785,0.122326034680915),
 .UNSPECIFIED.);
#233=B_SPLINE_CURVE_WITH_KNOTS('',3,(#7525,#7526,#7527,#7528,#7529),
 .UNSPECIFIED.,.F.,.F.,(4,1,4),(0.,0.0631489409457259,0.133594051738523),
 .UNSPECIFIED.);
#234=B_SPLINE_CURVE_WITH_KNOTS('',3,(#7542,#7543,#7544,#7545,#7546),
 .UNSPECIFIED.,.F.,.F.,(4,1,4),(0.,0.0497301557572729,0.105616614076507),
 .UNSPECIFIED.);
#235=B_SPLINE_CURVE_WITH_KNOTS('',3,(#7559,#7560,#7561,#7562,#7563),
 .UNSPECIFIED.,.F.,.F.,(4,1,4),(0.,0.0583611218568434,0.109239550038991),
 .UNSPECIFIED.);
#236=B_SPLINE_CURVE_WITH_KNOTS('',3,(#7580,#7581,#7582,#7583,#7584),
 .UNSPECIFIED.,.F.,.F.,(4,1,4),(0.,0.0442224927350066,0.100277981517259),
 .UNSPECIFIED.);
#237=B_SPLINE_CURVE_WITH_KNOTS('',3,(#7597,#7598,#7599,#7600,#7601),
 .UNSPECIFIED.,.F.,.F.,(4,1,4),(0.,0.0605368701674117,0.106396091608884),
 .UNSPECIFIED.);
#238=B_SPLINE_CURVE_WITH_KNOTS('',3,(#7614,#7615,#7616,#7617,#7618),
 .UNSPECIFIED.,.F.,.F.,(4,1,4),(0.,0.0530374196485297,0.118642305065273),
 .UNSPECIFIED.);
#239=B_SPLINE_CURVE_WITH_KNOTS('',3,(#7631,#7632,#7633,#7634,#7635),
 .UNSPECIFIED.,.F.,.F.,(4,1,4),(0.,0.0516306170835454,0.0910370388914938),
 .UNSPECIFIED.);
#240=B_SPLINE_CURVE_WITH_KNOTS('',3,(#7648,#7649,#7650,#7651,#7652),
 .UNSPECIFIED.,.F.,.F.,(4,1,4),(0.,0.016512587358999,0.0256540961434068),
 .UNSPECIFIED.);
#241=B_SPLINE_CURVE_WITH_KNOTS('',3,(#7665,#7666,#7667,#7668,#7669),
 .UNSPECIFIED.,.F.,.F.,(4,1,4),(0.,0.104438377444596,0.178622680748115),
 .UNSPECIFIED.);
#242=B_SPLINE_CURVE_WITH_KNOTS('',3,(#7682,#7683,#7684,#7685,#7686),
 .UNSPECIFIED.,.F.,.F.,(4,1,4),(0.,0.037056821205715,0.0885896030941234),
 .UNSPECIFIED.);
#243=B_SPLINE_CURVE_WITH_KNOTS('',3,(#7699,#7700,#7701,#7702,#7703),
 .UNSPECIFIED.,.F.,.F.,(4,1,4),(0.,0.0382356442241757,0.0779173776046134),
 .UNSPECIFIED.);
#244=B_SPLINE_CURVE_WITH_KNOTS('',3,(#7716,#7717,#7718,#7719,#7720),
 .UNSPECIFIED.,.F.,.F.,(4,1,4),(0.,0.0388159040535487,0.0764768556469559),
 .UNSPECIFIED.);
#245=B_SPLINE_CURVE_WITH_KNOTS('',3,(#7733,#7734,#7735,#7736,#7737),
 .UNSPECIFIED.,.F.,.F.,(4,1,4),(0.,0.0410100201856629,0.0807973147395521),
 .UNSPECIFIED.);
#246=B_SPLINE_CURVE_WITH_KNOTS('',3,(#7750,#7751,#7752,#7753,#7754),
 .UNSPECIFIED.,.F.,.F.,(4,1,4),(0.,0.0656025547343465,0.132933365990803),
 .UNSPECIFIED.);
#247=B_SPLINE_CURVE_WITH_KNOTS('',3,(#7767,#7768,#7769,#7770,#7771),
 .UNSPECIFIED.,.F.,.F.,(4,1,4),(0.,0.0852496286621659,0.15674507448178),
 .UNSPECIFIED.);
#248=B_SPLINE_CURVE_WITH_KNOTS('',3,(#7784,#7785,#7786,#7787,#7788),
 .UNSPECIFIED.,.F.,.F.,(4,1,4),(0.,0.0542451132901046,0.110450912791081),
 .UNSPECIFIED.);
#249=B_SPLINE_CURVE_WITH_KNOTS('',3,(#7801,#7802,#7803,#7804,#7805),
 .UNSPECIFIED.,.F.,.F.,(4,1,4),(0.,0.0665772865894981,0.124232940246234),
 .UNSPECIFIED.);
#250=B_SPLINE_CURVE_WITH_KNOTS('',3,(#7817,#7818,#7819,#7820,#7821),
 .UNSPECIFIED.,.F.,.F.,(4,1,4),(0.,0.0354479585567646,0.0744344378594444),
 .UNSPECIFIED.);
#251=B_SPLINE_CURVE_WITH_KNOTS('',3,(#7834,#7835,#7836,#7837,#7838),
 .UNSPECIFIED.,.F.,.F.,(4,1,4),(0.,0.0428760971534425,0.100039081653495),
 .UNSPECIFIED.);
#252=B_SPLINE_CURVE_WITH_KNOTS('',3,(#7852,#7853,#7854,#7855,#7856),
 .UNSPECIFIED.,.F.,.F.,(4,1,4),(0.,0.0483112360011299,0.0951413167185622),
 .UNSPECIFIED.);
#253=B_SPLINE_CURVE_WITH_KNOTS('',3,(#7869,#7870,#7871,#7872,#7873),
 .UNSPECIFIED.,.F.,.F.,(4,1,4),(0.,0.0539737020176789,0.104844198019334),
 .UNSPECIFIED.);
#254=B_SPLINE_CURVE_WITH_KNOTS('',3,(#7886,#7887,#7888,#7889,#7890),
 .UNSPECIFIED.,.F.,.F.,(4,1,4),(0.,0.0415656983213528,0.0923985700296426),
 .UNSPECIFIED.);
#255=B_SPLINE_CURVE_WITH_KNOTS('',3,(#7903,#7904,#7905,#7906,#7907),
 .UNSPECIFIED.,.F.,.F.,(4,1,4),(0.,0.0367758224827414,0.0737338301184541),
 .UNSPECIFIED.);
#256=B_SPLINE_CURVE_WITH_KNOTS('',3,(#7920,#7921,#7922,#7923,#7924),
 .UNSPECIFIED.,.F.,.F.,(4,1,4),(0.,0.0244164998870691,0.0491412169619532),
 .UNSPECIFIED.);
#257=B_SPLINE_CURVE_WITH_KNOTS('',3,(#7937,#7938,#7939,#7940,#7941),
 .UNSPECIFIED.,.F.,.F.,(4,1,4),(0.,0.0259822136463284,0.0507657510920511),
 .UNSPECIFIED.);
#258=B_SPLINE_CURVE_WITH_KNOTS('',3,(#7954,#7955,#7956,#7957,#7958),
 .UNSPECIFIED.,.F.,.F.,(4,1,4),(0.,0.0525309971446142,0.0880479693197261),
 .UNSPECIFIED.);
#259=B_SPLINE_CURVE_WITH_KNOTS('',3,(#7971,#7972,#7973,#7974,#7975),
 .UNSPECIFIED.,.F.,.F.,(4,1,4),(0.,0.0698314446451382,0.16493596044615),
 .UNSPECIFIED.);
#260=B_SPLINE_CURVE_WITH_KNOTS('',3,(#7983,#7984,#7985,#7986,#7987),
 .UNSPECIFIED.,.F.,.F.,(4,1,4),(0.,0.11174347606351,0.216347272244405),
 .UNSPECIFIED.);
#261=B_SPLINE_CURVE_WITH_KNOTS('',3,(#7989,#7990,#7991,#7992,#7993),
 .UNSPECIFIED.,.F.,.F.,(4,1,4),(0.,0.0721375621410493,0.145594392542519),
 .UNSPECIFIED.);
#262=B_SPLINE_CURVE_WITH_KNOTS('',3,(#7995,#7996,#7997,#7998,#7999),
 .UNSPECIFIED.,.F.,.F.,(4,1,4),(0.,0.0702968575624268,0.14106135412785),
 .UNSPECIFIED.);
#263=B_SPLINE_CURVE_WITH_KNOTS('',3,(#8001,#8002,#8003,#8004,#8005),
 .UNSPECIFIED.,.F.,.F.,(4,1,4),(0.,0.100283394529157,0.180397441164703),
 .UNSPECIFIED.);
#264=B_SPLINE_CURVE_WITH_KNOTS('',3,(#8007,#8008,#8009,#8010,#8011),
 .UNSPECIFIED.,.F.,.F.,(4,1,4),(0.,0.109230870973317,0.233806782444705),
 .UNSPECIFIED.);
#265=B_SPLINE_CURVE_WITH_KNOTS('',3,(#8013,#8014,#8015,#8016,#8017),
 .UNSPECIFIED.,.F.,.F.,(4,1,4),(0.,0.110345427575815,0.215120540672065),
 .UNSPECIFIED.);
#266=B_SPLINE_CURVE_WITH_KNOTS('',3,(#8019,#8020,#8021,#8022,#8023),
 .UNSPECIFIED.,.F.,.F.,(4,1,4),(0.,0.0959820049074112,0.196596001305074),
 .UNSPECIFIED.);
#267=B_SPLINE_CURVE_WITH_KNOTS('',3,(#8025,#8026,#8027,#8028,#8029),
 .UNSPECIFIED.,.F.,.F.,(4,1,4),(0.,0.141884274683975,0.260966386533545),
 .UNSPECIFIED.);
#268=B_SPLINE_CURVE_WITH_KNOTS('',3,(#8030,#8031,#8032,#8033,#8034),
 .UNSPECIFIED.,.F.,.F.,(4,1,4),(0.,0.110610912934774,0.241565742906204),
 .UNSPECIFIED.);
#269=B_SPLINE_CURVE_WITH_KNOTS('',3,(#8037,#8038,#8039,#8040,#8041),
 .UNSPECIFIED.,.F.,.F.,(4,1,4),(0.,0.0687881828562809,0.137465290281611),
 .UNSPECIFIED.);
#270=B_SPLINE_CURVE_WITH_KNOTS('',3,(#8043,#8044,#8045,#8046,#8047),
 .UNSPECIFIED.,.F.,.F.,(4,1,4),(0.,0.0687457419270739,0.136813078769996),
 .UNSPECIFIED.);
#271=B_SPLINE_CURVE_WITH_KNOTS('',3,(#8049,#8050,#8051,#8052,#8053),
 .UNSPECIFIED.,.F.,.F.,(4,1,4),(0.,0.0952605263660907,0.172866890845647),
 .UNSPECIFIED.);
#272=B_SPLINE_CURVE_WITH_KNOTS('',3,(#8055,#8056,#8057,#8058,#8059),
 .UNSPECIFIED.,.F.,.F.,(4,1,4),(0.,0.0791403695201105,0.179333061562641),
 .UNSPECIFIED.);
#273=B_SPLINE_CURVE_WITH_KNOTS('',3,(#8061,#8062,#8063,#8064,#8065),
 .UNSPECIFIED.,.F.,.F.,(4,1,4),(0.,0.068415251111888,0.137230651285391),
 .UNSPECIFIED.);
#274=B_SPLINE_CURVE_WITH_KNOTS('',3,(#8067,#8068,#8069,#8070,#8071),
 .UNSPECIFIED.,.F.,.F.,(4,1,4),(0.,0.0688002744568787,0.137602393987327),
 .UNSPECIFIED.);
#275=B_SPLINE_CURVE_WITH_KNOTS('',3,(#8073,#8074,#8075,#8076,#8077),
 .UNSPECIFIED.,.F.,.F.,(4,1,4),(0.,0.0980940170787684,0.176448110478104),
 .UNSPECIFIED.);
#276=B_SPLINE_CURVE_WITH_KNOTS('',3,(#8078,#8079,#8080,#8081,#8082),
 .UNSPECIFIED.,.F.,.F.,(4,1,4),(0.,0.0781728730521411,0.17619919751883),
 .UNSPECIFIED.);
#277=B_SPLINE_CURVE_WITH_KNOTS('',3,(#8095,#8096,#8097,#8098,#8099),
 .UNSPECIFIED.,.F.,.F.,(4,1,4),(0.,0.11174347606351,0.216347272244405),
 .UNSPECIFIED.);
#278=B_SPLINE_CURVE_WITH_KNOTS('',3,(#8113,#8114,#8115,#8116,#8117),
 .UNSPECIFIED.,.F.,.F.,(4,1,4),(0.,0.0721375621410493,0.145594392542519),
 .UNSPECIFIED.);
#279=B_SPLINE_CURVE_WITH_KNOTS('',3,(#8130,#8131,#8132,#8133,#8134),
 .UNSPECIFIED.,.F.,.F.,(4,1,4),(0.,0.0702968575624268,0.14106135412785),
 .UNSPECIFIED.);
#280=B_SPLINE_CURVE_WITH_KNOTS('',3,(#8147,#8148,#8149,#8150,#8151),
 .UNSPECIFIED.,.F.,.F.,(4,1,4),(0.,0.100283394529157,0.180397441164703),
 .UNSPECIFIED.);
#281=B_SPLINE_CURVE_WITH_KNOTS('',3,(#8164,#8165,#8166,#8167,#8168),
 .UNSPECIFIED.,.F.,.F.,(4,1,4),(0.,0.109230870973317,0.233806782444705),
 .UNSPECIFIED.);
#282=B_SPLINE_CURVE_WITH_KNOTS('',3,(#8181,#8182,#8183,#8184,#8185),
 .UNSPECIFIED.,.F.,.F.,(4,1,4),(0.,0.110345427575815,0.215120540672065),
 .UNSPECIFIED.);
#283=B_SPLINE_CURVE_WITH_KNOTS('',3,(#8198,#8199,#8200,#8201,#8202),
 .UNSPECIFIED.,.F.,.F.,(4,1,4),(0.,0.0959820049074112,0.196596001305074),
 .UNSPECIFIED.);
#284=B_SPLINE_CURVE_WITH_KNOTS('',3,(#8215,#8216,#8217,#8218,#8219),
 .UNSPECIFIED.,.F.,.F.,(4,1,4),(0.,0.141884274683975,0.260966386533545),
 .UNSPECIFIED.);
#285=B_SPLINE_CURVE_WITH_KNOTS('',3,(#8231,#8232,#8233,#8234,#8235),
 .UNSPECIFIED.,.F.,.F.,(4,1,4),(0.,0.110610912934774,0.241565742906204),
 .UNSPECIFIED.);
#286=B_SPLINE_CURVE_WITH_KNOTS('',3,(#8248,#8249,#8250,#8251,#8252),
 .UNSPECIFIED.,.F.,.F.,(4,1,4),(0.,0.0687881828562809,0.137465290281611),
 .UNSPECIFIED.);
#287=B_SPLINE_CURVE_WITH_KNOTS('',3,(#8266,#8267,#8268,#8269,#8270),
 .UNSPECIFIED.,.F.,.F.,(4,1,4),(0.,0.0687457419270739,0.136813078769996),
 .UNSPECIFIED.);
#288=B_SPLINE_CURVE_WITH_KNOTS('',3,(#8283,#8284,#8285,#8286,#8287),
 .UNSPECIFIED.,.F.,.F.,(4,1,4),(0.,0.0952605263660907,0.172866890845647),
 .UNSPECIFIED.);
#289=B_SPLINE_CURVE_WITH_KNOTS('',3,(#8300,#8301,#8302,#8303,#8304),
 .UNSPECIFIED.,.F.,.F.,(4,1,4),(0.,0.0791403695201105,0.179333061562641),
 .UNSPECIFIED.);
#290=B_SPLINE_CURVE_WITH_KNOTS('',3,(#8317,#8318,#8319,#8320,#8321),
 .UNSPECIFIED.,.F.,.F.,(4,1,4),(0.,0.068415251111888,0.137230651285391),
 .UNSPECIFIED.);
#291=B_SPLINE_CURVE_WITH_KNOTS('',3,(#8334,#8335,#8336,#8337,#8338),
 .UNSPECIFIED.,.F.,.F.,(4,1,4),(0.,0.0688002744568787,0.137602393987327),
 .UNSPECIFIED.);
#292=B_SPLINE_CURVE_WITH_KNOTS('',3,(#8351,#8352,#8353,#8354,#8355),
 .UNSPECIFIED.,.F.,.F.,(4,1,4),(0.,0.0980940170787684,0.176448110478104),
 .UNSPECIFIED.);
#293=B_SPLINE_CURVE_WITH_KNOTS('',3,(#8367,#8368,#8369,#8370,#8371),
 .UNSPECIFIED.,.F.,.F.,(4,1,4),(0.,0.0781728730521411,0.17619919751883),
 .UNSPECIFIED.);
#294=B_SPLINE_CURVE_WITH_KNOTS('',3,(#8378,#8379,#8380,#8381,#8382),
 .UNSPECIFIED.,.F.,.F.,(4,1,4),(0.,0.0670679405741202,0.161211313026465),
 .UNSPECIFIED.);
#295=B_SPLINE_CURVE_WITH_KNOTS('',3,(#8384,#8385,#8386,#8387,#8388),
 .UNSPECIFIED.,.F.,.F.,(4,1,4),(0.,0.0593005889317624,0.117429949265276),
 .UNSPECIFIED.);
#296=B_SPLINE_CURVE_WITH_KNOTS('',3,(#8390,#8391,#8392,#8393,#8394),
 .UNSPECIFIED.,.F.,.F.,(4,1,4),(0.,0.0343950970162048,0.071428249710903),
 .UNSPECIFIED.);
#297=B_SPLINE_CURVE_WITH_KNOTS('',3,(#8396,#8397,#8398,#8399,#8400),
 .UNSPECIFIED.,.F.,.F.,(4,1,4),(0.,0.031106316758759,0.0634038014132026),
 .UNSPECIFIED.);
#298=B_SPLINE_CURVE_WITH_KNOTS('',3,(#8402,#8403,#8404,#8405,#8406),
 .UNSPECIFIED.,.F.,.F.,(4,1,4),(0.,0.0525338362101805,0.0908234252241632),
 .UNSPECIFIED.);
#299=B_SPLINE_CURVE_WITH_KNOTS('',3,(#8414,#8415,#8416,#8417,#8418),
 .UNSPECIFIED.,.F.,.F.,(4,1,4),(0.,0.0377396699703395,0.0957366122728481),
 .UNSPECIFIED.);
#300=B_SPLINE_CURVE_WITH_KNOTS('',3,(#8420,#8421,#8422,#8423,#8424),
 .UNSPECIFIED.,.F.,.F.,(4,1,4),(0.,0.0382286026651141,0.0791819554968862),
 .UNSPECIFIED.);
#301=B_SPLINE_CURVE_WITH_KNOTS('',3,(#8426,#8427,#8428,#8429,#8430),
 .UNSPECIFIED.,.F.,.F.,(4,1,4),(0.,0.0441402392421232,0.0830170554128915),
 .UNSPECIFIED.);
#302=B_SPLINE_CURVE_WITH_KNOTS('',3,(#8432,#8433,#8434,#8435,#8436),
 .UNSPECIFIED.,.F.,.F.,(4,1,4),(0.,0.0504927866131547,0.098652851660302),
 .UNSPECIFIED.);
#303=B_SPLINE_CURVE_WITH_KNOTS('',3,(#8438,#8439,#8440,#8441,#8442),
 .UNSPECIFIED.,.F.,.F.,(4,1,4),(0.,0.105922027262106,0.214979310458859),
 .UNSPECIFIED.);
#304=B_SPLINE_CURVE_WITH_KNOTS('',3,(#8467,#8468,#8469,#8470,#8471),
 .UNSPECIFIED.,.F.,.F.,(4,1,4),(0.,0.0670679405741202,0.161211313026465),
 .UNSPECIFIED.);
#305=B_SPLINE_CURVE_WITH_KNOTS('',3,(#8484,#8485,#8486,#8487,#8488),
 .UNSPECIFIED.,.F.,.F.,(4,1,4),(0.,0.0593005889317624,0.117429949265276),
 .UNSPECIFIED.);
#306=B_SPLINE_CURVE_WITH_KNOTS('',3,(#8501,#8502,#8503,#8504,#8505),
 .UNSPECIFIED.,.F.,.F.,(4,1,4),(0.,0.0343950970162048,0.071428249710903),
 .UNSPECIFIED.);
#307=B_SPLINE_CURVE_WITH_KNOTS('',3,(#8518,#8519,#8520,#8521,#8522),
 .UNSPECIFIED.,.F.,.F.,(4,1,4),(0.,0.031106316758759,0.0634038014132026),
 .UNSPECIFIED.);
#308=B_SPLINE_CURVE_WITH_KNOTS('',3,(#8535,#8536,#8537,#8538,#8539),
 .UNSPECIFIED.,.F.,.F.,(4,1,4),(0.,0.0525338362101805,0.0908234252241632),
 .UNSPECIFIED.);
#309=B_SPLINE_CURVE_WITH_KNOTS('',3,(#8564,#8565,#8566,#8567,#8568),
 .UNSPECIFIED.,.F.,.F.,(4,1,4),(0.,0.0377396699703395,0.0957366122728481),
 .UNSPECIFIED.);
#310=B_SPLINE_CURVE_WITH_KNOTS('',3,(#8581,#8582,#8583,#8584,#8585),
 .UNSPECIFIED.,.F.,.F.,(4,1,4),(0.,0.0382286026651141,0.0791819554968862),
 .UNSPECIFIED.);
#311=B_SPLINE_CURVE_WITH_KNOTS('',3,(#8598,#8599,#8600,#8601,#8602),
 .UNSPECIFIED.,.F.,.F.,(4,1,4),(0.,0.0441402392421232,0.0830170554128915),
 .UNSPECIFIED.);
#312=B_SPLINE_CURVE_WITH_KNOTS('',3,(#8615,#8616,#8617,#8618,#8619),
 .UNSPECIFIED.,.F.,.F.,(4,1,4),(0.,0.0504927866131547,0.098652851660302),
 .UNSPECIFIED.);
#313=B_SPLINE_CURVE_WITH_KNOTS('',3,(#8632,#8633,#8634,#8635,#8636),
 .UNSPECIFIED.,.F.,.F.,(4,1,4),(0.,0.105922027262106,0.214979310458859),
 .UNSPECIFIED.);
#314=SHAPE_REPRESENTATION_RELATIONSHIP('SRR','None',#8735,#316);
#315=SHAPE_REPRESENTATION_RELATIONSHIP('SRR','None',#8736,#317);
#316=ADVANCED_BREP_SHAPE_REPRESENTATION('',(#320),#8715);
#317=ADVANCED_BREP_SHAPE_REPRESENTATION('',(#321),#8716);
#318=STYLED_ITEM('',(#8757),#320);
#319=STYLED_ITEM('',(#8757),#321);
#320=MANIFOLD_SOLID_BREP('Body1',#4612);
#321=MANIFOLD_SOLID_BREP('Body1',#4613);
#322=FACE_BOUND('',#772,.T.);
#323=FACE_BOUND('',#773,.T.);
#324=FACE_BOUND('',#774,.T.);
#325=FACE_BOUND('',#775,.T.);
#326=FACE_BOUND('',#776,.T.);
#327=FACE_BOUND('',#777,.T.);
#328=FACE_BOUND('',#778,.T.);
#329=FACE_BOUND('',#779,.T.);
#330=FACE_BOUND('',#780,.T.);
#331=FACE_BOUND('',#781,.T.);
#332=FACE_BOUND('',#782,.T.);
#333=FACE_BOUND('',#783,.T.);
#334=FACE_BOUND('',#784,.T.);
#335=FACE_BOUND('',#786,.T.);
#336=FACE_BOUND('',#787,.T.);
#337=FACE_BOUND('',#788,.T.);
#338=FACE_BOUND('',#789,.T.);
#339=FACE_BOUND('',#790,.T.);
#340=FACE_BOUND('',#791,.T.);
#341=FACE_BOUND('',#792,.T.);
#342=FACE_BOUND('',#793,.T.);
#343=FACE_BOUND('',#794,.T.);
#344=FACE_BOUND('',#795,.T.);
#345=FACE_BOUND('',#796,.T.);
#346=FACE_BOUND('',#797,.T.);
#347=FACE_BOUND('',#798,.T.);
#348=FACE_BOUND('',#800,.T.);
#349=FACE_BOUND('',#801,.T.);
#350=FACE_BOUND('',#802,.T.);
#351=FACE_BOUND('',#803,.T.);
#352=FACE_BOUND('',#821,.T.);
#353=FACE_BOUND('',#846,.T.);
#354=FACE_BOUND('',#868,.T.);
#355=FACE_BOUND('',#884,.T.);
#356=FACE_BOUND('',#924,.T.);
#357=FACE_BOUND('',#973,.T.);
#358=FACE_BOUND('',#974,.T.);
#359=FACE_BOUND('',#975,.T.);
#360=FACE_BOUND('',#976,.T.);
#361=FACE_BOUND('',#977,.T.);
#362=FACE_BOUND('',#978,.T.);
#363=FACE_BOUND('',#979,.T.);
#364=FACE_BOUND('',#984,.T.);
#365=FACE_BOUND('',#985,.T.);
#366=FACE_BOUND('',#986,.T.);
#367=FACE_BOUND('',#987,.T.);
#368=CIRCLE('',#4657,0.499999999999998);
#369=CIRCLE('',#4658,0.499999999999998);
#370=CIRCLE('',#4661,0.499999999999998);
#371=CIRCLE('',#4662,0.499999999999998);
#372=CIRCLE('',#4665,0.499999999999998);
#373=CIRCLE('',#4666,0.499999999999998);
#374=CIRCLE('',#4669,0.499999999999998);
#375=CIRCLE('',#4670,0.499999999999998);
#376=CIRCLE('',#4673,0.5);
#377=CIRCLE('',#4674,0.5);
#378=CIRCLE('',#4677,0.5);
#379=CIRCLE('',#4678,0.5);
#380=CIRCLE('',#4681,0.5);
#381=CIRCLE('',#4682,0.5);
#382=CIRCLE('',#4685,0.5);
#383=CIRCLE('',#4686,0.5);
#384=CIRCLE('',#4689,0.5);
#385=CIRCLE('',#4690,0.5);
#386=CIRCLE('',#4693,0.499999999999998);
#387=CIRCLE('',#4694,0.499999999999998);
#388=CIRCLE('',#4697,0.499999999999998);
#389=CIRCLE('',#4698,0.499999999999998);
#390=CIRCLE('',#4701,0.5);
#391=CIRCLE('',#4702,0.5);
#392=CIRCLE('',#4713,0.5);
#393=CIRCLE('',#4714,0.5);
#394=CIRCLE('',#4717,0.499999999999998);
#395=CIRCLE('',#4718,0.499999999999998);
#396=CIRCLE('',#4721,0.499999999999998);
#397=CIRCLE('',#4722,0.499999999999998);
#398=CIRCLE('',#4725,0.5);
#399=CIRCLE('',#4726,0.5);
#400=CIRCLE('',#4729,0.499999999999998);
#401=CIRCLE('',#4730,0.499999999999998);
#402=CIRCLE('',#4733,0.499999999999998);
#403=CIRCLE('',#4734,0.499999999999998);
#404=CIRCLE('',#4737,0.499999999999998);
#405=CIRCLE('',#4738,0.499999999999998);
#406=CIRCLE('',#4741,0.499999999999998);
#407=CIRCLE('',#4742,0.499999999999998);
#408=CIRCLE('',#4745,0.499999999999998);
#409=CIRCLE('',#4746,0.499999999999998);
#410=CIRCLE('',#4749,0.5);
#411=CIRCLE('',#4750,0.5);
#412=CIRCLE('',#4753,0.5);
#413=CIRCLE('',#4754,0.5);
#414=CIRCLE('',#4757,0.499999999999998);
#415=CIRCLE('',#4758,0.499999999999998);
#416=CIRCLE('',#4760,2.5);
#417=CIRCLE('',#4761,2.5);
#418=CIRCLE('',#4763,2.5);
#419=CIRCLE('',#4764,2.5);
#420=CIRCLE('',#4766,2.5);
#421=CIRCLE('',#4767,2.5);
#422=CIRCLE('',#4769,2.5);
#423=CIRCLE('',#4770,2.5);
#424=CIRCLE('',#4779,2.5);
#425=CIRCLE('',#4780,2.5);
#426=CIRCLE('',#4781,2.5);
#427=CIRCLE('',#4782,2.5);
#428=CIRCLE('',#4846,2.5);
#429=CIRCLE('',#4848,2.5);
#430=CIRCLE('',#4850,2.5);
#431=CIRCLE('',#4852,2.5);
#432=CYLINDRICAL_SURFACE('',#4656,0.499999999999998);
#433=CYLINDRICAL_SURFACE('',#4660,0.499999999999998);
#434=CYLINDRICAL_SURFACE('',#4664,0.499999999999998);
#435=CYLINDRICAL_SURFACE('',#4668,0.499999999999998);
#436=CYLINDRICAL_SURFACE('',#4672,0.5);
#437=CYLINDRICAL_SURFACE('',#4676,0.5);
#438=CYLINDRICAL_SURFACE('',#4680,0.5);
#439=CYLINDRICAL_SURFACE('',#4684,0.5);
#440=CYLINDRICAL_SURFACE('',#4688,0.5);
#441=CYLINDRICAL_SURFACE('',#4692,0.499999999999998);
#442=CYLINDRICAL_SURFACE('',#4696,0.499999999999998);
#443=CYLINDRICAL_SURFACE('',#4700,0.5);
#444=CYLINDRICAL_SURFACE('',#4712,0.5);
#445=CYLINDRICAL_SURFACE('',#4716,0.499999999999998);
#446=CYLINDRICAL_SURFACE('',#4720,0.499999999999998);
#447=CYLINDRICAL_SURFACE('',#4724,0.5);
#448=CYLINDRICAL_SURFACE('',#4728,0.499999999999998);
#449=CYLINDRICAL_SURFACE('',#4732,0.499999999999998);
#450=CYLINDRICAL_SURFACE('',#4736,0.499999999999998);
#451=CYLINDRICAL_SURFACE('',#4740,0.499999999999998);
#452=CYLINDRICAL_SURFACE('',#4744,0.499999999999998);
#453=CYLINDRICAL_SURFACE('',#4748,0.5);
#454=CYLINDRICAL_SURFACE('',#4752,0.5);
#455=CYLINDRICAL_SURFACE('',#4756,0.499999999999998);
#456=CYLINDRICAL_SURFACE('',#4759,2.5);
#457=CYLINDRICAL_SURFACE('',#4762,2.5);
#458=CYLINDRICAL_SURFACE('',#4765,2.5);
#459=CYLINDRICAL_SURFACE('',#4768,2.5);
#460=CYLINDRICAL_SURFACE('',#4845,2.5);
#461=CYLINDRICAL_SURFACE('',#4847,2.5);
#462=CYLINDRICAL_SURFACE('',#4849,2.5);
#463=CYLINDRICAL_SURFACE('',#4851,2.5);
#464=FACE_OUTER_BOUND('',#703,.T.);
#465=FACE_OUTER_BOUND('',#704,.T.);
#466=FACE_OUTER_BOUND('',#705,.T.);
#467=FACE_OUTER_BOUND('',#706,.T.);
#468=FACE_OUTER_BOUND('',#707,.T.);
#469=FACE_OUTER_BOUND('',#708,.T.);
#470=FACE_OUTER_BOUND('',#709,.T.);
#471=FACE_OUTER_BOUND('',#710,.T.);
#472=FACE_OUTER_BOUND('',#711,.T.);
#473=FACE_OUTER_BOUND('',#712,.T.);
#474=FACE_OUTER_BOUND('',#713,.T.);
#475=FACE_OUTER_BOUND('',#714,.T.);
#476=FACE_OUTER_BOUND('',#715,.T.);
#477=FACE_OUTER_BOUND('',#716,.T.);
#478=FACE_OUTER_BOUND('',#717,.T.);
#479=FACE_OUTER_BOUND('',#718,.T.);
#480=FACE_OUTER_BOUND('',#719,.T.);
#481=FACE_OUTER_BOUND('',#720,.T.);
#482=FACE_OUTER_BOUND('',#721,.T.);
#483=FACE_OUTER_BOUND('',#722,.T.);
#484=FACE_OUTER_BOUND('',#723,.T.);
#485=FACE_OUTER_BOUND('',#724,.T.);
#486=FACE_OUTER_BOUND('',#725,.T.);
#487=FACE_OUTER_BOUND('',#726,.T.);
#488=FACE_OUTER_BOUND('',#727,.T.);
#489=FACE_OUTER_BOUND('',#728,.T.);
#490=FACE_OUTER_BOUND('',#729,.T.);
#491=FACE_OUTER_BOUND('',#730,.T.);
#492=FACE_OUTER_BOUND('',#731,.T.);
#493=FACE_OUTER_BOUND('',#732,.T.);
#494=FACE_OUTER_BOUND('',#733,.T.);
#495=FACE_OUTER_BOUND('',#734,.T.);
#496=FACE_OUTER_BOUND('',#735,.T.);
#497=FACE_OUTER_BOUND('',#736,.T.);
#498=FACE_OUTER_BOUND('',#737,.T.);
#499=FACE_OUTER_BOUND('',#738,.T.);
#500=FACE_OUTER_BOUND('',#739,.T.);
#501=FACE_OUTER_BOUND('',#740,.T.);
#502=FACE_OUTER_BOUND('',#741,.T.);
#503=FACE_OUTER_BOUND('',#742,.T.);
#504=FACE_OUTER_BOUND('',#743,.T.);
#505=FACE_OUTER_BOUND('',#744,.T.);
#506=FACE_OUTER_BOUND('',#745,.T.);
#507=FACE_OUTER_BOUND('',#746,.T.);
#508=FACE_OUTER_BOUND('',#747,.T.);
#509=FACE_OUTER_BOUND('',#748,.T.);
#510=FACE_OUTER_BOUND('',#749,.T.);
#511=FACE_OUTER_BOUND('',#750,.T.);
#512=FACE_OUTER_BOUND('',#751,.T.);
#513=FACE_OUTER_BOUND('',#752,.T.);
#514=FACE_OUTER_BOUND('',#753,.T.);
#515=FACE_OUTER_BOUND('',#754,.T.);
#516=FACE_OUTER_BOUND('',#755,.T.);
#517=FACE_OUTER_BOUND('',#756,.T.);
#518=FACE_OUTER_BOUND('',#757,.T.);
#519=FACE_OUTER_BOUND('',#758,.T.);
#520=FACE_OUTER_BOUND('',#759,.T.);
#521=FACE_OUTER_BOUND('',#760,.T.);
#522=FACE_OUTER_BOUND('',#761,.T.);
#523=FACE_OUTER_BOUND('',#762,.T.);
#524=FACE_OUTER_BOUND('',#763,.T.);
#525=FACE_OUTER_BOUND('',#764,.T.);
#526=FACE_OUTER_BOUND('',#765,.T.);
#527=FACE_OUTER_BOUND('',#766,.T.);
#528=FACE_OUTER_BOUND('',#767,.T.);
#529=FACE_OUTER_BOUND('',#768,.T.);
#530=FACE_OUTER_BOUND('',#769,.T.);
#531=FACE_OUTER_BOUND('',#770,.T.);
#532=FACE_OUTER_BOUND('',#771,.T.);
#533=FACE_OUTER_BOUND('',#785,.T.);
#534=FACE_OUTER_BOUND('',#799,.T.);
#535=FACE_OUTER_BOUND('',#804,.T.);
#536=FACE_OUTER_BOUND('',#805,.T.);
#537=FACE_OUTER_BOUND('',#806,.T.);
#538=FACE_OUTER_BOUND('',#807,.T.);
#539=FACE_OUTER_BOUND('',#808,.T.);
#540=FACE_OUTER_BOUND('',#809,.T.);
#541=FACE_OUTER_BOUND('',#810,.T.);
#542=FACE_OUTER_BOUND('',#811,.T.);
#543=FACE_OUTER_BOUND('',#812,.T.);
#544=FACE_OUTER_BOUND('',#813,.T.);
#545=FACE_OUTER_BOUND('',#814,.T.);
#546=FACE_OUTER_BOUND('',#815,.T.);
#547=FACE_OUTER_BOUND('',#816,.T.);
#548=FACE_OUTER_BOUND('',#817,.T.);
#549=FACE_OUTER_BOUND('',#818,.T.);
#550=FACE_OUTER_BOUND('',#819,.T.);
#551=FACE_OUTER_BOUND('',#820,.T.);
#552=FACE_OUTER_BOUND('',#822,.T.);
#553=FACE_OUTER_BOUND('',#823,.T.);
#554=FACE_OUTER_BOUND('',#824,.T.);
#555=FACE_OUTER_BOUND('',#825,.T.);
#556=FACE_OUTER_BOUND('',#826,.T.);
#557=FACE_OUTER_BOUND('',#827,.T.);
#558=FACE_OUTER_BOUND('',#828,.T.);
#559=FACE_OUTER_BOUND('',#829,.T.);
#560=FACE_OUTER_BOUND('',#830,.T.);
#561=FACE_OUTER_BOUND('',#831,.T.);
#562=FACE_OUTER_BOUND('',#832,.T.);
#563=FACE_OUTER_BOUND('',#833,.T.);
#564=FACE_OUTER_BOUND('',#834,.T.);
#565=FACE_OUTER_BOUND('',#835,.T.);
#566=FACE_OUTER_BOUND('',#836,.T.);
#567=FACE_OUTER_BOUND('',#837,.T.);
#568=FACE_OUTER_BOUND('',#838,.T.);
#569=FACE_OUTER_BOUND('',#839,.T.);
#570=FACE_OUTER_BOUND('',#840,.T.);
#571=FACE_OUTER_BOUND('',#841,.T.);
#572=FACE_OUTER_BOUND('',#842,.T.);
#573=FACE_OUTER_BOUND('',#843,.T.);
#574=FACE_OUTER_BOUND('',#844,.T.);
#575=FACE_OUTER_BOUND('',#845,.T.);
#576=FACE_OUTER_BOUND('',#847,.T.);
#577=FACE_OUTER_BOUND('',#848,.T.);
#578=FACE_OUTER_BOUND('',#849,.T.);
#579=FACE_OUTER_BOUND('',#850,.T.);
#580=FACE_OUTER_BOUND('',#851,.T.);
#581=FACE_OUTER_BOUND('',#852,.T.);
#582=FACE_OUTER_BOUND('',#853,.T.);
#583=FACE_OUTER_BOUND('',#854,.T.);
#584=FACE_OUTER_BOUND('',#855,.T.);
#585=FACE_OUTER_BOUND('',#856,.T.);
#586=FACE_OUTER_BOUND('',#857,.T.);
#587=FACE_OUTER_BOUND('',#858,.T.);
#588=FACE_OUTER_BOUND('',#859,.T.);
#589=FACE_OUTER_BOUND('',#860,.T.);
#590=FACE_OUTER_BOUND('',#861,.T.);
#591=FACE_OUTER_BOUND('',#862,.T.);
#592=FACE_OUTER_BOUND('',#863,.T.);
#593=FACE_OUTER_BOUND('',#864,.T.);
#594=FACE_OUTER_BOUND('',#865,.T.);
#595=FACE_OUTER_BOUND('',#866,.T.);
#596=FACE_OUTER_BOUND('',#867,.T.);
#597=FACE_OUTER_BOUND('',#869,.T.);
#598=FACE_OUTER_BOUND('',#870,.T.);
#599=FACE_OUTER_BOUND('',#871,.T.);
#600=FACE_OUTER_BOUND('',#872,.T.);
#601=FACE_OUTER_BOUND('',#873,.T.);
#602=FACE_OUTER_BOUND('',#874,.T.);
#603=FACE_OUTER_BOUND('',#875,.T.);
#604=FACE_OUTER_BOUND('',#876,.T.);
#605=FACE_OUTER_BOUND('',#877,.T.);
#606=FACE_OUTER_BOUND('',#878,.T.);
#607=FACE_OUTER_BOUND('',#879,.T.);
#608=FACE_OUTER_BOUND('',#880,.T.);
#609=FACE_OUTER_BOUND('',#881,.T.);
#610=FACE_OUTER_BOUND('',#882,.T.);
#611=FACE_OUTER_BOUND('',#883,.T.);
#612=FACE_OUTER_BOUND('',#885,.T.);
#613=FACE_OUTER_BOUND('',#886,.T.);
#614=FACE_OUTER_BOUND('',#887,.T.);
#615=FACE_OUTER_BOUND('',#888,.T.);
#616=FACE_OUTER_BOUND('',#889,.T.);
#617=FACE_OUTER_BOUND('',#890,.T.);
#618=FACE_OUTER_BOUND('',#891,.T.);
#619=FACE_OUTER_BOUND('',#892,.T.);
#620=FACE_OUTER_BOUND('',#893,.T.);
#621=FACE_OUTER_BOUND('',#894,.T.);
#622=FACE_OUTER_BOUND('',#895,.T.);
#623=FACE_OUTER_BOUND('',#896,.T.);
#624=FACE_OUTER_BOUND('',#897,.T.);
#625=FACE_OUTER_BOUND('',#898,.T.);
#626=FACE_OUTER_BOUND('',#899,.T.);
#627=FACE_OUTER_BOUND('',#900,.T.);
#628=FACE_OUTER_BOUND('',#901,.T.);
#629=FACE_OUTER_BOUND('',#902,.T.);
#630=FACE_OUTER_BOUND('',#903,.T.);
#631=FACE_OUTER_BOUND('',#904,.T.);
#632=FACE_OUTER_BOUND('',#905,.T.);
#633=FACE_OUTER_BOUND('',#906,.T.);
#634=FACE_OUTER_BOUND('',#907,.T.);
#635=FACE_OUTER_BOUND('',#908,.T.);
#636=FACE_OUTER_BOUND('',#909,.T.);
#637=FACE_OUTER_BOUND('',#910,.T.);
#638=FACE_OUTER_BOUND('',#911,.T.);
#639=FACE_OUTER_BOUND('',#912,.T.);
#640=FACE_OUTER_BOUND('',#913,.T.);
#641=FACE_OUTER_BOUND('',#914,.T.);
#642=FACE_OUTER_BOUND('',#915,.T.);
#643=FACE_OUTER_BOUND('',#916,.T.);
#644=FACE_OUTER_BOUND('',#917,.T.);
#645=FACE_OUTER_BOUND('',#918,.T.);
#646=FACE_OUTER_BOUND('',#919,.T.);
#647=FACE_OUTER_BOUND('',#920,.T.);
#648=FACE_OUTER_BOUND('',#921,.T.);
#649=FACE_OUTER_BOUND('',#922,.T.);
#650=FACE_OUTER_BOUND('',#923,.T.);
#651=FACE_OUTER_BOUND('',#925,.T.);
#652=FACE_OUTER_BOUND('',#926,.T.);
#653=FACE_OUTER_BOUND('',#927,.T.);
#654=FACE_OUTER_BOUND('',#928,.T.);
#655=FACE_OUTER_BOUND('',#929,.T.);
#656=FACE_OUTER_BOUND('',#930,.T.);
#657=FACE_OUTER_BOUND('',#931,.T.);
#658=FACE_OUTER_BOUND('',#932,.T.);
#659=FACE_OUTER_BOUND('',#933,.T.);
#660=FACE_OUTER_BOUND('',#934,.T.);
#661=FACE_OUTER_BOUND('',#935,.T.);
#662=FACE_OUTER_BOUND('',#936,.T.);
#663=FACE_OUTER_BOUND('',#937,.T.);
#664=FACE_OUTER_BOUND('',#938,.T.);
#665=FACE_OUTER_BOUND('',#939,.T.);
#666=FACE_OUTER_BOUND('',#940,.T.);
#667=FACE_OUTER_BOUND('',#941,.T.);
#668=FACE_OUTER_BOUND('',#942,.T.);
#669=FACE_OUTER_BOUND('',#943,.T.);
#670=FACE_OUTER_BOUND('',#944,.T.);
#671=FACE_OUTER_BOUND('',#945,.T.);
#672=FACE_OUTER_BOUND('',#946,.T.);
#673=FACE_OUTER_BOUND('',#947,.T.);
#674=FACE_OUTER_BOUND('',#948,.T.);
#675=FACE_OUTER_BOUND('',#949,.T.);
#676=FACE_OUTER_BOUND('',#950,.T.);
#677=FACE_OUTER_BOUND('',#951,.T.);
#678=FACE_OUTER_BOUND('',#952,.T.);
#679=FACE_OUTER_BOUND('',#953,.T.);
#680=FACE_OUTER_BOUND('',#954,.T.);
#681=FACE_OUTER_BOUND('',#955,.T.);
#682=FACE_OUTER_BOUND('',#956,.T.);
#683=FACE_OUTER_BOUND('',#957,.T.);
#684=FACE_OUTER_BOUND('',#958,.T.);
#685=FACE_OUTER_BOUND('',#959,.T.);
#686=FACE_OUTER_BOUND('',#960,.T.);
#687=FACE_OUTER_BOUND('',#961,.T.);
#688=FACE_OUTER_BOUND('',#962,.T.);
#689=FACE_OUTER_BOUND('',#963,.T.);
#690=FACE_OUTER_BOUND('',#964,.T.);
#691=FACE_OUTER_BOUND('',#965,.T.);
#692=FACE_OUTER_BOUND('',#966,.T.);
#693=FACE_OUTER_BOUND('',#967,.T.);
#694=FACE_OUTER_BOUND('',#968,.T.);
#695=FACE_OUTER_BOUND('',#969,.T.);
#696=FACE_OUTER_BOUND('',#970,.T.);
#697=FACE_OUTER_BOUND('',#971,.T.);
#698=FACE_OUTER_BOUND('',#972,.T.);
#699=FACE_OUTER_BOUND('',#980,.T.);
#700=FACE_OUTER_BOUND('',#981,.T.);
#701=FACE_OUTER_BOUND('',#982,.T.);
#702=FACE_OUTER_BOUND('',#983,.T.);
#703=EDGE_LOOP('',(#2925,#2926,#2927,#2928));
#704=EDGE_LOOP('',(#2929,#2930,#2931,#2932));
#705=EDGE_LOOP('',(#2933,#2934,#2935,#2936));
#706=EDGE_LOOP('',(#2937,#2938,#2939,#2940));
#707=EDGE_LOOP('',(#2941,#2942,#2943,#2944));
#708=EDGE_LOOP('',(#2945,#2946,#2947,#2948));
#709=EDGE_LOOP('',(#2949,#2950,#2951,#2952));
#710=EDGE_LOOP('',(#2953,#2954,#2955,#2956));
#711=EDGE_LOOP('',(#2957,#2958,#2959,#2960));
#712=EDGE_LOOP('',(#2961,#2962,#2963,#2964));
#713=EDGE_LOOP('',(#2965,#2966,#2967,#2968));
#714=EDGE_LOOP('',(#2969,#2970,#2971,#2972));
#715=EDGE_LOOP('',(#2973,#2974,#2975,#2976));
#716=EDGE_LOOP('',(#2977,#2978,#2979,#2980));
#717=EDGE_LOOP('',(#2981,#2982,#2983,#2984));
#718=EDGE_LOOP('',(#2985,#2986,#2987,#2988));
#719=EDGE_LOOP('',(#2989,#2990,#2991,#2992));
#720=EDGE_LOOP('',(#2993,#2994,#2995,#2996));
#721=EDGE_LOOP('',(#2997,#2998,#2999,#3000));
#722=EDGE_LOOP('',(#3001,#3002,#3003,#3004));
#723=EDGE_LOOP('',(#3005,#3006,#3007,#3008));
#724=EDGE_LOOP('',(#3009,#3010,#3011,#3012));
#725=EDGE_LOOP('',(#3013,#3014,#3015,#3016));
#726=EDGE_LOOP('',(#3017,#3018,#3019,#3020));
#727=EDGE_LOOP('',(#3021,#3022,#3023,#3024));
#728=EDGE_LOOP('',(#3025,#3026,#3027,#3028));
#729=EDGE_LOOP('',(#3029,#3030,#3031,#3032));
#730=EDGE_LOOP('',(#3033,#3034,#3035,#3036));
#731=EDGE_LOOP('',(#3037,#3038,#3039,#3040));
#732=EDGE_LOOP('',(#3041,#3042,#3043,#3044));
#733=EDGE_LOOP('',(#3045,#3046,#3047,#3048));
#734=EDGE_LOOP('',(#3049,#3050,#3051,#3052));
#735=EDGE_LOOP('',(#3053,#3054,#3055,#3056));
#736=EDGE_LOOP('',(#3057,#3058,#3059,#3060));
#737=EDGE_LOOP('',(#3061,#3062,#3063,#3064));
#738=EDGE_LOOP('',(#3065,#3066,#3067,#3068));
#739=EDGE_LOOP('',(#3069,#3070,#3071,#3072));
#740=EDGE_LOOP('',(#3073,#3074,#3075,#3076));
#741=EDGE_LOOP('',(#3077,#3078,#3079,#3080));
#742=EDGE_LOOP('',(#3081,#3082,#3083,#3084));
#743=EDGE_LOOP('',(#3085,#3086,#3087,#3088));
#744=EDGE_LOOP('',(#3089,#3090,#3091,#3092));
#745=EDGE_LOOP('',(#3093,#3094,#3095,#3096));
#746=EDGE_LOOP('',(#3097,#3098,#3099,#3100));
#747=EDGE_LOOP('',(#3101,#3102,#3103,#3104));
#748=EDGE_LOOP('',(#3105,#3106,#3107,#3108));
#749=EDGE_LOOP('',(#3109,#3110,#3111,#3112));
#750=EDGE_LOOP('',(#3113,#3114,#3115,#3116));
#751=EDGE_LOOP('',(#3117,#3118,#3119,#3120));
#752=EDGE_LOOP('',(#3121,#3122,#3123,#3124));
#753=EDGE_LOOP('',(#3125,#3126,#3127,#3128));
#754=EDGE_LOOP('',(#3129,#3130,#3131,#3132));
#755=EDGE_LOOP('',(#3133,#3134,#3135,#3136));
#756=EDGE_LOOP('',(#3137,#3138,#3139,#3140));
#757=EDGE_LOOP('',(#3141,#3142,#3143,#3144));
#758=EDGE_LOOP('',(#3145,#3146,#3147,#3148));
#759=EDGE_LOOP('',(#3149,#3150,#3151,#3152));
#760=EDGE_LOOP('',(#3153,#3154,#3155,#3156));
#761=EDGE_LOOP('',(#3157,#3158,#3159,#3160));
#762=EDGE_LOOP('',(#3161,#3162,#3163,#3164));
#763=EDGE_LOOP('',(#3165,#3166,#3167,#3168));
#764=EDGE_LOOP('',(#3169,#3170,#3171,#3172));
#765=EDGE_LOOP('',(#3173,#3174,#3175,#3176));
#766=EDGE_LOOP('',(#3177,#3178,#3179,#3180));
#767=EDGE_LOOP('',(#3181,#3182,#3183,#3184));
#768=EDGE_LOOP('',(#3185,#3186,#3187,#3188));
#769=EDGE_LOOP('',(#3189,#3190,#3191,#3192));
#770=EDGE_LOOP('',(#3193,#3194,#3195,#3196));
#771=EDGE_LOOP('',(#3197,#3198,#3199,#3200));
#772=EDGE_LOOP('',(#3201,#3202,#3203,#3204));
#773=EDGE_LOOP('',(#3205,#3206,#3207,#3208,#3209,#3210,#3211,#3212));
#774=EDGE_LOOP('',(#3213,#3214,#3215,#3216,#3217,#3218,#3219,#3220));
#775=EDGE_LOOP('',(#3221,#3222,#3223,#3224,#3225,#3226,#3227,#3228));
#776=EDGE_LOOP('',(#3229,#3230,#3231,#3232,#3233,#3234,#3235,#3236));
#777=EDGE_LOOP('',(#3237,#3238,#3239,#3240,#3241,#3242,#3243,#3244));
#778=EDGE_LOOP('',(#3245,#3246,#3247,#3248,#3249,#3250,#3251,#3252));
#779=EDGE_LOOP('',(#3253,#3254,#3255,#3256));
#780=EDGE_LOOP('',(#3257));
#781=EDGE_LOOP('',(#3258));
#782=EDGE_LOOP('',(#3259));
#783=EDGE_LOOP('',(#3260));
#784=EDGE_LOOP('',(#3261,#3262,#3263,#3264));
#785=EDGE_LOOP('',(#3265,#3266,#3267,#3268));
#786=EDGE_LOOP('',(#3269,#3270,#3271,#3272,#3273,#3274,#3275,#3276));
#787=EDGE_LOOP('',(#3277,#3278,#3279,#3280,#3281,#3282,#3283,#3284));
#788=EDGE_LOOP('',(#3285,#3286,#3287,#3288,#3289,#3290,#3291,#3292));
#789=EDGE_LOOP('',(#3293,#3294,#3295,#3296));
#790=EDGE_LOOP('',(#3297,#3298,#3299,#3300));
#791=EDGE_LOOP('',(#3301,#3302,#3303,#3304,#3305,#3306,#3307,#3308));
#792=EDGE_LOOP('',(#3309,#3310,#3311,#3312,#3313,#3314,#3315,#3316));
#793=EDGE_LOOP('',(#3317,#3318,#3319,#3320,#3321,#3322,#3323,#3324));
#794=EDGE_LOOP('',(#3325));
#795=EDGE_LOOP('',(#3326));
#796=EDGE_LOOP('',(#3327));
#797=EDGE_LOOP('',(#3328));
#798=EDGE_LOOP('',(#3329,#3330,#3331,#3332));
#799=EDGE_LOOP('',(#3333,#3334,#3335,#3336,#3337,#3338,#3339,#3340,#3341,
#3342,#3343,#3344));
#800=EDGE_LOOP('',(#3345));
#801=EDGE_LOOP('',(#3346));
#802=EDGE_LOOP('',(#3347));
#803=EDGE_LOOP('',(#3348));
#804=EDGE_LOOP('',(#3349,#3350,#3351,#3352));
#805=EDGE_LOOP('',(#3353,#3354,#3355,#3356));
#806=EDGE_LOOP('',(#3357,#3358,#3359,#3360,#3361,#3362,#3363,#3364,#3365,
#3366,#3367,#3368,#3369));
#807=EDGE_LOOP('',(#3370,#3371,#3372,#3373));
#808=EDGE_LOOP('',(#3374,#3375,#3376,#3377));
#809=EDGE_LOOP('',(#3378,#3379,#3380,#3381));
#810=EDGE_LOOP('',(#3382,#3383,#3384,#3385));
#811=EDGE_LOOP('',(#3386,#3387,#3388,#3389));
#812=EDGE_LOOP('',(#3390,#3391,#3392,#3393));
#813=EDGE_LOOP('',(#3394,#3395,#3396,#3397));
#814=EDGE_LOOP('',(#3398,#3399,#3400,#3401));
#815=EDGE_LOOP('',(#3402,#3403,#3404,#3405));
#816=EDGE_LOOP('',(#3406,#3407,#3408,#3409));
#817=EDGE_LOOP('',(#3410,#3411,#3412,#3413));
#818=EDGE_LOOP('',(#3414,#3415,#3416,#3417));
#819=EDGE_LOOP('',(#3418,#3419,#3420,#3421));
#820=EDGE_LOOP('',(#3422,#3423,#3424,#3425,#3426,#3427,#3428,#3429,#3430,
#3431,#3432,#3433,#3434,#3435));
#821=EDGE_LOOP('',(#3436,#3437,#3438,#3439,#3440,#3441,#3442,#3443));
#822=EDGE_LOOP('',(#3444,#3445,#3446,#3447));
#823=EDGE_LOOP('',(#3448,#3449,#3450,#3451));
#824=EDGE_LOOP('',(#3452,#3453,#3454,#3455));
#825=EDGE_LOOP('',(#3456,#3457,#3458,#3459));
#826=EDGE_LOOP('',(#3460,#3461,#3462,#3463));
#827=EDGE_LOOP('',(#3464,#3465,#3466,#3467));
#828=EDGE_LOOP('',(#3468,#3469,#3470,#3471));
#829=EDGE_LOOP('',(#3472,#3473,#3474,#3475));
#830=EDGE_LOOP('',(#3476,#3477,#3478,#3479));
#831=EDGE_LOOP('',(#3480,#3481,#3482,#3483));
#832=EDGE_LOOP('',(#3484,#3485,#3486,#3487));
#833=EDGE_LOOP('',(#3488,#3489,#3490,#3491));
#834=EDGE_LOOP('',(#3492,#3493,#3494,#3495));
#835=EDGE_LOOP('',(#3496,#3497,#3498,#3499));
#836=EDGE_LOOP('',(#3500,#3501,#3502,#3503));
#837=EDGE_LOOP('',(#3504,#3505,#3506,#3507));
#838=EDGE_LOOP('',(#3508,#3509,#3510,#3511));
#839=EDGE_LOOP('',(#3512,#3513,#3514,#3515));
#840=EDGE_LOOP('',(#3516,#3517,#3518,#3519));
#841=EDGE_LOOP('',(#3520,#3521,#3522,#3523));
#842=EDGE_LOOP('',(#3524,#3525,#3526,#3527));
#843=EDGE_LOOP('',(#3528,#3529,#3530,#3531));
#844=EDGE_LOOP('',(#3532,#3533,#3534,#3535,#3536,#3537,#3538,#3539));
#845=EDGE_LOOP('',(#3540,#3541,#3542,#3543,#3544,#3545,#3546,#3547,#3548,
#3549,#3550));
#846=EDGE_LOOP('',(#3551,#3552,#3553,#3554,#3555,#3556,#3557,#3558));
#847=EDGE_LOOP('',(#3559,#3560,#3561,#3562));
#848=EDGE_LOOP('',(#3563,#3564,#3565,#3566));
#849=EDGE_LOOP('',(#3567,#3568,#3569,#3570));
#850=EDGE_LOOP('',(#3571,#3572,#3573,#3574));
#851=EDGE_LOOP('',(#3575,#3576,#3577,#3578));
#852=EDGE_LOOP('',(#3579,#3580,#3581,#3582));
#853=EDGE_LOOP('',(#3583,#3584,#3585,#3586));
#854=EDGE_LOOP('',(#3587,#3588,#3589,#3590));
#855=EDGE_LOOP('',(#3591,#3592,#3593,#3594));
#856=EDGE_LOOP('',(#3595,#3596,#3597,#3598));
#857=EDGE_LOOP('',(#3599,#3600,#3601,#3602));
#858=EDGE_LOOP('',(#3603,#3604,#3605,#3606));
#859=EDGE_LOOP('',(#3607,#3608,#3609,#3610));
#860=EDGE_LOOP('',(#3611,#3612,#3613,#3614));
#861=EDGE_LOOP('',(#3615,#3616,#3617,#3618));
#862=EDGE_LOOP('',(#3619,#3620,#3621,#3622));
#863=EDGE_LOOP('',(#3623,#3624,#3625,#3626));
#864=EDGE_LOOP('',(#3627,#3628,#3629,#3630));
#865=EDGE_LOOP('',(#3631,#3632,#3633,#3634));
#866=EDGE_LOOP('',(#3635,#3636,#3637,#3638,#3639,#3640,#3641,#3642));
#867=EDGE_LOOP('',(#3643,#3644,#3645,#3646,#3647,#3648,#3649,#3650));
#868=EDGE_LOOP('',(#3651,#3652,#3653,#3654,#3655));
#869=EDGE_LOOP('',(#3656,#3657,#3658,#3659));
#870=EDGE_LOOP('',(#3660,#3661,#3662,#3663));
#871=EDGE_LOOP('',(#3664,#3665,#3666,#3667));
#872=EDGE_LOOP('',(#3668,#3669,#3670,#3671));
#873=EDGE_LOOP('',(#3672,#3673,#3674,#3675));
#874=EDGE_LOOP('',(#3676,#3677,#3678,#3679));
#875=EDGE_LOOP('',(#3680,#3681,#3682,#3683));
#876=EDGE_LOOP('',(#3684,#3685,#3686,#3687));
#877=EDGE_LOOP('',(#3688,#3689,#3690,#3691));
#878=EDGE_LOOP('',(#3692,#3693,#3694,#3695));
#879=EDGE_LOOP('',(#3696,#3697,#3698,#3699));
#880=EDGE_LOOP('',(#3700,#3701,#3702,#3703));
#881=EDGE_LOOP('',(#3704,#3705,#3706,#3707));
#882=EDGE_LOOP('',(#3708,#3709,#3710,#3711,#3712));
#883=EDGE_LOOP('',(#3713,#3714,#3715,#3716,#3717,#3718,#3719,#3720,#3721,
#3722,#3723,#3724,#3725,#3726,#3727,#3728,#3729,#3730,#3731,#3732,#3733,
#3734,#3735,#3736,#3737,#3738,#3739));
#884=EDGE_LOOP('',(#3740,#3741,#3742,#3743,#3744,#3745,#3746,#3747,#3748,
#3749));
#885=EDGE_LOOP('',(#3750,#3751,#3752,#3753));
#886=EDGE_LOOP('',(#3754,#3755,#3756,#3757));
#887=EDGE_LOOP('',(#3758,#3759,#3760,#3761));
#888=EDGE_LOOP('',(#3762,#3763,#3764,#3765));
#889=EDGE_LOOP('',(#3766,#3767,#3768,#3769));
#890=EDGE_LOOP('',(#3770,#3771,#3772,#3773));
#891=EDGE_LOOP('',(#3774,#3775,#3776,#3777));
#892=EDGE_LOOP('',(#3778,#3779,#3780,#3781));
#893=EDGE_LOOP('',(#3782,#3783,#3784,#3785));
#894=EDGE_LOOP('',(#3786,#3787,#3788,#3789));
#895=EDGE_LOOP('',(#3790,#3791,#3792,#3793));
#896=EDGE_LOOP('',(#3794,#3795,#3796,#3797));
#897=EDGE_LOOP('',(#3798,#3799,#3800,#3801));
#898=EDGE_LOOP('',(#3802,#3803,#3804,#3805));
#899=EDGE_LOOP('',(#3806,#3807,#3808,#3809));
#900=EDGE_LOOP('',(#3810,#3811,#3812,#3813));
#901=EDGE_LOOP('',(#3814,#3815,#3816,#3817));
#902=EDGE_LOOP('',(#3818,#3819,#3820,#3821));
#903=EDGE_LOOP('',(#3822,#3823,#3824,#3825));
#904=EDGE_LOOP('',(#3826,#3827,#3828,#3829));
#905=EDGE_LOOP('',(#3830,#3831,#3832,#3833));
#906=EDGE_LOOP('',(#3834,#3835,#3836,#3837));
#907=EDGE_LOOP('',(#3838,#3839,#3840,#3841));
#908=EDGE_LOOP('',(#3842,#3843,#3844,#3845));
#909=EDGE_LOOP('',(#3846,#3847,#3848,#3849));
#910=EDGE_LOOP('',(#3850,#3851,#3852,#3853));
#911=EDGE_LOOP('',(#3854,#3855,#3856,#3857));
#912=EDGE_LOOP('',(#3858,#3859,#3860,#3861));
#913=EDGE_LOOP('',(#3862,#3863,#3864,#3865));
#914=EDGE_LOOP('',(#3866,#3867,#3868,#3869));
#915=EDGE_LOOP('',(#3870,#3871,#3872,#3873));
#916=EDGE_LOOP('',(#3874,#3875,#3876,#3877));
#917=EDGE_LOOP('',(#3878,#3879,#3880,#3881));
#918=EDGE_LOOP('',(#3882,#3883,#3884,#3885));
#919=EDGE_LOOP('',(#3886,#3887,#3888,#3889));
#920=EDGE_LOOP('',(#3890,#3891,#3892,#3893));
#921=EDGE_LOOP('',(#3894,#3895,#3896,#3897));
#922=EDGE_LOOP('',(#3898,#3899,#3900,#3901,#3902,#3903,#3904,#3905,#3906,
#3907));
#923=EDGE_LOOP('',(#3908,#3909,#3910,#3911,#3912,#3913,#3914,#3915,#3916));
#924=EDGE_LOOP('',(#3917,#3918,#3919,#3920,#3921,#3922,#3923,#3924));
#925=EDGE_LOOP('',(#3925,#3926,#3927,#3928));
#926=EDGE_LOOP('',(#3929,#3930,#3931,#3932));
#927=EDGE_LOOP('',(#3933,#3934,#3935,#3936));
#928=EDGE_LOOP('',(#3937,#3938,#3939,#3940));
#929=EDGE_LOOP('',(#3941,#3942,#3943,#3944));
#930=EDGE_LOOP('',(#3945,#3946,#3947,#3948));
#931=EDGE_LOOP('',(#3949,#3950,#3951,#3952));
#932=EDGE_LOOP('',(#3953,#3954,#3955,#3956));
#933=EDGE_LOOP('',(#3957,#3958,#3959,#3960));
#934=EDGE_LOOP('',(#3961,#3962,#3963,#3964));
#935=EDGE_LOOP('',(#3965,#3966,#3967,#3968));
#936=EDGE_LOOP('',(#3969,#3970,#3971,#3972));
#937=EDGE_LOOP('',(#3973,#3974,#3975,#3976));
#938=EDGE_LOOP('',(#3977,#3978,#3979,#3980));
#939=EDGE_LOOP('',(#3981,#3982,#3983,#3984));
#940=EDGE_LOOP('',(#3985,#3986,#3987,#3988));
#941=EDGE_LOOP('',(#3989,#3990,#3991,#3992));
#942=EDGE_LOOP('',(#3993,#3994,#3995,#3996,#3997,#3998,#3999,#4000));
#943=EDGE_LOOP('',(#4001,#4002,#4003,#4004,#4005,#4006,#4007,#4008,#4009,
#4010,#4011,#4012,#4013,#4014,#4015,#4016,#4017,#4018));
#944=EDGE_LOOP('',(#4019,#4020,#4021,#4022));
#945=EDGE_LOOP('',(#4023,#4024,#4025,#4026));
#946=EDGE_LOOP('',(#4027,#4028,#4029,#4030));
#947=EDGE_LOOP('',(#4031,#4032,#4033,#4034));
#948=EDGE_LOOP('',(#4035,#4036,#4037,#4038));
#949=EDGE_LOOP('',(#4039,#4040,#4041,#4042));
#950=EDGE_LOOP('',(#4043,#4044,#4045,#4046));
#951=EDGE_LOOP('',(#4047,#4048,#4049,#4050));
#952=EDGE_LOOP('',(#4051,#4052,#4053,#4054));
#953=EDGE_LOOP('',(#4055,#4056,#4057,#4058));
#954=EDGE_LOOP('',(#4059,#4060,#4061,#4062));
#955=EDGE_LOOP('',(#4063,#4064,#4065,#4066));
#956=EDGE_LOOP('',(#4067,#4068,#4069,#4070));
#957=EDGE_LOOP('',(#4071,#4072,#4073,#4074));
#958=EDGE_LOOP('',(#4075,#4076,#4077,#4078));
#959=EDGE_LOOP('',(#4079,#4080,#4081,#4082));
#960=EDGE_LOOP('',(#4083,#4084,#4085,#4086));
#961=EDGE_LOOP('',(#4087,#4088,#4089,#4090));
#962=EDGE_LOOP('',(#4091,#4092,#4093,#4094));
#963=EDGE_LOOP('',(#4095,#4096,#4097,#4098));
#964=EDGE_LOOP('',(#4099,#4100,#4101,#4102,#4103,#4104,#4105,#4106));
#965=EDGE_LOOP('',(#4107,#4108,#4109,#4110));
#966=EDGE_LOOP('',(#4111,#4112,#4113,#4114));
#967=EDGE_LOOP('',(#4115,#4116,#4117,#4118));
#968=EDGE_LOOP('',(#4119,#4120,#4121,#4122));
#969=EDGE_LOOP('',(#4123,#4124,#4125,#4126));
#970=EDGE_LOOP('',(#4127,#4128,#4129,#4130));
#971=EDGE_LOOP('',(#4131,#4132,#4133,#4134));
#972=EDGE_LOOP('',(#4135,#4136,#4137,#4138));
#973=EDGE_LOOP('',(#4139,#4140,#4141,#4142,#4143,#4144,#4145,#4146,#4147,
#4148,#4149,#4150,#4151));
#974=EDGE_LOOP('',(#4152,#4153,#4154,#4155,#4156,#4157,#4158,#4159,#4160,
#4161,#4162,#4163,#4164,#4165,#4166,#4167,#4168,#4169));
#975=EDGE_LOOP('',(#4170,#4171,#4172,#4173,#4174,#4175,#4176,#4177,#4178));
#976=EDGE_LOOP('',(#4179,#4180,#4181,#4182,#4183,#4184,#4185,#4186,#4187,
#4188,#4189,#4190,#4191,#4192,#4193,#4194,#4195,#4196,#4197,#4198,#4199,
#4200,#4201,#4202,#4203,#4204,#4205));
#977=EDGE_LOOP('',(#4206,#4207,#4208,#4209,#4210,#4211,#4212,#4213));
#978=EDGE_LOOP('',(#4214,#4215,#4216,#4217,#4218,#4219,#4220,#4221,#4222,
#4223,#4224));
#979=EDGE_LOOP('',(#4225,#4226,#4227,#4228,#4229,#4230,#4231,#4232,#4233,
#4234,#4235,#4236,#4237,#4238));
#980=EDGE_LOOP('',(#4239,#4240,#4241,#4242));
#981=EDGE_LOOP('',(#4243,#4244,#4245,#4246));
#982=EDGE_LOOP('',(#4247,#4248,#4249,#4250,#4251,#4252,#4253,#4254));
#983=EDGE_LOOP('',(#4255,#4256,#4257,#4258));
#984=EDGE_LOOP('',(#4259));
#985=EDGE_LOOP('',(#4260));
#986=EDGE_LOOP('',(#4261));
#987=EDGE_LOOP('',(#4262));
#988=LINE('',#5704,#1399);
#989=LINE('',#5706,#1400);
#990=LINE('',#5708,#1401);
#991=LINE('',#5709,#1402);
#992=LINE('',#5712,#1403);
#993=LINE('',#5714,#1404);
#994=LINE('',#5715,#1405);
#995=LINE('',#5718,#1406);
#996=LINE('',#5720,#1407);
#997=LINE('',#5721,#1408);
#998=LINE('',#5723,#1409);
#999=LINE('',#5724,#1410);
#1000=LINE('',#5728,#1411);
#1001=LINE('',#5730,#1412);
#1002=LINE('',#5732,#1413);
#1003=LINE('',#5733,#1414);
#1004=LINE('',#5739,#1415);
#1005=LINE('',#5742,#1416);
#1006=LINE('',#5744,#1417);
#1007=LINE('',#5745,#1418);
#1008=LINE('',#5751,#1419);
#1009=LINE('',#5754,#1420);
#1010=LINE('',#5756,#1421);
#1011=LINE('',#5757,#1422);
#1012=LINE('',#5762,#1423);
#1013=LINE('',#5766,#1424);
#1014=LINE('',#5768,#1425);
#1015=LINE('',#5769,#1426);
#1016=LINE('',#5776,#1427);
#1017=LINE('',#5778,#1428);
#1018=LINE('',#5780,#1429);
#1019=LINE('',#5781,#1430);
#1020=LINE('',#5787,#1431);
#1021=LINE('',#5790,#1432);
#1022=LINE('',#5792,#1433);
#1023=LINE('',#5793,#1434);
#1024=LINE('',#5799,#1435);
#1025=LINE('',#5802,#1436);
#1026=LINE('',#5804,#1437);
#1027=LINE('',#5805,#1438);
#1028=LINE('',#5810,#1439);
#1029=LINE('',#5814,#1440);
#1030=LINE('',#5816,#1441);
#1031=LINE('',#5817,#1442);
#1032=LINE('',#5824,#1443);
#1033=LINE('',#5826,#1444);
#1034=LINE('',#5828,#1445);
#1035=LINE('',#5829,#1446);
#1036=LINE('',#5835,#1447);
#1037=LINE('',#5838,#1448);
#1038=LINE('',#5840,#1449);
#1039=LINE('',#5841,#1450);
#1040=LINE('',#5847,#1451);
#1041=LINE('',#5850,#1452);
#1042=LINE('',#5852,#1453);
#1043=LINE('',#5853,#1454);
#1044=LINE('',#5858,#1455);
#1045=LINE('',#5862,#1456);
#1046=LINE('',#5864,#1457);
#1047=LINE('',#5865,#1458);
#1048=LINE('',#5872,#1459);
#1049=LINE('',#5874,#1460);
#1050=LINE('',#5876,#1461);
#1051=LINE('',#5877,#1462);
#1052=LINE('',#5880,#1463);
#1053=LINE('',#5882,#1464);
#1054=LINE('',#5883,#1465);
#1055=LINE('',#5886,#1466);
#1056=LINE('',#5888,#1467);
#1057=LINE('',#5889,#1468);
#1058=LINE('',#5891,#1469);
#1059=LINE('',#5892,#1470);
#1060=LINE('',#5896,#1471);
#1061=LINE('',#5898,#1472);
#1062=LINE('',#5900,#1473);
#1063=LINE('',#5901,#1474);
#1064=LINE('',#5904,#1475);
#1065=LINE('',#5906,#1476);
#1066=LINE('',#5907,#1477);
#1067=LINE('',#5910,#1478);
#1068=LINE('',#5912,#1479);
#1069=LINE('',#5913,#1480);
#1070=LINE('',#5915,#1481);
#1071=LINE('',#5916,#1482);
#1072=LINE('',#5920,#1483);
#1073=LINE('',#5922,#1484);
#1074=LINE('',#5924,#1485);
#1075=LINE('',#5925,#1486);
#1076=LINE('',#5931,#1487);
#1077=LINE('',#5934,#1488);
#1078=LINE('',#5936,#1489);
#1079=LINE('',#5937,#1490);
#1080=LINE('',#5943,#1491);
#1081=LINE('',#5946,#1492);
#1082=LINE('',#5948,#1493);
#1083=LINE('',#5949,#1494);
#1084=LINE('',#5954,#1495);
#1085=LINE('',#5958,#1496);
#1086=LINE('',#5960,#1497);
#1087=LINE('',#5961,#1498);
#1088=LINE('',#5968,#1499);
#1089=LINE('',#5970,#1500);
#1090=LINE('',#5972,#1501);
#1091=LINE('',#5973,#1502);
#1092=LINE('',#5979,#1503);
#1093=LINE('',#5982,#1504);
#1094=LINE('',#5984,#1505);
#1095=LINE('',#5985,#1506);
#1096=LINE('',#5991,#1507);
#1097=LINE('',#5994,#1508);
#1098=LINE('',#5996,#1509);
#1099=LINE('',#5997,#1510);
#1100=LINE('',#6002,#1511);
#1101=LINE('',#6006,#1512);
#1102=LINE('',#6008,#1513);
#1103=LINE('',#6009,#1514);
#1104=LINE('',#6016,#1515);
#1105=LINE('',#6018,#1516);
#1106=LINE('',#6020,#1517);
#1107=LINE('',#6021,#1518);
#1108=LINE('',#6027,#1519);
#1109=LINE('',#6030,#1520);
#1110=LINE('',#6032,#1521);
#1111=LINE('',#6033,#1522);
#1112=LINE('',#6039,#1523);
#1113=LINE('',#6042,#1524);
#1114=LINE('',#6044,#1525);
#1115=LINE('',#6045,#1526);
#1116=LINE('',#6050,#1527);
#1117=LINE('',#6054,#1528);
#1118=LINE('',#6056,#1529);
#1119=LINE('',#6057,#1530);
#1120=LINE('',#6065,#1531);
#1121=LINE('',#6071,#1532);
#1122=LINE('',#6077,#1533);
#1123=LINE('',#6083,#1534);
#1124=LINE('',#6088,#1535);
#1125=LINE('',#6090,#1536);
#1126=LINE('',#6092,#1537);
#1127=LINE('',#6093,#1538);
#1128=LINE('',#6096,#1539);
#1129=LINE('',#6098,#1540);
#1130=LINE('',#6099,#1541);
#1131=LINE('',#6102,#1542);
#1132=LINE('',#6104,#1543);
#1133=LINE('',#6105,#1544);
#1134=LINE('',#6107,#1545);
#1135=LINE('',#6108,#1546);
#1136=LINE('',#6115,#1547);
#1137=LINE('',#6117,#1548);
#1138=LINE('',#6119,#1549);
#1139=LINE('',#6121,#1550);
#1140=LINE('',#6123,#1551);
#1141=LINE('',#6125,#1552);
#1142=LINE('',#6127,#1553);
#1143=LINE('',#6129,#1554);
#1144=LINE('',#6131,#1555);
#1145=LINE('',#6133,#1556);
#1146=LINE('',#6135,#1557);
#1147=LINE('',#6136,#1558);
#1148=LINE('',#6147,#1559);
#1149=LINE('',#6149,#1560);
#1150=LINE('',#6150,#1561);
#1151=LINE('',#6153,#1562);
#1152=LINE('',#6155,#1563);
#1153=LINE('',#6156,#1564);
#1154=LINE('',#6160,#1565);
#1155=LINE('',#6186,#1566);
#1156=LINE('',#6206,#1567);
#1157=LINE('',#6208,#1568);
#1158=LINE('',#6210,#1569);
#1159=LINE('',#6211,#1570);
#1160=LINE('',#6215,#1571);
#1161=LINE('',#6216,#1572);
#1162=LINE('',#6217,#1573);
#1163=LINE('',#6234,#1574);
#1164=LINE('',#6251,#1575);
#1165=LINE('',#6268,#1576);
#1166=LINE('',#6285,#1577);
#1167=LINE('',#6288,#1578);
#1168=LINE('',#6289,#1579);
#1169=LINE('',#6306,#1580);
#1170=LINE('',#6323,#1581);
#1171=LINE('',#6340,#1582);
#1172=LINE('',#6343,#1583);
#1173=LINE('',#6344,#1584);
#1174=LINE('',#6347,#1585);
#1175=LINE('',#6348,#1586);
#1176=LINE('',#6351,#1587);
#1177=LINE('',#6352,#1588);
#1178=LINE('',#6354,#1589);
#1179=LINE('',#6358,#1590);
#1180=LINE('',#6360,#1591);
#1181=LINE('',#6362,#1592);
#1182=LINE('',#6418,#1593);
#1183=LINE('',#6419,#1594);
#1184=LINE('',#6471,#1595);
#1185=LINE('',#6472,#1596);
#1186=LINE('',#6473,#1597);
#1187=LINE('',#6476,#1598);
#1188=LINE('',#6477,#1599);
#1189=LINE('',#6480,#1600);
#1190=LINE('',#6481,#1601);
#1191=LINE('',#6498,#1602);
#1192=LINE('',#6515,#1603);
#1193=LINE('',#6532,#1604);
#1194=LINE('',#6549,#1605);
#1195=LINE('',#6566,#1606);
#1196=LINE('',#6583,#1607);
#1197=LINE('',#6600,#1608);
#1198=LINE('',#6617,#1609);
#1199=LINE('',#6634,#1610);
#1200=LINE('',#6637,#1611);
#1201=LINE('',#6638,#1612);
#1202=LINE('',#6640,#1613);
#1203=LINE('',#6658,#1614);
#1204=LINE('',#6659,#1615);
#1205=LINE('',#6676,#1616);
#1206=LINE('',#6693,#1617);
#1207=LINE('',#6710,#1618);
#1208=LINE('',#6727,#1619);
#1209=LINE('',#6744,#1620);
#1210=LINE('',#6761,#1621);
#1211=LINE('',#6781,#1622);
#1212=LINE('',#6783,#1623);
#1213=LINE('',#6821,#1624);
#1214=LINE('',#6823,#1625);
#1215=LINE('',#6824,#1626);
#1216=LINE('',#6827,#1627);
#1217=LINE('',#6859,#1628);
#1218=LINE('',#6860,#1629);
#1219=LINE('',#6864,#1630);
#1220=LINE('',#6865,#1631);
#1221=LINE('',#6866,#1632);
#1222=LINE('',#6869,#1633);
#1223=LINE('',#6870,#1634);
#1224=LINE('',#6887,#1635);
#1225=LINE('',#6904,#1636);
#1226=LINE('',#6921,#1637);
#1227=LINE('',#6938,#1638);
#1228=LINE('',#6955,#1639);
#1229=LINE('',#6972,#1640);
#1230=LINE('',#6975,#1641);
#1231=LINE('',#6976,#1642);
#1232=LINE('',#6979,#1643);
#1233=LINE('',#6980,#1644);
#1234=LINE('',#6982,#1645);
#1235=LINE('',#6986,#1646);
#1236=LINE('',#6987,#1647);
#1237=LINE('',#6988,#1648);
#1238=LINE('',#7005,#1649);
#1239=LINE('',#7022,#1650);
#1240=LINE('',#7039,#1651);
#1241=LINE('',#7056,#1652);
#1242=LINE('',#7073,#1653);
#1243=LINE('',#7076,#1654);
#1244=LINE('',#7077,#1655);
#1245=LINE('',#7079,#1656);
#1246=LINE('',#7084,#1657);
#1247=LINE('',#7086,#1658);
#1248=LINE('',#7088,#1659);
#1249=LINE('',#7090,#1660);
#1250=LINE('',#7092,#1661);
#1251=LINE('',#7094,#1662);
#1252=LINE('',#7096,#1663);
#1253=LINE('',#7097,#1664);
#1254=LINE('',#7112,#1665);
#1255=LINE('',#7114,#1666);
#1256=LINE('',#7115,#1667);
#1257=LINE('',#7119,#1668);
#1258=LINE('',#7120,#1669);
#1259=LINE('',#7121,#1670);
#1260=LINE('',#7124,#1671);
#1261=LINE('',#7125,#1672);
#1262=LINE('',#7128,#1673);
#1263=LINE('',#7129,#1674);
#1264=LINE('',#7132,#1675);
#1265=LINE('',#7133,#1676);
#1266=LINE('',#7136,#1677);
#1267=LINE('',#7137,#1678);
#1268=LINE('',#7140,#1679);
#1269=LINE('',#7141,#1680);
#1270=LINE('',#7144,#1681);
#1271=LINE('',#7145,#1682);
#1272=LINE('',#7147,#1683);
#1273=LINE('',#7165,#1684);
#1274=LINE('',#7166,#1685);
#1275=LINE('',#7183,#1686);
#1276=LINE('',#7186,#1687);
#1277=LINE('',#7187,#1688);
#1278=LINE('',#7190,#1689);
#1279=LINE('',#7191,#1690);
#1280=LINE('',#7193,#1691);
#1281=LINE('',#7198,#1692);
#1282=LINE('',#7212,#1693);
#1283=LINE('',#7256,#1694);
#1284=LINE('',#7401,#1695);
#1285=LINE('',#7405,#1696);
#1286=LINE('',#7406,#1697);
#1287=LINE('',#7407,#1698);
#1288=LINE('',#7424,#1699);
#1289=LINE('',#7441,#1700);
#1290=LINE('',#7444,#1701);
#1291=LINE('',#7445,#1702);
#1292=LINE('',#7462,#1703);
#1293=LINE('',#7479,#1704);
#1294=LINE('',#7496,#1705);
#1295=LINE('',#7513,#1706);
#1296=LINE('',#7530,#1707);
#1297=LINE('',#7547,#1708);
#1298=LINE('',#7564,#1709);
#1299=LINE('',#7567,#1710);
#1300=LINE('',#7568,#1711);
#1301=LINE('',#7585,#1712);
#1302=LINE('',#7602,#1713);
#1303=LINE('',#7619,#1714);
#1304=LINE('',#7636,#1715);
#1305=LINE('',#7653,#1716);
#1306=LINE('',#7670,#1717);
#1307=LINE('',#7687,#1718);
#1308=LINE('',#7704,#1719);
#1309=LINE('',#7721,#1720);
#1310=LINE('',#7738,#1721);
#1311=LINE('',#7755,#1722);
#1312=LINE('',#7772,#1723);
#1313=LINE('',#7789,#1724);
#1314=LINE('',#7806,#1725);
#1315=LINE('',#7839,#1726);
#1316=LINE('',#7840,#1727);
#1317=LINE('',#7857,#1728);
#1318=LINE('',#7874,#1729);
#1319=LINE('',#7891,#1730);
#1320=LINE('',#7908,#1731);
#1321=LINE('',#7925,#1732);
#1322=LINE('',#7942,#1733);
#1323=LINE('',#7959,#1734);
#1324=LINE('',#7976,#1735);
#1325=LINE('',#7978,#1736);
#1326=LINE('',#8100,#1737);
#1327=LINE('',#8101,#1738);
#1328=LINE('',#8118,#1739);
#1329=LINE('',#8135,#1740);
#1330=LINE('',#8152,#1741);
#1331=LINE('',#8169,#1742);
#1332=LINE('',#8186,#1743);
#1333=LINE('',#8203,#1744);
#1334=LINE('',#8220,#1745);
#1335=LINE('',#8253,#1746);
#1336=LINE('',#8254,#1747);
#1337=LINE('',#8271,#1748);
#1338=LINE('',#8288,#1749);
#1339=LINE('',#8305,#1750);
#1340=LINE('',#8322,#1751);
#1341=LINE('',#8339,#1752);
#1342=LINE('',#8356,#1753);
#1343=LINE('',#8376,#1754);
#1344=LINE('',#8408,#1755);
#1345=LINE('',#8410,#1756);
#1346=LINE('',#8412,#1757);
#1347=LINE('',#8444,#1758);
#1348=LINE('',#8446,#1759);
#1349=LINE('',#8448,#1760);
#1350=LINE('',#8449,#1761);
#1351=LINE('',#8453,#1762);
#1352=LINE('',#8454,#1763);
#1353=LINE('',#8455,#1764);
#1354=LINE('',#8472,#1765);
#1355=LINE('',#8489,#1766);
#1356=LINE('',#8506,#1767);
#1357=LINE('',#8523,#1768);
#1358=LINE('',#8540,#1769);
#1359=LINE('',#8543,#1770);
#1360=LINE('',#8544,#1771);
#1361=LINE('',#8547,#1772);
#1362=LINE('',#8548,#1773);
#1363=LINE('',#8551,#1774);
#1364=LINE('',#8552,#1775);
#1365=LINE('',#8569,#1776);
#1366=LINE('',#8586,#1777);
#1367=LINE('',#8603,#1778);
#1368=LINE('',#8620,#1779);
#1369=LINE('',#8637,#1780);
#1370=LINE('',#8640,#1781);
#1371=LINE('',#8641,#1782);
#1372=LINE('',#8644,#1783);
#1373=LINE('',#8645,#1784);
#1374=LINE('',#8648,#1785);
#1375=LINE('',#8649,#1786);
#1376=LINE('',#8651,#1787);
#1377=LINE('',#8654,#1788);
#1378=LINE('',#8655,#1789);
#1379=LINE('',#8658,#1790);
#1380=LINE('',#8659,#1791);
#1381=LINE('',#8662,#1792);
#1382=LINE('',#8664,#1793);
#1383=LINE('',#8665,#1794);
#1384=LINE('',#8666,#1795);
#1385=LINE('',#8668,#1796);
#1386=LINE('',#8670,#1797);
#1387=LINE('',#8674,#1798);
#1388=LINE('',#8678,#1799);
#1389=LINE('',#8682,#1800);
#1390=LINE('',#8686,#1801);
#1391=LINE('',#8691,#1802);
#1392=LINE('',#8692,#1803);
#1393=LINE('',#8693,#1804);
#1394=LINE('',#8696,#1805);
#1395=LINE('',#8697,#1806);
#1396=LINE('',#8700,#1807);
#1397=LINE('',#8701,#1808);
#1398=LINE('',#8703,#1809);
#1399=VECTOR('',#4869,10.);
#1400=VECTOR('',#4870,10.);
#1401=VECTOR('',#4871,10.);
#1402=VECTOR('',#4872,10.);
#1403=VECTOR('',#4875,10.);
#1404=VECTOR('',#4876,10.);
#1405=VECTOR('',#4877,10.);
#1406=VECTOR('',#4880,10.);
#1407=VECTOR('',#4881,10.);
#1408=VECTOR('',#4882,10.);
#1409=VECTOR('',#4885,10.);
#1410=VECTOR('',#4886,10.);
#1411=VECTOR('',#4889,10.);
#1412=VECTOR('',#4890,10.);
#1413=VECTOR('',#4891,10.);
#1414=VECTOR('',#4892,10.);
#1415=VECTOR('',#4899,10.);
#1416=VECTOR('',#4902,10.);
#1417=VECTOR('',#4903,10.);
#1418=VECTOR('',#4904,10.);
#1419=VECTOR('',#4911,10.);
#1420=VECTOR('',#4914,10.);
#1421=VECTOR('',#4915,10.);
#1422=VECTOR('',#4916,10.);
#1423=VECTOR('',#4921,10.);
#1424=VECTOR('',#4926,10.);
#1425=VECTOR('',#4927,10.);
#1426=VECTOR('',#4928,10.);
#1427=VECTOR('',#4937,10.);
#1428=VECTOR('',#4938,10.);
#1429=VECTOR('',#4939,10.);
#1430=VECTOR('',#4940,10.);
#1431=VECTOR('',#4947,10.);
#1432=VECTOR('',#4950,10.);
#1433=VECTOR('',#4951,10.);
#1434=VECTOR('',#4952,10.);
#1435=VECTOR('',#4959,10.);
#1436=VECTOR('',#4962,10.);
#1437=VECTOR('',#4963,10.);
#1438=VECTOR('',#4964,10.);
#1439=VECTOR('',#4969,10.);
#1440=VECTOR('',#4974,10.);
#1441=VECTOR('',#4975,10.);
#1442=VECTOR('',#4976,10.);
#1443=VECTOR('',#4985,10.);
#1444=VECTOR('',#4986,10.);
#1445=VECTOR('',#4987,10.);
#1446=VECTOR('',#4988,10.);
#1447=VECTOR('',#4995,10.);
#1448=VECTOR('',#4998,10.);
#1449=VECTOR('',#4999,10.);
#1450=VECTOR('',#5000,10.);
#1451=VECTOR('',#5007,10.);
#1452=VECTOR('',#5010,10.);
#1453=VECTOR('',#5011,10.);
#1454=VECTOR('',#5012,10.);
#1455=VECTOR('',#5017,10.);
#1456=VECTOR('',#5022,10.);
#1457=VECTOR('',#5023,10.);
#1458=VECTOR('',#5024,10.);
#1459=VECTOR('',#5033,10.);
#1460=VECTOR('',#5034,10.);
#1461=VECTOR('',#5035,10.);
#1462=VECTOR('',#5036,10.);
#1463=VECTOR('',#5039,10.);
#1464=VECTOR('',#5040,10.);
#1465=VECTOR('',#5041,10.);
#1466=VECTOR('',#5044,10.);
#1467=VECTOR('',#5045,10.);
#1468=VECTOR('',#5046,10.);
#1469=VECTOR('',#5049,10.);
#1470=VECTOR('',#5050,10.);
#1471=VECTOR('',#5053,10.);
#1472=VECTOR('',#5054,10.);
#1473=VECTOR('',#5055,10.);
#1474=VECTOR('',#5056,10.);
#1475=VECTOR('',#5059,10.);
#1476=VECTOR('',#5060,10.);
#1477=VECTOR('',#5061,10.);
#1478=VECTOR('',#5064,10.);
#1479=VECTOR('',#5065,10.);
#1480=VECTOR('',#5066,10.);
#1481=VECTOR('',#5069,10.);
#1482=VECTOR('',#5070,10.);
#1483=VECTOR('',#5073,10.);
#1484=VECTOR('',#5074,10.);
#1485=VECTOR('',#5075,10.);
#1486=VECTOR('',#5076,10.);
#1487=VECTOR('',#5083,10.);
#1488=VECTOR('',#5086,10.);
#1489=VECTOR('',#5087,10.);
#1490=VECTOR('',#5088,10.);
#1491=VECTOR('',#5095,10.);
#1492=VECTOR('',#5098,10.);
#1493=VECTOR('',#5099,10.);
#1494=VECTOR('',#5100,10.);
#1495=VECTOR('',#5105,10.);
#1496=VECTOR('',#5110,10.);
#1497=VECTOR('',#5111,10.);
#1498=VECTOR('',#5112,10.);
#1499=VECTOR('',#5121,10.);
#1500=VECTOR('',#5122,10.);
#1501=VECTOR('',#5123,10.);
#1502=VECTOR('',#5124,10.);
#1503=VECTOR('',#5131,10.);
#1504=VECTOR('',#5134,10.);
#1505=VECTOR('',#5135,10.);
#1506=VECTOR('',#5136,10.);
#1507=VECTOR('',#5143,10.);
#1508=VECTOR('',#5146,10.);
#1509=VECTOR('',#5147,10.);
#1510=VECTOR('',#5148,10.);
#1511=VECTOR('',#5153,10.);
#1512=VECTOR('',#5158,10.);
#1513=VECTOR('',#5159,10.);
#1514=VECTOR('',#5160,10.);
#1515=VECTOR('',#5169,10.);
#1516=VECTOR('',#5170,10.);
#1517=VECTOR('',#5171,10.);
#1518=VECTOR('',#5172,10.);
#1519=VECTOR('',#5179,10.);
#1520=VECTOR('',#5182,10.);
#1521=VECTOR('',#5183,10.);
#1522=VECTOR('',#5184,10.);
#1523=VECTOR('',#5191,10.);
#1524=VECTOR('',#5194,10.);
#1525=VECTOR('',#5195,10.);
#1526=VECTOR('',#5196,10.);
#1527=VECTOR('',#5201,10.);
#1528=VECTOR('',#5206,10.);
#1529=VECTOR('',#5207,10.);
#1530=VECTOR('',#5208,10.);
#1531=VECTOR('',#5219,2.5);
#1532=VECTOR('',#5226,2.5);
#1533=VECTOR('',#5233,2.5);
#1534=VECTOR('',#5240,2.5);
#1535=VECTOR('',#5245,10.);
#1536=VECTOR('',#5246,10.);
#1537=VECTOR('',#5247,10.);
#1538=VECTOR('',#5248,10.);
#1539=VECTOR('',#5251,10.);
#1540=VECTOR('',#5252,10.);
#1541=VECTOR('',#5253,10.);
#1542=VECTOR('',#5256,10.);
#1543=VECTOR('',#5257,10.);
#1544=VECTOR('',#5258,10.);
#1545=VECTOR('',#5261,10.);
#1546=VECTOR('',#5262,10.);
#1547=VECTOR('',#5271,10.);
#1548=VECTOR('',#5272,10.);
#1549=VECTOR('',#5273,10.);
#1550=VECTOR('',#5274,10.);
#1551=VECTOR('',#5275,10.);
#1552=VECTOR('',#5276,10.);
#1553=VECTOR('',#5277,10.);
#1554=VECTOR('',#5278,10.);
#1555=VECTOR('',#5279,10.);
#1556=VECTOR('',#5280,10.);
#1557=VECTOR('',#5281,10.);
#1558=VECTOR('',#5282,10.);
#1559=VECTOR('',#5293,10.);
#1560=VECTOR('',#5294,10.);
#1561=VECTOR('',#5295,10.);
#1562=VECTOR('',#5298,10.);
#1563=VECTOR('',#5299,10.);
#1564=VECTOR('',#5300,10.);
#1565=VECTOR('',#5303,10.);
#1566=VECTOR('',#5304,10.);
#1567=VECTOR('',#5305,10.);
#1568=VECTOR('',#5306,10.);
#1569=VECTOR('',#5307,10.);
#1570=VECTOR('',#5308,10.);
#1571=VECTOR('',#5311,10.);
#1572=VECTOR('',#5312,10.);
#1573=VECTOR('',#5313,10.);
#1574=VECTOR('',#5314,10.);
#1575=VECTOR('',#5315,10.);
#1576=VECTOR('',#5316,10.);
#1577=VECTOR('',#5317,10.);
#1578=VECTOR('',#5320,10.);
#1579=VECTOR('',#5321,10.);
#1580=VECTOR('',#5322,10.);
#1581=VECTOR('',#5323,10.);
#1582=VECTOR('',#5324,10.);
#1583=VECTOR('',#5327,10.);
#1584=VECTOR('',#5328,10.);
#1585=VECTOR('',#5331,10.);
#1586=VECTOR('',#5332,10.);
#1587=VECTOR('',#5335,10.);
#1588=VECTOR('',#5336,10.);
#1589=VECTOR('',#5339,10.);
#1590=VECTOR('',#5342,10.);
#1591=VECTOR('',#5343,10.);
#1592=VECTOR('',#5344,10.);
#1593=VECTOR('',#5345,10.);
#1594=VECTOR('',#5346,10.);
#1595=VECTOR('',#5349,10.);
#1596=VECTOR('',#5350,10.);
#1597=VECTOR('',#5351,10.);
#1598=VECTOR('',#5354,10.);
#1599=VECTOR('',#5355,10.);
#1600=VECTOR('',#5358,10.);
#1601=VECTOR('',#5359,10.);
#1602=VECTOR('',#5360,10.);
#1603=VECTOR('',#5361,10.);
#1604=VECTOR('',#5362,10.);
#1605=VECTOR('',#5363,10.);
#1606=VECTOR('',#5364,10.);
#1607=VECTOR('',#5365,10.);
#1608=VECTOR('',#5366,10.);
#1609=VECTOR('',#5367,10.);
#1610=VECTOR('',#5368,10.);
#1611=VECTOR('',#5371,10.);
#1612=VECTOR('',#5372,10.);
#1613=VECTOR('',#5375,10.);
#1614=VECTOR('',#5376,10.);
#1615=VECTOR('',#5377,10.);
#1616=VECTOR('',#5378,10.);
#1617=VECTOR('',#5379,10.);
#1618=VECTOR('',#5380,10.);
#1619=VECTOR('',#5381,10.);
#1620=VECTOR('',#5382,10.);
#1621=VECTOR('',#5383,10.);
#1622=VECTOR('',#5388,10.);
#1623=VECTOR('',#5389,10.);
#1624=VECTOR('',#5390,10.);
#1625=VECTOR('',#5391,10.);
#1626=VECTOR('',#5392,10.);
#1627=VECTOR('',#5393,10.);
#1628=VECTOR('',#5394,10.);
#1629=VECTOR('',#5395,10.);
#1630=VECTOR('',#5398,10.);
#1631=VECTOR('',#5399,10.);
#1632=VECTOR('',#5400,10.);
#1633=VECTOR('',#5403,10.);
#1634=VECTOR('',#5404,10.);
#1635=VECTOR('',#5405,10.);
#1636=VECTOR('',#5406,10.);
#1637=VECTOR('',#5407,10.);
#1638=VECTOR('',#5408,10.);
#1639=VECTOR('',#5409,10.);
#1640=VECTOR('',#5410,10.);
#1641=VECTOR('',#5413,10.);
#1642=VECTOR('',#5414,10.);
#1643=VECTOR('',#5417,10.);
#1644=VECTOR('',#5418,10.);
#1645=VECTOR('',#5421,10.);
#1646=VECTOR('',#5424,10.);
#1647=VECTOR('',#5425,10.);
#1648=VECTOR('',#5426,10.);
#1649=VECTOR('',#5427,10.);
#1650=VECTOR('',#5428,10.);
#1651=VECTOR('',#5429,10.);
#1652=VECTOR('',#5430,10.);
#1653=VECTOR('',#5431,10.);
#1654=VECTOR('',#5434,10.);
#1655=VECTOR('',#5435,10.);
#1656=VECTOR('',#5438,10.);
#1657=VECTOR('',#5443,10.);
#1658=VECTOR('',#5444,10.);
#1659=VECTOR('',#5445,10.);
#1660=VECTOR('',#5446,10.);
#1661=VECTOR('',#5447,10.);
#1662=VECTOR('',#5448,10.);
#1663=VECTOR('',#5449,10.);
#1664=VECTOR('',#5450,10.);
#1665=VECTOR('',#5451,10.);
#1666=VECTOR('',#5452,10.);
#1667=VECTOR('',#5453,10.);
#1668=VECTOR('',#5456,10.);
#1669=VECTOR('',#5457,10.);
#1670=VECTOR('',#5458,10.);
#1671=VECTOR('',#5461,10.);
#1672=VECTOR('',#5462,10.);
#1673=VECTOR('',#5465,10.);
#1674=VECTOR('',#5466,10.);
#1675=VECTOR('',#5469,10.);
#1676=VECTOR('',#5470,10.);
#1677=VECTOR('',#5473,10.);
#1678=VECTOR('',#5474,10.);
#1679=VECTOR('',#5477,10.);
#1680=VECTOR('',#5478,10.);
#1681=VECTOR('',#5481,10.);
#1682=VECTOR('',#5482,10.);
#1683=VECTOR('',#5485,10.);
#1684=VECTOR('',#5486,10.);
#1685=VECTOR('',#5487,10.);
#1686=VECTOR('',#5488,10.);
#1687=VECTOR('',#5491,10.);
#1688=VECTOR('',#5492,10.);
#1689=VECTOR('',#5495,10.);
#1690=VECTOR('',#5496,10.);
#1691=VECTOR('',#5499,10.);
#1692=VECTOR('',#5504,10.);
#1693=VECTOR('',#5505,10.);
#1694=VECTOR('',#5506,10.);
#1695=VECTOR('',#5507,10.);
#1696=VECTOR('',#5510,10.);
#1697=VECTOR('',#5511,10.);
#1698=VECTOR('',#5512,10.);
#1699=VECTOR('',#5513,10.);
#1700=VECTOR('',#5514,10.);
#1701=VECTOR('',#5517,10.);
#1702=VECTOR('',#5518,10.);
#1703=VECTOR('',#5519,10.);
#1704=VECTOR('',#5520,10.);
#1705=VECTOR('',#5521,10.);
#1706=VECTOR('',#5522,10.);
#1707=VECTOR('',#5523,10.);
#1708=VECTOR('',#5524,10.);
#1709=VECTOR('',#5525,10.);
#1710=VECTOR('',#5528,10.);
#1711=VECTOR('',#5529,10.);
#1712=VECTOR('',#5530,10.);
#1713=VECTOR('',#5531,10.);
#1714=VECTOR('',#5532,10.);
#1715=VECTOR('',#5533,10.);
#1716=VECTOR('',#5534,10.);
#1717=VECTOR('',#5535,10.);
#1718=VECTOR('',#5536,10.);
#1719=VECTOR('',#5537,10.);
#1720=VECTOR('',#5538,10.);
#1721=VECTOR('',#5539,10.);
#1722=VECTOR('',#5540,10.);
#1723=VECTOR('',#5541,10.);
#1724=VECTOR('',#5542,10.);
#1725=VECTOR('',#5543,10.);
#1726=VECTOR('',#5544,10.);
#1727=VECTOR('',#5545,10.);
#1728=VECTOR('',#5546,10.);
#1729=VECTOR('',#5547,10.);
#1730=VECTOR('',#5548,10.);
#1731=VECTOR('',#5549,10.);
#1732=VECTOR('',#5550,10.);
#1733=VECTOR('',#5551,10.);
#1734=VECTOR('',#5552,10.);
#1735=VECTOR('',#5553,10.);
#1736=VECTOR('',#5556,10.);
#1737=VECTOR('',#5561,10.);
#1738=VECTOR('',#5562,10.);
#1739=VECTOR('',#5563,10.);
#1740=VECTOR('',#5564,10.);
#1741=VECTOR('',#5565,10.);
#1742=VECTOR('',#5566,10.);
#1743=VECTOR('',#5567,10.);
#1744=VECTOR('',#5568,10.);
#1745=VECTOR('',#5569,10.);
#1746=VECTOR('',#5570,10.);
#1747=VECTOR('',#5571,10.);
#1748=VECTOR('',#5572,10.);
#1749=VECTOR('',#5573,10.);
#1750=VECTOR('',#5574,10.);
#1751=VECTOR('',#5575,10.);
#1752=VECTOR('',#5576,10.);
#1753=VECTOR('',#5577,10.);
#1754=VECTOR('',#5582,10.);
#1755=VECTOR('',#5583,10.);
#1756=VECTOR('',#5584,10.);
#1757=VECTOR('',#5585,10.);
#1758=VECTOR('',#5586,10.);
#1759=VECTOR('',#5587,10.);
#1760=VECTOR('',#5588,10.);
#1761=VECTOR('',#5589,10.);
#1762=VECTOR('',#5592,10.);
#1763=VECTOR('',#5593,10.);
#1764=VECTOR('',#5594,10.);
#1765=VECTOR('',#5595,10.);
#1766=VECTOR('',#5596,10.);
#1767=VECTOR('',#5597,10.);
#1768=VECTOR('',#5598,10.);
#1769=VECTOR('',#5599,10.);
#1770=VECTOR('',#5602,10.);
#1771=VECTOR('',#5603,10.);
#1772=VECTOR('',#5606,10.);
#1773=VECTOR('',#5607,10.);
#1774=VECTOR('',#5610,10.);
#1775=VECTOR('',#5611,10.);
#1776=VECTOR('',#5612,10.);
#1777=VECTOR('',#5613,10.);
#1778=VECTOR('',#5614,10.);
#1779=VECTOR('',#5615,10.);
#1780=VECTOR('',#5616,10.);
#1781=VECTOR('',#5619,10.);
#1782=VECTOR('',#5620,10.);
#1783=VECTOR('',#5623,10.);
#1784=VECTOR('',#5624,10.);
#1785=VECTOR('',#5627,10.);
#1786=VECTOR('',#5628,10.);
#1787=VECTOR('',#5631,10.);
#1788=VECTOR('',#5634,10.);
#1789=VECTOR('',#5635,10.);
#1790=VECTOR('',#5638,10.);
#1791=VECTOR('',#5639,10.);
#1792=VECTOR('',#5642,10.);
#1793=VECTOR('',#5643,10.);
#1794=VECTOR('',#5644,10.);
#1795=VECTOR('',#5645,10.);
#1796=VECTOR('',#5648,10.);
#1797=VECTOR('',#5651,10.);
#1798=VECTOR('',#5656,2.5);
#1799=VECTOR('',#5661,2.5);
#1800=VECTOR('',#5666,2.5);
#1801=VECTOR('',#5671,2.5);
#1802=VECTOR('',#5676,10.);
#1803=VECTOR('',#5677,10.);
#1804=VECTOR('',#5678,10.);
#1805=VECTOR('',#5681,10.);
#1806=VECTOR('',#5682,10.);
#1807=VECTOR('',#5685,10.);
#1808=VECTOR('',#5686,10.);
#1809=VECTOR('',#5689,10.);
#1810=VERTEX_POINT('',#5702);
#1811=VERTEX_POINT('',#5703);
#1812=VERTEX_POINT('',#5705);
#1813=VERTEX_POINT('',#5707);
#1814=VERTEX_POINT('',#5711);
#1815=VERTEX_POINT('',#5713);
#1816=VERTEX_POINT('',#5717);
#1817=VERTEX_POINT('',#5719);
#1818=VERTEX_POINT('',#5726);
#1819=VERTEX_POINT('',#5727);
#1820=VERTEX_POINT('',#5729);
#1821=VERTEX_POINT('',#5731);
#1822=VERTEX_POINT('',#5735);
#1823=VERTEX_POINT('',#5737);
#1824=VERTEX_POINT('',#5741);
#1825=VERTEX_POINT('',#5743);
#1826=VERTEX_POINT('',#5747);
#1827=VERTEX_POINT('',#5749);
#1828=VERTEX_POINT('',#5753);
#1829=VERTEX_POINT('',#5755);
#1830=VERTEX_POINT('',#5759);
#1831=VERTEX_POINT('',#5761);
#1832=VERTEX_POINT('',#5765);
#1833=VERTEX_POINT('',#5767);
#1834=VERTEX_POINT('',#5774);
#1835=VERTEX_POINT('',#5775);
#1836=VERTEX_POINT('',#5777);
#1837=VERTEX_POINT('',#5779);
#1838=VERTEX_POINT('',#5783);
#1839=VERTEX_POINT('',#5785);
#1840=VERTEX_POINT('',#5789);
#1841=VERTEX_POINT('',#5791);
#1842=VERTEX_POINT('',#5795);
#1843=VERTEX_POINT('',#5797);
#1844=VERTEX_POINT('',#5801);
#1845=VERTEX_POINT('',#5803);
#1846=VERTEX_POINT('',#5807);
#1847=VERTEX_POINT('',#5809);
#1848=VERTEX_POINT('',#5813);
#1849=VERTEX_POINT('',#5815);
#1850=VERTEX_POINT('',#5822);
#1851=VERTEX_POINT('',#5823);
#1852=VERTEX_POINT('',#5825);
#1853=VERTEX_POINT('',#5827);
#1854=VERTEX_POINT('',#5831);
#1855=VERTEX_POINT('',#5833);
#1856=VERTEX_POINT('',#5837);
#1857=VERTEX_POINT('',#5839);
#1858=VERTEX_POINT('',#5843);
#1859=VERTEX_POINT('',#5845);
#1860=VERTEX_POINT('',#5849);
#1861=VERTEX_POINT('',#5851);
#1862=VERTEX_POINT('',#5855);
#1863=VERTEX_POINT('',#5857);
#1864=VERTEX_POINT('',#5861);
#1865=VERTEX_POINT('',#5863);
#1866=VERTEX_POINT('',#5870);
#1867=VERTEX_POINT('',#5871);
#1868=VERTEX_POINT('',#5873);
#1869=VERTEX_POINT('',#5875);
#1870=VERTEX_POINT('',#5879);
#1871=VERTEX_POINT('',#5881);
#1872=VERTEX_POINT('',#5885);
#1873=VERTEX_POINT('',#5887);
#1874=VERTEX_POINT('',#5894);
#1875=VERTEX_POINT('',#5895);
#1876=VERTEX_POINT('',#5897);
#1877=VERTEX_POINT('',#5899);
#1878=VERTEX_POINT('',#5903);
#1879=VERTEX_POINT('',#5905);
#1880=VERTEX_POINT('',#5909);
#1881=VERTEX_POINT('',#5911);
#1882=VERTEX_POINT('',#5918);
#1883=VERTEX_POINT('',#5919);
#1884=VERTEX_POINT('',#5921);
#1885=VERTEX_POINT('',#5923);
#1886=VERTEX_POINT('',#5927);
#1887=VERTEX_POINT('',#5929);
#1888=VERTEX_POINT('',#5933);
#1889=VERTEX_POINT('',#5935);
#1890=VERTEX_POINT('',#5939);
#1891=VERTEX_POINT('',#5941);
#1892=VERTEX_POINT('',#5945);
#1893=VERTEX_POINT('',#5947);
#1894=VERTEX_POINT('',#5951);
#1895=VERTEX_POINT('',#5953);
#1896=VERTEX_POINT('',#5957);
#1897=VERTEX_POINT('',#5959);
#1898=VERTEX_POINT('',#5966);
#1899=VERTEX_POINT('',#5967);
#1900=VERTEX_POINT('',#5969);
#1901=VERTEX_POINT('',#5971);
#1902=VERTEX_POINT('',#5975);
#1903=VERTEX_POINT('',#5977);
#1904=VERTEX_POINT('',#5981);
#1905=VERTEX_POINT('',#5983);
#1906=VERTEX_POINT('',#5987);
#1907=VERTEX_POINT('',#5989);
#1908=VERTEX_POINT('',#5993);
#1909=VERTEX_POINT('',#5995);
#1910=VERTEX_POINT('',#5999);
#1911=VERTEX_POINT('',#6001);
#1912=VERTEX_POINT('',#6005);
#1913=VERTEX_POINT('',#6007);
#1914=VERTEX_POINT('',#6014);
#1915=VERTEX_POINT('',#6015);
#1916=VERTEX_POINT('',#6017);
#1917=VERTEX_POINT('',#6019);
#1918=VERTEX_POINT('',#6023);
#1919=VERTEX_POINT('',#6025);
#1920=VERTEX_POINT('',#6029);
#1921=VERTEX_POINT('',#6031);
#1922=VERTEX_POINT('',#6035);
#1923=VERTEX_POINT('',#6037);
#1924=VERTEX_POINT('',#6041);
#1925=VERTEX_POINT('',#6043);
#1926=VERTEX_POINT('',#6047);
#1927=VERTEX_POINT('',#6049);
#1928=VERTEX_POINT('',#6053);
#1929=VERTEX_POINT('',#6055);
#1930=VERTEX_POINT('',#6062);
#1931=VERTEX_POINT('',#6064);
#1932=VERTEX_POINT('',#6068);
#1933=VERTEX_POINT('',#6070);
#1934=VERTEX_POINT('',#6074);
#1935=VERTEX_POINT('',#6076);
#1936=VERTEX_POINT('',#6080);
#1937=VERTEX_POINT('',#6082);
#1938=VERTEX_POINT('',#6086);
#1939=VERTEX_POINT('',#6087);
#1940=VERTEX_POINT('',#6089);
#1941=VERTEX_POINT('',#6091);
#1942=VERTEX_POINT('',#6095);
#1943=VERTEX_POINT('',#6097);
#1944=VERTEX_POINT('',#6101);
#1945=VERTEX_POINT('',#6103);
#1946=VERTEX_POINT('',#6113);
#1947=VERTEX_POINT('',#6114);
#1948=VERTEX_POINT('',#6116);
#1949=VERTEX_POINT('',#6118);
#1950=VERTEX_POINT('',#6120);
#1951=VERTEX_POINT('',#6122);
#1952=VERTEX_POINT('',#6124);
#1953=VERTEX_POINT('',#6126);
#1954=VERTEX_POINT('',#6128);
#1955=VERTEX_POINT('',#6130);
#1956=VERTEX_POINT('',#6132);
#1957=VERTEX_POINT('',#6134);
#1958=VERTEX_POINT('',#6137);
#1959=VERTEX_POINT('',#6139);
#1960=VERTEX_POINT('',#6141);
#1961=VERTEX_POINT('',#6143);
#1962=VERTEX_POINT('',#6146);
#1963=VERTEX_POINT('',#6148);
#1964=VERTEX_POINT('',#6152);
#1965=VERTEX_POINT('',#6154);
#1966=VERTEX_POINT('',#6158);
#1967=VERTEX_POINT('',#6159);
#1968=VERTEX_POINT('',#6161);
#1969=VERTEX_POINT('',#6167);
#1970=VERTEX_POINT('',#6173);
#1971=VERTEX_POINT('',#6179);
#1972=VERTEX_POINT('',#6185);
#1973=VERTEX_POINT('',#6187);
#1974=VERTEX_POINT('',#6193);
#1975=VERTEX_POINT('',#6199);
#1976=VERTEX_POINT('',#6205);
#1977=VERTEX_POINT('',#6207);
#1978=VERTEX_POINT('',#6209);
#1979=VERTEX_POINT('',#6213);
#1980=VERTEX_POINT('',#6214);
#1981=VERTEX_POINT('',#6228);
#1982=VERTEX_POINT('',#6245);
#1983=VERTEX_POINT('',#6262);
#1984=VERTEX_POINT('',#6279);
#1985=VERTEX_POINT('',#6287);
#1986=VERTEX_POINT('',#6300);
#1987=VERTEX_POINT('',#6317);
#1988=VERTEX_POINT('',#6334);
#1989=VERTEX_POINT('',#6342);
#1990=VERTEX_POINT('',#6346);
#1991=VERTEX_POINT('',#6350);
#1992=VERTEX_POINT('',#6356);
#1993=VERTEX_POINT('',#6357);
#1994=VERTEX_POINT('',#6359);
#1995=VERTEX_POINT('',#6361);
#1996=VERTEX_POINT('',#6363);
#1997=VERTEX_POINT('',#6369);
#1998=VERTEX_POINT('',#6375);
#1999=VERTEX_POINT('',#6381);
#2000=VERTEX_POINT('',#6387);
#2001=VERTEX_POINT('',#6393);
#2002=VERTEX_POINT('',#6399);
#2003=VERTEX_POINT('',#6405);
#2004=VERTEX_POINT('',#6411);
#2005=VERTEX_POINT('',#6417);
#2006=VERTEX_POINT('',#6420);
#2007=VERTEX_POINT('',#6421);
#2008=VERTEX_POINT('',#6427);
#2009=VERTEX_POINT('',#6433);
#2010=VERTEX_POINT('',#6439);
#2011=VERTEX_POINT('',#6445);
#2012=VERTEX_POINT('',#6451);
#2013=VERTEX_POINT('',#6457);
#2014=VERTEX_POINT('',#6469);
#2015=VERTEX_POINT('',#6470);
#2016=VERTEX_POINT('',#6475);
#2017=VERTEX_POINT('',#6479);
#2018=VERTEX_POINT('',#6492);
#2019=VERTEX_POINT('',#6509);
#2020=VERTEX_POINT('',#6526);
#2021=VERTEX_POINT('',#6543);
#2022=VERTEX_POINT('',#6560);
#2023=VERTEX_POINT('',#6577);
#2024=VERTEX_POINT('',#6594);
#2025=VERTEX_POINT('',#6611);
#2026=VERTEX_POINT('',#6628);
#2027=VERTEX_POINT('',#6636);
#2028=VERTEX_POINT('',#6651);
#2029=VERTEX_POINT('',#6652);
#2030=VERTEX_POINT('',#6670);
#2031=VERTEX_POINT('',#6687);
#2032=VERTEX_POINT('',#6704);
#2033=VERTEX_POINT('',#6721);
#2034=VERTEX_POINT('',#6738);
#2035=VERTEX_POINT('',#6755);
#2036=VERTEX_POINT('',#6779);
#2037=VERTEX_POINT('',#6780);
#2038=VERTEX_POINT('',#6782);
#2039=VERTEX_POINT('',#6784);
#2040=VERTEX_POINT('',#6790);
#2041=VERTEX_POINT('',#6796);
#2042=VERTEX_POINT('',#6802);
#2043=VERTEX_POINT('',#6808);
#2044=VERTEX_POINT('',#6814);
#2045=VERTEX_POINT('',#6820);
#2046=VERTEX_POINT('',#6822);
#2047=VERTEX_POINT('',#6825);
#2048=VERTEX_POINT('',#6826);
#2049=VERTEX_POINT('',#6828);
#2050=VERTEX_POINT('',#6834);
#2051=VERTEX_POINT('',#6840);
#2052=VERTEX_POINT('',#6846);
#2053=VERTEX_POINT('',#6852);
#2054=VERTEX_POINT('',#6858);
#2055=VERTEX_POINT('',#6862);
#2056=VERTEX_POINT('',#6863);
#2057=VERTEX_POINT('',#6868);
#2058=VERTEX_POINT('',#6881);
#2059=VERTEX_POINT('',#6898);
#2060=VERTEX_POINT('',#6915);
#2061=VERTEX_POINT('',#6932);
#2062=VERTEX_POINT('',#6949);
#2063=VERTEX_POINT('',#6966);
#2064=VERTEX_POINT('',#6974);
#2065=VERTEX_POINT('',#6978);
#2066=VERTEX_POINT('',#6984);
#2067=VERTEX_POINT('',#6985);
#2068=VERTEX_POINT('',#6999);
#2069=VERTEX_POINT('',#7016);
#2070=VERTEX_POINT('',#7033);
#2071=VERTEX_POINT('',#7050);
#2072=VERTEX_POINT('',#7067);
#2073=VERTEX_POINT('',#7075);
#2074=VERTEX_POINT('',#7082);
#2075=VERTEX_POINT('',#7083);
#2076=VERTEX_POINT('',#7085);
#2077=VERTEX_POINT('',#7087);
#2078=VERTEX_POINT('',#7089);
#2079=VERTEX_POINT('',#7091);
#2080=VERTEX_POINT('',#7093);
#2081=VERTEX_POINT('',#7095);
#2082=VERTEX_POINT('',#7098);
#2083=VERTEX_POINT('',#7099);
#2084=VERTEX_POINT('',#7105);
#2085=VERTEX_POINT('',#7111);
#2086=VERTEX_POINT('',#7113);
#2087=VERTEX_POINT('',#7117);
#2088=VERTEX_POINT('',#7118);
#2089=VERTEX_POINT('',#7123);
#2090=VERTEX_POINT('',#7127);
#2091=VERTEX_POINT('',#7131);
#2092=VERTEX_POINT('',#7135);
#2093=VERTEX_POINT('',#7139);
#2094=VERTEX_POINT('',#7143);
#2095=VERTEX_POINT('',#7158);
#2096=VERTEX_POINT('',#7159);
#2097=VERTEX_POINT('',#7177);
#2098=VERTEX_POINT('',#7185);
#2099=VERTEX_POINT('',#7189);
#2100=VERTEX_POINT('',#7196);
#2101=VERTEX_POINT('',#7197);
#2102=VERTEX_POINT('',#7199);
#2103=VERTEX_POINT('',#7205);
#2104=VERTEX_POINT('',#7211);
#2105=VERTEX_POINT('',#7213);
#2106=VERTEX_POINT('',#7219);
#2107=VERTEX_POINT('',#7225);
#2108=VERTEX_POINT('',#7231);
#2109=VERTEX_POINT('',#7237);
#2110=VERTEX_POINT('',#7243);
#2111=VERTEX_POINT('',#7249);
#2112=VERTEX_POINT('',#7255);
#2113=VERTEX_POINT('',#7257);
#2114=VERTEX_POINT('',#7263);
#2115=VERTEX_POINT('',#7269);
#2116=VERTEX_POINT('',#7275);
#2117=VERTEX_POINT('',#7281);
#2118=VERTEX_POINT('',#7287);
#2119=VERTEX_POINT('',#7293);
#2120=VERTEX_POINT('',#7299);
#2121=VERTEX_POINT('',#7305);
#2122=VERTEX_POINT('',#7311);
#2123=VERTEX_POINT('',#7317);
#2124=VERTEX_POINT('',#7323);
#2125=VERTEX_POINT('',#7329);
#2126=VERTEX_POINT('',#7335);
#2127=VERTEX_POINT('',#7346);
#2128=VERTEX_POINT('',#7347);
#2129=VERTEX_POINT('',#7353);
#2130=VERTEX_POINT('',#7359);
#2131=VERTEX_POINT('',#7365);
#2132=VERTEX_POINT('',#7371);
#2133=VERTEX_POINT('',#7377);
#2134=VERTEX_POINT('',#7383);
#2135=VERTEX_POINT('',#7389);
#2136=VERTEX_POINT('',#7395);
#2137=VERTEX_POINT('',#7403);
#2138=VERTEX_POINT('',#7404);
#2139=VERTEX_POINT('',#7418);
#2140=VERTEX_POINT('',#7435);
#2141=VERTEX_POINT('',#7443);
#2142=VERTEX_POINT('',#7456);
#2143=VERTEX_POINT('',#7473);
#2144=VERTEX_POINT('',#7490);
#2145=VERTEX_POINT('',#7507);
#2146=VERTEX_POINT('',#7524);
#2147=VERTEX_POINT('',#7541);
#2148=VERTEX_POINT('',#7558);
#2149=VERTEX_POINT('',#7566);
#2150=VERTEX_POINT('',#7579);
#2151=VERTEX_POINT('',#7596);
#2152=VERTEX_POINT('',#7613);
#2153=VERTEX_POINT('',#7630);
#2154=VERTEX_POINT('',#7647);
#2155=VERTEX_POINT('',#7664);
#2156=VERTEX_POINT('',#7681);
#2157=VERTEX_POINT('',#7698);
#2158=VERTEX_POINT('',#7715);
#2159=VERTEX_POINT('',#7732);
#2160=VERTEX_POINT('',#7749);
#2161=VERTEX_POINT('',#7766);
#2162=VERTEX_POINT('',#7783);
#2163=VERTEX_POINT('',#7800);
#2164=VERTEX_POINT('',#7832);
#2165=VERTEX_POINT('',#7833);
#2166=VERTEX_POINT('',#7851);
#2167=VERTEX_POINT('',#7868);
#2168=VERTEX_POINT('',#7885);
#2169=VERTEX_POINT('',#7902);
#2170=VERTEX_POINT('',#7919);
#2171=VERTEX_POINT('',#7936);
#2172=VERTEX_POINT('',#7953);
#2173=VERTEX_POINT('',#7970);
#2174=VERTEX_POINT('',#7981);
#2175=VERTEX_POINT('',#7982);
#2176=VERTEX_POINT('',#7988);
#2177=VERTEX_POINT('',#7994);
#2178=VERTEX_POINT('',#8000);
#2179=VERTEX_POINT('',#8006);
#2180=VERTEX_POINT('',#8012);
#2181=VERTEX_POINT('',#8018);
#2182=VERTEX_POINT('',#8024);
#2183=VERTEX_POINT('',#8035);
#2184=VERTEX_POINT('',#8036);
#2185=VERTEX_POINT('',#8042);
#2186=VERTEX_POINT('',#8048);
#2187=VERTEX_POINT('',#8054);
#2188=VERTEX_POINT('',#8060);
#2189=VERTEX_POINT('',#8066);
#2190=VERTEX_POINT('',#8072);
#2191=VERTEX_POINT('',#8093);
#2192=VERTEX_POINT('',#8094);
#2193=VERTEX_POINT('',#8112);
#2194=VERTEX_POINT('',#8129);
#2195=VERTEX_POINT('',#8146);
#2196=VERTEX_POINT('',#8163);
#2197=VERTEX_POINT('',#8180);
#2198=VERTEX_POINT('',#8197);
#2199=VERTEX_POINT('',#8214);
#2200=VERTEX_POINT('',#8246);
#2201=VERTEX_POINT('',#8247);
#2202=VERTEX_POINT('',#8265);
#2203=VERTEX_POINT('',#8282);
#2204=VERTEX_POINT('',#8299);
#2205=VERTEX_POINT('',#8316);
#2206=VERTEX_POINT('',#8333);
#2207=VERTEX_POINT('',#8350);
#2208=VERTEX_POINT('',#8374);
#2209=VERTEX_POINT('',#8375);
#2210=VERTEX_POINT('',#8377);
#2211=VERTEX_POINT('',#8383);
#2212=VERTEX_POINT('',#8389);
#2213=VERTEX_POINT('',#8395);
#2214=VERTEX_POINT('',#8401);
#2215=VERTEX_POINT('',#8407);
#2216=VERTEX_POINT('',#8409);
#2217=VERTEX_POINT('',#8411);
#2218=VERTEX_POINT('',#8413);
#2219=VERTEX_POINT('',#8419);
#2220=VERTEX_POINT('',#8425);
#2221=VERTEX_POINT('',#8431);
#2222=VERTEX_POINT('',#8437);
#2223=VERTEX_POINT('',#8443);
#2224=VERTEX_POINT('',#8445);
#2225=VERTEX_POINT('',#8447);
#2226=VERTEX_POINT('',#8451);
#2227=VERTEX_POINT('',#8452);
#2228=VERTEX_POINT('',#8466);
#2229=VERTEX_POINT('',#8483);
#2230=VERTEX_POINT('',#8500);
#2231=VERTEX_POINT('',#8517);
#2232=VERTEX_POINT('',#8534);
#2233=VERTEX_POINT('',#8542);
#2234=VERTEX_POINT('',#8546);
#2235=VERTEX_POINT('',#8550);
#2236=VERTEX_POINT('',#8563);
#2237=VERTEX_POINT('',#8580);
#2238=VERTEX_POINT('',#8597);
#2239=VERTEX_POINT('',#8614);
#2240=VERTEX_POINT('',#8631);
#2241=VERTEX_POINT('',#8639);
#2242=VERTEX_POINT('',#8643);
#2243=VERTEX_POINT('',#8647);
#2244=VERTEX_POINT('',#8653);
#2245=VERTEX_POINT('',#8657);
#2246=VERTEX_POINT('',#8661);
#2247=VERTEX_POINT('',#8663);
#2248=VERTEX_POINT('',#8673);
#2249=VERTEX_POINT('',#8677);
#2250=VERTEX_POINT('',#8681);
#2251=VERTEX_POINT('',#8685);
#2252=VERTEX_POINT('',#8689);
#2253=VERTEX_POINT('',#8690);
#2254=VERTEX_POINT('',#8695);
#2255=VERTEX_POINT('',#8699);
#2256=EDGE_CURVE('',#1810,#1811,#988,.T.);
#2257=EDGE_CURVE('',#1812,#1810,#989,.T.);
#2258=EDGE_CURVE('',#1813,#1812,#990,.T.);
#2259=EDGE_CURVE('',#1813,#1811,#991,.T.);
#2260=EDGE_CURVE('',#1811,#1814,#992,.T.);
#2261=EDGE_CURVE('',#1815,#1813,#993,.T.);
#2262=EDGE_CURVE('',#1815,#1814,#994,.T.);
#2263=EDGE_CURVE('',#1814,#1816,#995,.T.);
#2264=EDGE_CURVE('',#1817,#1815,#996,.T.);
#2265=EDGE_CURVE('',#1817,#1816,#997,.T.);
#2266=EDGE_CURVE('',#1816,#1810,#998,.T.);
#2267=EDGE_CURVE('',#1812,#1817,#999,.T.);
#2268=EDGE_CURVE('',#1818,#1819,#1000,.T.);
#2269=EDGE_CURVE('',#1819,#1820,#1001,.T.);
#2270=EDGE_CURVE('',#1821,#1820,#1002,.T.);
#2271=EDGE_CURVE('',#1818,#1821,#1003,.T.);
#2272=EDGE_CURVE('',#1822,#1818,#368,.T.);
#2273=EDGE_CURVE('',#1823,#1821,#369,.T.);
#2274=EDGE_CURVE('',#1822,#1823,#1004,.T.);
#2275=EDGE_CURVE('',#1824,#1822,#1005,.T.);
#2276=EDGE_CURVE('',#1825,#1823,#1006,.T.);
#2277=EDGE_CURVE('',#1824,#1825,#1007,.T.);
#2278=EDGE_CURVE('',#1826,#1824,#370,.T.);
#2279=EDGE_CURVE('',#1827,#1825,#371,.T.);
#2280=EDGE_CURVE('',#1826,#1827,#1008,.T.);
#2281=EDGE_CURVE('',#1828,#1826,#1009,.T.);
#2282=EDGE_CURVE('',#1829,#1827,#1010,.T.);
#2283=EDGE_CURVE('',#1828,#1829,#1011,.T.);
#2284=EDGE_CURVE('',#1819,#1830,#372,.T.);
#2285=EDGE_CURVE('',#1830,#1831,#1012,.T.);
#2286=EDGE_CURVE('',#1820,#1831,#373,.T.);
#2287=EDGE_CURVE('',#1830,#1832,#1013,.T.);
#2288=EDGE_CURVE('',#1832,#1833,#1014,.T.);
#2289=EDGE_CURVE('',#1831,#1833,#1015,.T.);
#2290=EDGE_CURVE('',#1832,#1828,#374,.T.);
#2291=EDGE_CURVE('',#1833,#1829,#375,.T.);
#2292=EDGE_CURVE('',#1834,#1835,#1016,.T.);
#2293=EDGE_CURVE('',#1835,#1836,#1017,.T.);
#2294=EDGE_CURVE('',#1837,#1836,#1018,.T.);
#2295=EDGE_CURVE('',#1834,#1837,#1019,.T.);
#2296=EDGE_CURVE('',#1838,#1834,#376,.T.);
#2297=EDGE_CURVE('',#1839,#1837,#377,.T.);
#2298=EDGE_CURVE('',#1838,#1839,#1020,.T.);
#2299=EDGE_CURVE('',#1840,#1838,#1021,.T.);
#2300=EDGE_CURVE('',#1841,#1839,#1022,.T.);
#2301=EDGE_CURVE('',#1840,#1841,#1023,.T.);
#2302=EDGE_CURVE('',#1842,#1840,#378,.T.);
#2303=EDGE_CURVE('',#1843,#1841,#379,.T.);
#2304=EDGE_CURVE('',#1842,#1843,#1024,.T.);
#2305=EDGE_CURVE('',#1844,#1842,#1025,.T.);
#2306=EDGE_CURVE('',#1845,#1843,#1026,.T.);
#2307=EDGE_CURVE('',#1844,#1845,#1027,.T.);
#2308=EDGE_CURVE('',#1835,#1846,#380,.T.);
#2309=EDGE_CURVE('',#1846,#1847,#1028,.T.);
#2310=EDGE_CURVE('',#1836,#1847,#381,.T.);
#2311=EDGE_CURVE('',#1846,#1848,#1029,.T.);
#2312=EDGE_CURVE('',#1848,#1849,#1030,.T.);
#2313=EDGE_CURVE('',#1847,#1849,#1031,.T.);
#2314=EDGE_CURVE('',#1848,#1844,#382,.T.);
#2315=EDGE_CURVE('',#1849,#1845,#383,.T.);
#2316=EDGE_CURVE('',#1850,#1851,#1032,.T.);
#2317=EDGE_CURVE('',#1851,#1852,#1033,.T.);
#2318=EDGE_CURVE('',#1853,#1852,#1034,.T.);
#2319=EDGE_CURVE('',#1850,#1853,#1035,.T.);
#2320=EDGE_CURVE('',#1854,#1850,#384,.T.);
#2321=EDGE_CURVE('',#1855,#1853,#385,.T.);
#2322=EDGE_CURVE('',#1854,#1855,#1036,.T.);
#2323=EDGE_CURVE('',#1856,#1854,#1037,.T.);
#2324=EDGE_CURVE('',#1857,#1855,#1038,.T.);
#2325=EDGE_CURVE('',#1856,#1857,#1039,.T.);
#2326=EDGE_CURVE('',#1858,#1856,#386,.T.);
#2327=EDGE_CURVE('',#1859,#1857,#387,.T.);
#2328=EDGE_CURVE('',#1858,#1859,#1040,.T.);
#2329=EDGE_CURVE('',#1860,#1858,#1041,.T.);
#2330=EDGE_CURVE('',#1861,#1859,#1042,.T.);
#2331=EDGE_CURVE('',#1860,#1861,#1043,.T.);
#2332=EDGE_CURVE('',#1851,#1862,#388,.T.);
#2333=EDGE_CURVE('',#1862,#1863,#1044,.T.);
#2334=EDGE_CURVE('',#1852,#1863,#389,.T.);
#2335=EDGE_CURVE('',#1862,#1864,#1045,.T.);
#2336=EDGE_CURVE('',#1864,#1865,#1046,.T.);
#2337=EDGE_CURVE('',#1863,#1865,#1047,.T.);
#2338=EDGE_CURVE('',#1864,#1860,#390,.T.);
#2339=EDGE_CURVE('',#1865,#1861,#391,.T.);
#2340=EDGE_CURVE('',#1866,#1867,#1048,.T.);
#2341=EDGE_CURVE('',#1867,#1868,#1049,.T.);
#2342=EDGE_CURVE('',#1869,#1868,#1050,.T.);
#2343=EDGE_CURVE('',#1866,#1869,#1051,.T.);
#2344=EDGE_CURVE('',#1870,#1866,#1052,.T.);
#2345=EDGE_CURVE('',#1871,#1869,#1053,.T.);
#2346=EDGE_CURVE('',#1870,#1871,#1054,.T.);
#2347=EDGE_CURVE('',#1872,#1870,#1055,.T.);
#2348=EDGE_CURVE('',#1873,#1871,#1056,.T.);
#2349=EDGE_CURVE('',#1872,#1873,#1057,.T.);
#2350=EDGE_CURVE('',#1867,#1872,#1058,.T.);
#2351=EDGE_CURVE('',#1868,#1873,#1059,.T.);
#2352=EDGE_CURVE('',#1874,#1875,#1060,.T.);
#2353=EDGE_CURVE('',#1875,#1876,#1061,.T.);
#2354=EDGE_CURVE('',#1877,#1876,#1062,.T.);
#2355=EDGE_CURVE('',#1874,#1877,#1063,.T.);
#2356=EDGE_CURVE('',#1878,#1874,#1064,.T.);
#2357=EDGE_CURVE('',#1879,#1877,#1065,.T.);
#2358=EDGE_CURVE('',#1878,#1879,#1066,.T.);
#2359=EDGE_CURVE('',#1880,#1878,#1067,.T.);
#2360=EDGE_CURVE('',#1881,#1879,#1068,.T.);
#2361=EDGE_CURVE('',#1880,#1881,#1069,.T.);
#2362=EDGE_CURVE('',#1875,#1880,#1070,.T.);
#2363=EDGE_CURVE('',#1876,#1881,#1071,.T.);
#2364=EDGE_CURVE('',#1882,#1883,#1072,.T.);
#2365=EDGE_CURVE('',#1883,#1884,#1073,.T.);
#2366=EDGE_CURVE('',#1885,#1884,#1074,.T.);
#2367=EDGE_CURVE('',#1882,#1885,#1075,.T.);
#2368=EDGE_CURVE('',#1886,#1882,#392,.T.);
#2369=EDGE_CURVE('',#1887,#1885,#393,.T.);
#2370=EDGE_CURVE('',#1886,#1887,#1076,.T.);
#2371=EDGE_CURVE('',#1888,#1886,#1077,.T.);
#2372=EDGE_CURVE('',#1889,#1887,#1078,.T.);
#2373=EDGE_CURVE('',#1888,#1889,#1079,.T.);
#2374=EDGE_CURVE('',#1890,#1888,#394,.T.);
#2375=EDGE_CURVE('',#1891,#1889,#395,.T.);
#2376=EDGE_CURVE('',#1890,#1891,#1080,.T.);
#2377=EDGE_CURVE('',#1892,#1890,#1081,.T.);
#2378=EDGE_CURVE('',#1893,#1891,#1082,.T.);
#2379=EDGE_CURVE('',#1892,#1893,#1083,.T.);
#2380=EDGE_CURVE('',#1883,#1894,#396,.T.);
#2381=EDGE_CURVE('',#1894,#1895,#1084,.T.);
#2382=EDGE_CURVE('',#1884,#1895,#397,.T.);
#2383=EDGE_CURVE('',#1894,#1896,#1085,.T.);
#2384=EDGE_CURVE('',#1896,#1897,#1086,.T.);
#2385=EDGE_CURVE('',#1895,#1897,#1087,.T.);
#2386=EDGE_CURVE('',#1896,#1892,#398,.T.);
#2387=EDGE_CURVE('',#1897,#1893,#399,.T.);
#2388=EDGE_CURVE('',#1898,#1899,#1088,.T.);
#2389=EDGE_CURVE('',#1899,#1900,#1089,.T.);
#2390=EDGE_CURVE('',#1901,#1900,#1090,.T.);
#2391=EDGE_CURVE('',#1898,#1901,#1091,.T.);
#2392=EDGE_CURVE('',#1902,#1898,#400,.T.);
#2393=EDGE_CURVE('',#1903,#1901,#401,.T.);
#2394=EDGE_CURVE('',#1902,#1903,#1092,.T.);
#2395=EDGE_CURVE('',#1904,#1902,#1093,.T.);
#2396=EDGE_CURVE('',#1905,#1903,#1094,.T.);
#2397=EDGE_CURVE('',#1904,#1905,#1095,.T.);
#2398=EDGE_CURVE('',#1906,#1904,#402,.T.);
#2399=EDGE_CURVE('',#1907,#1905,#403,.T.);
#2400=EDGE_CURVE('',#1906,#1907,#1096,.T.);
#2401=EDGE_CURVE('',#1908,#1906,#1097,.T.);
#2402=EDGE_CURVE('',#1909,#1907,#1098,.T.);
#2403=EDGE_CURVE('',#1908,#1909,#1099,.T.);
#2404=EDGE_CURVE('',#1899,#1910,#404,.T.);
#2405=EDGE_CURVE('',#1910,#1911,#1100,.T.);
#2406=EDGE_CURVE('',#1900,#1911,#405,.T.);
#2407=EDGE_CURVE('',#1910,#1912,#1101,.T.);
#2408=EDGE_CURVE('',#1912,#1913,#1102,.T.);
#2409=EDGE_CURVE('',#1911,#1913,#1103,.T.);
#2410=EDGE_CURVE('',#1912,#1908,#406,.T.);
#2411=EDGE_CURVE('',#1913,#1909,#407,.T.);
#2412=EDGE_CURVE('',#1914,#1915,#1104,.T.);
#2413=EDGE_CURVE('',#1915,#1916,#1105,.T.);
#2414=EDGE_CURVE('',#1917,#1916,#1106,.T.);
#2415=EDGE_CURVE('',#1914,#1917,#1107,.T.);
#2416=EDGE_CURVE('',#1918,#1914,#408,.T.);
#2417=EDGE_CURVE('',#1919,#1917,#409,.T.);
#2418=EDGE_CURVE('',#1918,#1919,#1108,.T.);
#2419=EDGE_CURVE('',#1920,#1918,#1109,.T.);
#2420=EDGE_CURVE('',#1921,#1919,#1110,.T.);
#2421=EDGE_CURVE('',#1920,#1921,#1111,.T.);
#2422=EDGE_CURVE('',#1922,#1920,#410,.T.);
#2423=EDGE_CURVE('',#1923,#1921,#411,.T.);
#2424=EDGE_CURVE('',#1922,#1923,#1112,.T.);
#2425=EDGE_CURVE('',#1924,#1922,#1113,.T.);
#2426=EDGE_CURVE('',#1925,#1923,#1114,.T.);
#2427=EDGE_CURVE('',#1924,#1925,#1115,.T.);
#2428=EDGE_CURVE('',#1915,#1926,#412,.T.);
#2429=EDGE_CURVE('',#1926,#1927,#1116,.T.);
#2430=EDGE_CURVE('',#1916,#1927,#413,.T.);
#2431=EDGE_CURVE('',#1926,#1928,#1117,.T.);
#2432=EDGE_CURVE('',#1928,#1929,#1118,.T.);
#2433=EDGE_CURVE('',#1927,#1929,#1119,.T.);
#2434=EDGE_CURVE('',#1928,#1924,#414,.T.);
#2435=EDGE_CURVE('',#1929,#1925,#415,.T.);
#2436=EDGE_CURVE('',#1930,#1930,#416,.T.);
#2437=EDGE_CURVE('',#1930,#1931,#1120,.T.);
#2438=EDGE_CURVE('',#1931,#1931,#417,.T.);
#2439=EDGE_CURVE('',#1932,#1932,#418,.T.);
#2440=EDGE_CURVE('',#1932,#1933,#1121,.T.);
#2441=EDGE_CURVE('',#1933,#1933,#419,.T.);
#2442=EDGE_CURVE('',#1934,#1934,#420,.T.);
#2443=EDGE_CURVE('',#1934,#1935,#1122,.T.);
#2444=EDGE_CURVE('',#1935,#1935,#421,.T.);
#2445=EDGE_CURVE('',#1936,#1936,#422,.T.);
#2446=EDGE_CURVE('',#1936,#1937,#1123,.T.);
#2447=EDGE_CURVE('',#1937,#1937,#423,.T.);
#2448=EDGE_CURVE('',#1938,#1939,#1124,.T.);
#2449=EDGE_CURVE('',#1938,#1940,#1125,.T.);
#2450=EDGE_CURVE('',#1941,#1940,#1126,.T.);
#2451=EDGE_CURVE('',#1939,#1941,#1127,.T.);
#2452=EDGE_CURVE('',#1939,#1942,#1128,.T.);
#2453=EDGE_CURVE('',#1943,#1941,#1129,.T.);
#2454=EDGE_CURVE('',#1942,#1943,#1130,.T.);
#2455=EDGE_CURVE('',#1942,#1944,#1131,.T.);
#2456=EDGE_CURVE('',#1945,#1943,#1132,.T.);
#2457=EDGE_CURVE('',#1944,#1945,#1133,.T.);
#2458=EDGE_CURVE('',#1944,#1938,#1134,.T.);
#2459=EDGE_CURVE('',#1940,#1945,#1135,.T.);
#2460=EDGE_CURVE('',#1946,#1947,#1136,.T.);
#2461=EDGE_CURVE('',#1947,#1948,#1137,.T.);
#2462=EDGE_CURVE('',#1948,#1949,#1138,.T.);
#2463=EDGE_CURVE('',#1949,#1950,#1139,.T.);
#2464=EDGE_CURVE('',#1950,#1951,#1140,.T.);
#2465=EDGE_CURVE('',#1951,#1952,#1141,.T.);
#2466=EDGE_CURVE('',#1952,#1953,#1142,.T.);
#2467=EDGE_CURVE('',#1953,#1954,#1143,.T.);
#2468=EDGE_CURVE('',#1954,#1955,#1144,.T.);
#2469=EDGE_CURVE('',#1955,#1956,#1145,.T.);
#2470=EDGE_CURVE('',#1956,#1957,#1146,.T.);
#2471=EDGE_CURVE('',#1957,#1946,#1147,.T.);
#2472=EDGE_CURVE('',#1958,#1958,#424,.T.);
#2473=EDGE_CURVE('',#1959,#1959,#425,.T.);
#2474=EDGE_CURVE('',#1960,#1960,#426,.T.);
#2475=EDGE_CURVE('',#1961,#1961,#427,.T.);
#2476=EDGE_CURVE('',#1962,#1952,#1148,.T.);
#2477=EDGE_CURVE('',#1963,#1951,#1149,.T.);
#2478=EDGE_CURVE('',#1962,#1963,#1150,.T.);
#2479=EDGE_CURVE('',#1947,#1964,#1151,.T.);
#2480=EDGE_CURVE('',#1965,#1964,#1152,.T.);
#2481=EDGE_CURVE('',#1965,#1948,#1153,.T.);
#2482=EDGE_CURVE('',#1966,#1967,#1154,.T.);
#2483=EDGE_CURVE('',#1968,#1966,#120,.T.);
#2484=EDGE_CURVE('',#1969,#1968,#121,.T.);
#2485=EDGE_CURVE('',#1970,#1969,#122,.T.);
#2486=EDGE_CURVE('',#1971,#1970,#123,.T.);
#2487=EDGE_CURVE('',#1972,#1971,#1155,.T.);
#2488=EDGE_CURVE('',#1973,#1972,#124,.T.);
#2489=EDGE_CURVE('',#1974,#1973,#125,.T.);
#2490=EDGE_CURVE('',#1975,#1974,#126,.T.);
#2491=EDGE_CURVE('',#1976,#1975,#1156,.T.);
#2492=EDGE_CURVE('',#1977,#1976,#1157,.T.);
#2493=EDGE_CURVE('',#1978,#1977,#1158,.T.);
#2494=EDGE_CURVE('',#1967,#1978,#1159,.T.);
#2495=EDGE_CURVE('',#1979,#1980,#1160,.T.);
#2496=EDGE_CURVE('',#1979,#1966,#1161,.T.);
#2497=EDGE_CURVE('',#1980,#1967,#1162,.T.);
#2498=EDGE_CURVE('',#1981,#1979,#127,.T.);
#2499=EDGE_CURVE('',#1981,#1968,#1163,.T.);
#2500=EDGE_CURVE('',#1982,#1981,#128,.T.);
#2501=EDGE_CURVE('',#1982,#1969,#1164,.T.);
#2502=EDGE_CURVE('',#1983,#1982,#129,.T.);
#2503=EDGE_CURVE('',#1983,#1970,#1165,.T.);
#2504=EDGE_CURVE('',#1984,#1983,#130,.T.);
#2505=EDGE_CURVE('',#1984,#1971,#1166,.T.);
#2506=EDGE_CURVE('',#1985,#1984,#1167,.T.);
#2507=EDGE_CURVE('',#1985,#1972,#1168,.T.);
#2508=EDGE_CURVE('',#1986,#1985,#131,.T.);
#2509=EDGE_CURVE('',#1986,#1973,#1169,.T.);
#2510=EDGE_CURVE('',#1987,#1986,#132,.T.);
#2511=EDGE_CURVE('',#1987,#1974,#1170,.T.);
#2512=EDGE_CURVE('',#1988,#1987,#133,.T.);
#2513=EDGE_CURVE('',#1988,#1975,#1171,.T.);
#2514=EDGE_CURVE('',#1989,#1988,#1172,.T.);
#2515=EDGE_CURVE('',#1989,#1976,#1173,.T.);
#2516=EDGE_CURVE('',#1990,#1989,#1174,.T.);
#2517=EDGE_CURVE('',#1990,#1977,#1175,.T.);
#2518=EDGE_CURVE('',#1991,#1990,#1176,.T.);
#2519=EDGE_CURVE('',#1991,#1978,#1177,.T.);
#2520=EDGE_CURVE('',#1980,#1991,#1178,.T.);
#2521=EDGE_CURVE('',#1992,#1993,#1179,.T.);
#2522=EDGE_CURVE('',#1994,#1992,#1180,.T.);
#2523=EDGE_CURVE('',#1995,#1994,#1181,.T.);
#2524=EDGE_CURVE('',#1996,#1995,#134,.T.);
#2525=EDGE_CURVE('',#1997,#1996,#135,.T.);
#2526=EDGE_CURVE('',#1998,#1997,#136,.T.);
#2527=EDGE_CURVE('',#1999,#1998,#137,.T.);
#2528=EDGE_CURVE('',#2000,#1999,#138,.T.);
#2529=EDGE_CURVE('',#2001,#2000,#139,.T.);
#2530=EDGE_CURVE('',#2002,#2001,#140,.T.);
#2531=EDGE_CURVE('',#2003,#2002,#141,.T.);
#2532=EDGE_CURVE('',#2004,#2003,#142,.T.);
#2533=EDGE_CURVE('',#2005,#2004,#1182,.T.);
#2534=EDGE_CURVE('',#1993,#2005,#1183,.T.);
#2535=EDGE_CURVE('',#2006,#2007,#143,.T.);
#2536=EDGE_CURVE('',#2008,#2006,#144,.T.);
#2537=EDGE_CURVE('',#2009,#2008,#145,.T.);
#2538=EDGE_CURVE('',#2010,#2009,#146,.T.);
#2539=EDGE_CURVE('',#2011,#2010,#147,.T.);
#2540=EDGE_CURVE('',#2012,#2011,#148,.T.);
#2541=EDGE_CURVE('',#2013,#2012,#149,.T.);
#2542=EDGE_CURVE('',#2007,#2013,#150,.T.);
#2543=EDGE_CURVE('',#2014,#2015,#1184,.T.);
#2544=EDGE_CURVE('',#2014,#1992,#1185,.T.);
#2545=EDGE_CURVE('',#2015,#1993,#1186,.T.);
#2546=EDGE_CURVE('',#2016,#2014,#1187,.T.);
#2547=EDGE_CURVE('',#2016,#1994,#1188,.T.);
#2548=EDGE_CURVE('',#2017,#2016,#1189,.T.);
#2549=EDGE_CURVE('',#2017,#1995,#1190,.T.);
#2550=EDGE_CURVE('',#2018,#2017,#151,.T.);
#2551=EDGE_CURVE('',#2018,#1996,#1191,.T.);
#2552=EDGE_CURVE('',#2019,#2018,#152,.T.);
#2553=EDGE_CURVE('',#2019,#1997,#1192,.T.);
#2554=EDGE_CURVE('',#2020,#2019,#153,.T.);
#2555=EDGE_CURVE('',#2020,#1998,#1193,.T.);
#2556=EDGE_CURVE('',#2021,#2020,#154,.T.);
#2557=EDGE_CURVE('',#2021,#1999,#1194,.T.);
#2558=EDGE_CURVE('',#2022,#2021,#155,.T.);
#2559=EDGE_CURVE('',#2022,#2000,#1195,.T.);
#2560=EDGE_CURVE('',#2023,#2022,#156,.T.);
#2561=EDGE_CURVE('',#2023,#2001,#1196,.T.);
#2562=EDGE_CURVE('',#2024,#2023,#157,.T.);
#2563=EDGE_CURVE('',#2024,#2002,#1197,.T.);
#2564=EDGE_CURVE('',#2025,#2024,#158,.T.);
#2565=EDGE_CURVE('',#2025,#2003,#1198,.T.);
#2566=EDGE_CURVE('',#2026,#2025,#159,.T.);
#2567=EDGE_CURVE('',#2026,#2004,#1199,.T.);
#2568=EDGE_CURVE('',#2027,#2026,#1200,.T.);
#2569=EDGE_CURVE('',#2027,#2005,#1201,.T.);
#2570=EDGE_CURVE('',#2015,#2027,#1202,.T.);
#2571=EDGE_CURVE('',#2028,#2029,#160,.T.);
#2572=EDGE_CURVE('',#2028,#2006,#1203,.T.);
#2573=EDGE_CURVE('',#2029,#2007,#1204,.T.);
#2574=EDGE_CURVE('',#2030,#2028,#161,.T.);
#2575=EDGE_CURVE('',#2030,#2008,#1205,.T.);
#2576=EDGE_CURVE('',#2031,#2030,#162,.T.);
#2577=EDGE_CURVE('',#2031,#2009,#1206,.T.);
#2578=EDGE_CURVE('',#2032,#2031,#163,.T.);
#2579=EDGE_CURVE('',#2032,#2010,#1207,.T.);
#2580=EDGE_CURVE('',#2033,#2032,#164,.T.);
#2581=EDGE_CURVE('',#2033,#2011,#1208,.T.);
#2582=EDGE_CURVE('',#2034,#2033,#165,.T.);
#2583=EDGE_CURVE('',#2034,#2012,#1209,.T.);
#2584=EDGE_CURVE('',#2035,#2034,#166,.T.);
#2585=EDGE_CURVE('',#2035,#2013,#1210,.T.);
#2586=EDGE_CURVE('',#2029,#2035,#167,.T.);
#2587=EDGE_CURVE('',#2036,#2037,#1211,.T.);
#2588=EDGE_CURVE('',#2038,#2036,#1212,.T.);
#2589=EDGE_CURVE('',#2039,#2038,#168,.T.);
#2590=EDGE_CURVE('',#2040,#2039,#169,.T.);
#2591=EDGE_CURVE('',#2041,#2040,#170,.T.);
#2592=EDGE_CURVE('',#2042,#2041,#171,.T.);
#2593=EDGE_CURVE('',#2043,#2042,#172,.T.);
#2594=EDGE_CURVE('',#2044,#2043,#173,.T.);
#2595=EDGE_CURVE('',#2045,#2044,#1213,.T.);
#2596=EDGE_CURVE('',#2046,#2045,#1214,.T.);
#2597=EDGE_CURVE('',#2037,#2046,#1215,.T.);
#2598=EDGE_CURVE('',#2047,#2048,#1216,.T.);
#2599=EDGE_CURVE('',#2049,#2047,#174,.T.);
#2600=EDGE_CURVE('',#2050,#2049,#175,.T.);
#2601=EDGE_CURVE('',#2051,#2050,#176,.T.);
#2602=EDGE_CURVE('',#2052,#2051,#177,.T.);
#2603=EDGE_CURVE('',#2053,#2052,#178,.T.);
#2604=EDGE_CURVE('',#2054,#2053,#1217,.T.);
#2605=EDGE_CURVE('',#2048,#2054,#1218,.T.);
#2606=EDGE_CURVE('',#2055,#2056,#1219,.T.);
#2607=EDGE_CURVE('',#2055,#2036,#1220,.T.);
#2608=EDGE_CURVE('',#2056,#2037,#1221,.T.);
#2609=EDGE_CURVE('',#2057,#2055,#1222,.T.);
#2610=EDGE_CURVE('',#2057,#2038,#1223,.T.);
#2611=EDGE_CURVE('',#2058,#2057,#179,.T.);
#2612=EDGE_CURVE('',#2058,#2039,#1224,.T.);
#2613=EDGE_CURVE('',#2059,#2058,#180,.T.);
#2614=EDGE_CURVE('',#2059,#2040,#1225,.T.);
#2615=EDGE_CURVE('',#2060,#2059,#181,.T.);
#2616=EDGE_CURVE('',#2060,#2041,#1226,.T.);
#2617=EDGE_CURVE('',#2061,#2060,#182,.T.);
#2618=EDGE_CURVE('',#2061,#2042,#1227,.T.);
#2619=EDGE_CURVE('',#2062,#2061,#183,.T.);
#2620=EDGE_CURVE('',#2062,#2043,#1228,.T.);
#2621=EDGE_CURVE('',#2063,#2062,#184,.T.);
#2622=EDGE_CURVE('',#2063,#2044,#1229,.T.);
#2623=EDGE_CURVE('',#2064,#2063,#1230,.T.);
#2624=EDGE_CURVE('',#2064,#2045,#1231,.T.);
#2625=EDGE_CURVE('',#2065,#2064,#1232,.T.);
#2626=EDGE_CURVE('',#2065,#2046,#1233,.T.);
#2627=EDGE_CURVE('',#2056,#2065,#1234,.T.);
#2628=EDGE_CURVE('',#2066,#2067,#1235,.T.);
#2629=EDGE_CURVE('',#2066,#2047,#1236,.T.);
#2630=EDGE_CURVE('',#2067,#2048,#1237,.T.);
#2631=EDGE_CURVE('',#2068,#2066,#185,.T.);
#2632=EDGE_CURVE('',#2068,#2049,#1238,.T.);
#2633=EDGE_CURVE('',#2069,#2068,#186,.T.);
#2634=EDGE_CURVE('',#2069,#2050,#1239,.T.);
#2635=EDGE_CURVE('',#2070,#2069,#187,.T.);
#2636=EDGE_CURVE('',#2070,#2051,#1240,.T.);
#2637=EDGE_CURVE('',#2071,#2070,#188,.T.);
#2638=EDGE_CURVE('',#2071,#2052,#1241,.T.);
#2639=EDGE_CURVE('',#2072,#2071,#189,.T.);
#2640=EDGE_CURVE('',#2072,#2053,#1242,.T.);
#2641=EDGE_CURVE('',#2073,#2072,#1243,.T.);
#2642=EDGE_CURVE('',#2073,#2054,#1244,.T.);
#2643=EDGE_CURVE('',#2067,#2073,#1245,.T.);
#2644=EDGE_CURVE('',#2074,#2075,#1246,.T.);
#2645=EDGE_CURVE('',#2076,#2074,#1247,.T.);
#2646=EDGE_CURVE('',#2077,#2076,#1248,.T.);
#2647=EDGE_CURVE('',#2078,#2077,#1249,.T.);
#2648=EDGE_CURVE('',#2079,#2078,#1250,.T.);
#2649=EDGE_CURVE('',#2080,#2079,#1251,.T.);
#2650=EDGE_CURVE('',#2081,#2080,#1252,.T.);
#2651=EDGE_CURVE('',#2075,#2081,#1253,.T.);
#2652=EDGE_CURVE('',#2082,#2083,#190,.T.);
#2653=EDGE_CURVE('',#2084,#2082,#191,.T.);
#2654=EDGE_CURVE('',#2085,#2084,#1254,.T.);
#2655=EDGE_CURVE('',#2086,#2085,#1255,.T.);
#2656=EDGE_CURVE('',#2083,#2086,#1256,.T.);
#2657=EDGE_CURVE('',#2087,#2088,#1257,.T.);
#2658=EDGE_CURVE('',#2087,#2074,#1258,.T.);
#2659=EDGE_CURVE('',#2088,#2075,#1259,.T.);
#2660=EDGE_CURVE('',#2089,#2087,#1260,.T.);
#2661=EDGE_CURVE('',#2089,#2076,#1261,.T.);
#2662=EDGE_CURVE('',#2090,#2089,#1262,.T.);
#2663=EDGE_CURVE('',#2090,#2077,#1263,.T.);
#2664=EDGE_CURVE('',#2091,#2090,#1264,.T.);
#2665=EDGE_CURVE('',#2091,#2078,#1265,.T.);
#2666=EDGE_CURVE('',#2092,#2091,#1266,.T.);
#2667=EDGE_CURVE('',#2092,#2079,#1267,.T.);
#2668=EDGE_CURVE('',#2093,#2092,#1268,.T.);
#2669=EDGE_CURVE('',#2093,#2080,#1269,.T.);
#2670=EDGE_CURVE('',#2094,#2093,#1270,.T.);
#2671=EDGE_CURVE('',#2094,#2081,#1271,.T.);
#2672=EDGE_CURVE('',#2088,#2094,#1272,.T.);
#2673=EDGE_CURVE('',#2095,#2096,#192,.T.);
#2674=EDGE_CURVE('',#2095,#2082,#1273,.T.);
#2675=EDGE_CURVE('',#2096,#2083,#1274,.T.);
#2676=EDGE_CURVE('',#2097,#2095,#193,.T.);
#2677=EDGE_CURVE('',#2097,#2084,#1275,.T.);
#2678=EDGE_CURVE('',#2098,#2097,#1276,.T.);
#2679=EDGE_CURVE('',#2098,#2085,#1277,.T.);
#2680=EDGE_CURVE('',#2099,#2098,#1278,.T.);
#2681=EDGE_CURVE('',#2099,#2086,#1279,.T.);
#2682=EDGE_CURVE('',#2096,#2099,#1280,.T.);
#2683=EDGE_CURVE('',#2100,#2101,#1281,.T.);
#2684=EDGE_CURVE('',#2102,#2100,#194,.T.);
#2685=EDGE_CURVE('',#2103,#2102,#195,.T.);
#2686=EDGE_CURVE('',#2104,#2103,#1282,.T.);
#2687=EDGE_CURVE('',#2105,#2104,#196,.T.);
#2688=EDGE_CURVE('',#2106,#2105,#197,.T.);
#2689=EDGE_CURVE('',#2107,#2106,#198,.T.);
#2690=EDGE_CURVE('',#2108,#2107,#199,.T.);
#2691=EDGE_CURVE('',#2109,#2108,#200,.T.);
#2692=EDGE_CURVE('',#2110,#2109,#201,.T.);
#2693=EDGE_CURVE('',#2111,#2110,#202,.T.);
#2694=EDGE_CURVE('',#2112,#2111,#1283,.T.);
#2695=EDGE_CURVE('',#2113,#2112,#203,.T.);
#2696=EDGE_CURVE('',#2114,#2113,#204,.T.);
#2697=EDGE_CURVE('',#2115,#2114,#205,.T.);
#2698=EDGE_CURVE('',#2116,#2115,#206,.T.);
#2699=EDGE_CURVE('',#2117,#2116,#207,.T.);
#2700=EDGE_CURVE('',#2118,#2117,#208,.T.);
#2701=EDGE_CURVE('',#2119,#2118,#209,.T.);
#2702=EDGE_CURVE('',#2120,#2119,#210,.T.);
#2703=EDGE_CURVE('',#2121,#2120,#211,.T.);
#2704=EDGE_CURVE('',#2122,#2121,#212,.T.);
#2705=EDGE_CURVE('',#2123,#2122,#213,.T.);
#2706=EDGE_CURVE('',#2124,#2123,#214,.T.);
#2707=EDGE_CURVE('',#2125,#2124,#215,.T.);
#2708=EDGE_CURVE('',#2126,#2125,#216,.T.);
#2709=EDGE_CURVE('',#2101,#2126,#217,.T.);
#2710=EDGE_CURVE('',#2127,#2128,#218,.T.);
#2711=EDGE_CURVE('',#2129,#2127,#219,.T.);
#2712=EDGE_CURVE('',#2130,#2129,#220,.T.);
#2713=EDGE_CURVE('',#2131,#2130,#221,.T.);
#2714=EDGE_CURVE('',#2132,#2131,#222,.T.);
#2715=EDGE_CURVE('',#2133,#2132,#223,.T.);
#2716=EDGE_CURVE('',#2134,#2133,#224,.T.);
#2717=EDGE_CURVE('',#2135,#2134,#225,.T.);
#2718=EDGE_CURVE('',#2136,#2135,#226,.T.);
#2719=EDGE_CURVE('',#2128,#2136,#1284,.T.);
#2720=EDGE_CURVE('',#2137,#2138,#1285,.T.);
#2721=EDGE_CURVE('',#2137,#2100,#1286,.T.);
#2722=EDGE_CURVE('',#2138,#2101,#1287,.T.);
#2723=EDGE_CURVE('',#2139,#2137,#227,.T.);
#2724=EDGE_CURVE('',#2139,#2102,#1288,.T.);
#2725=EDGE_CURVE('',#2140,#2139,#228,.T.);
#2726=EDGE_CURVE('',#2140,#2103,#1289,.T.);
#2727=EDGE_CURVE('',#2141,#2140,#1290,.T.);
#2728=EDGE_CURVE('',#2141,#2104,#1291,.T.);
#2729=EDGE_CURVE('',#2142,#2141,#229,.T.);
#2730=EDGE_CURVE('',#2142,#2105,#1292,.T.);
#2731=EDGE_CURVE('',#2143,#2142,#230,.T.);
#2732=EDGE_CURVE('',#2143,#2106,#1293,.T.);
#2733=EDGE_CURVE('',#2144,#2143,#231,.T.);
#2734=EDGE_CURVE('',#2144,#2107,#1294,.T.);
#2735=EDGE_CURVE('',#2145,#2144,#232,.T.);
#2736=EDGE_CURVE('',#2145,#2108,#1295,.T.);
#2737=EDGE_CURVE('',#2146,#2145,#233,.T.);
#2738=EDGE_CURVE('',#2146,#2109,#1296,.T.);
#2739=EDGE_CURVE('',#2147,#2146,#234,.T.);
#2740=EDGE_CURVE('',#2147,#2110,#1297,.T.);
#2741=EDGE_CURVE('',#2148,#2147,#235,.T.);
#2742=EDGE_CURVE('',#2148,#2111,#1298,.T.);
#2743=EDGE_CURVE('',#2149,#2148,#1299,.T.);
#2744=EDGE_CURVE('',#2149,#2112,#1300,.T.);
#2745=EDGE_CURVE('',#2150,#2149,#236,.T.);
#2746=EDGE_CURVE('',#2150,#2113,#1301,.T.);
#2747=EDGE_CURVE('',#2151,#2150,#237,.T.);
#2748=EDGE_CURVE('',#2151,#2114,#1302,.T.);
#2749=EDGE_CURVE('',#2152,#2151,#238,.T.);
#2750=EDGE_CURVE('',#2152,#2115,#1303,.T.);
#2751=EDGE_CURVE('',#2153,#2152,#239,.T.);
#2752=EDGE_CURVE('',#2153,#2116,#1304,.T.);
#2753=EDGE_CURVE('',#2154,#2153,#240,.T.);
#2754=EDGE_CURVE('',#2154,#2117,#1305,.T.);
#2755=EDGE_CURVE('',#2155,#2154,#241,.T.);
#2756=EDGE_CURVE('',#2155,#2118,#1306,.T.);
#2757=EDGE_CURVE('',#2156,#2155,#242,.T.);
#2758=EDGE_CURVE('',#2156,#2119,#1307,.T.);
#2759=EDGE_CURVE('',#2157,#2156,#243,.T.);
#2760=EDGE_CURVE('',#2157,#2120,#1308,.T.);
#2761=EDGE_CURVE('',#2158,#2157,#244,.T.);
#2762=EDGE_CURVE('',#2158,#2121,#1309,.T.);
#2763=EDGE_CURVE('',#2159,#2158,#245,.T.);
#2764=EDGE_CURVE('',#2159,#2122,#1310,.T.);
#2765=EDGE_CURVE('',#2160,#2159,#246,.T.);
#2766=EDGE_CURVE('',#2160,#2123,#1311,.T.);
#2767=EDGE_CURVE('',#2161,#2160,#247,.T.);
#2768=EDGE_CURVE('',#2161,#2124,#1312,.T.);
#2769=EDGE_CURVE('',#2162,#2161,#248,.T.);
#2770=EDGE_CURVE('',#2162,#2125,#1313,.T.);
#2771=EDGE_CURVE('',#2163,#2162,#249,.T.);
#2772=EDGE_CURVE('',#2163,#2126,#1314,.T.);
#2773=EDGE_CURVE('',#2138,#2163,#250,.T.);
#2774=EDGE_CURVE('',#2164,#2165,#251,.T.);
#2775=EDGE_CURVE('',#2164,#2127,#1315,.T.);
#2776=EDGE_CURVE('',#2165,#2128,#1316,.T.);
#2777=EDGE_CURVE('',#2166,#2164,#252,.T.);
#2778=EDGE_CURVE('',#2166,#2129,#1317,.T.);
#2779=EDGE_CURVE('',#2167,#2166,#253,.T.);
#2780=EDGE_CURVE('',#2167,#2130,#1318,.T.);
#2781=EDGE_CURVE('',#2168,#2167,#254,.T.);
#2782=EDGE_CURVE('',#2168,#2131,#1319,.T.);
#2783=EDGE_CURVE('',#2169,#2168,#255,.T.);
#2784=EDGE_CURVE('',#2169,#2132,#1320,.T.);
#2785=EDGE_CURVE('',#2170,#2169,#256,.T.);
#2786=EDGE_CURVE('',#2170,#2133,#1321,.T.);
#2787=EDGE_CURVE('',#2171,#2170,#257,.T.);
#2788=EDGE_CURVE('',#2171,#2134,#1322,.T.);
#2789=EDGE_CURVE('',#2172,#2171,#258,.T.);
#2790=EDGE_CURVE('',#2172,#2135,#1323,.T.);
#2791=EDGE_CURVE('',#2173,#2172,#259,.T.);
#2792=EDGE_CURVE('',#2173,#2136,#1324,.T.);
#2793=EDGE_CURVE('',#2165,#2173,#1325,.T.);
#2794=EDGE_CURVE('',#2174,#2175,#260,.T.);
#2795=EDGE_CURVE('',#2176,#2174,#261,.T.);
#2796=EDGE_CURVE('',#2177,#2176,#262,.T.);
#2797=EDGE_CURVE('',#2178,#2177,#263,.T.);
#2798=EDGE_CURVE('',#2179,#2178,#264,.T.);
#2799=EDGE_CURVE('',#2180,#2179,#265,.T.);
#2800=EDGE_CURVE('',#2181,#2180,#266,.T.);
#2801=EDGE_CURVE('',#2182,#2181,#267,.T.);
#2802=EDGE_CURVE('',#2175,#2182,#268,.T.);
#2803=EDGE_CURVE('',#2183,#2184,#269,.T.);
#2804=EDGE_CURVE('',#2185,#2183,#270,.T.);
#2805=EDGE_CURVE('',#2186,#2185,#271,.T.);
#2806=EDGE_CURVE('',#2187,#2186,#272,.T.);
#2807=EDGE_CURVE('',#2188,#2187,#273,.T.);
#2808=EDGE_CURVE('',#2189,#2188,#274,.T.);
#2809=EDGE_CURVE('',#2190,#2189,#275,.T.);
#2810=EDGE_CURVE('',#2184,#2190,#276,.T.);
#2811=EDGE_CURVE('',#2191,#2192,#277,.T.);
#2812=EDGE_CURVE('',#2191,#2174,#1326,.T.);
#2813=EDGE_CURVE('',#2192,#2175,#1327,.T.);
#2814=EDGE_CURVE('',#2193,#2191,#278,.T.);
#2815=EDGE_CURVE('',#2193,#2176,#1328,.T.);
#2816=EDGE_CURVE('',#2194,#2193,#279,.T.);
#2817=EDGE_CURVE('',#2194,#2177,#1329,.T.);
#2818=EDGE_CURVE('',#2195,#2194,#280,.T.);
#2819=EDGE_CURVE('',#2195,#2178,#1330,.T.);
#2820=EDGE_CURVE('',#2196,#2195,#281,.T.);
#2821=EDGE_CURVE('',#2196,#2179,#1331,.T.);
#2822=EDGE_CURVE('',#2197,#2196,#282,.T.);
#2823=EDGE_CURVE('',#2197,#2180,#1332,.T.);
#2824=EDGE_CURVE('',#2198,#2197,#283,.T.);
#2825=EDGE_CURVE('',#2198,#2181,#1333,.T.);
#2826=EDGE_CURVE('',#2199,#2198,#284,.T.);
#2827=EDGE_CURVE('',#2199,#2182,#1334,.T.);
#2828=EDGE_CURVE('',#2192,#2199,#285,.T.);
#2829=EDGE_CURVE('',#2200,#2201,#286,.T.);
#2830=EDGE_CURVE('',#2200,#2183,#1335,.T.);
#2831=EDGE_CURVE('',#2201,#2184,#1336,.T.);
#2832=EDGE_CURVE('',#2202,#2200,#287,.T.);
#2833=EDGE_CURVE('',#2202,#2185,#1337,.T.);
#2834=EDGE_CURVE('',#2203,#2202,#288,.T.);
#2835=EDGE_CURVE('',#2203,#2186,#1338,.T.);
#2836=EDGE_CURVE('',#2204,#2203,#289,.T.);
#2837=EDGE_CURVE('',#2204,#2187,#1339,.T.);
#2838=EDGE_CURVE('',#2205,#2204,#290,.T.);
#2839=EDGE_CURVE('',#2205,#2188,#1340,.T.);
#2840=EDGE_CURVE('',#2206,#2205,#291,.T.);
#2841=EDGE_CURVE('',#2206,#2189,#1341,.T.);
#2842=EDGE_CURVE('',#2207,#2206,#292,.T.);
#2843=EDGE_CURVE('',#2207,#2190,#1342,.T.);
#2844=EDGE_CURVE('',#2201,#2207,#293,.T.);
#2845=EDGE_CURVE('',#2208,#2209,#1343,.T.);
#2846=EDGE_CURVE('',#2210,#2208,#294,.T.);
#2847=EDGE_CURVE('',#2211,#2210,#295,.T.);
#2848=EDGE_CURVE('',#2212,#2211,#296,.T.);
#2849=EDGE_CURVE('',#2213,#2212,#297,.T.);
#2850=EDGE_CURVE('',#2214,#2213,#298,.T.);
#2851=EDGE_CURVE('',#2215,#2214,#1344,.T.);
#2852=EDGE_CURVE('',#2216,#2215,#1345,.T.);
#2853=EDGE_CURVE('',#2217,#2216,#1346,.T.);
#2854=EDGE_CURVE('',#2218,#2217,#299,.T.);
#2855=EDGE_CURVE('',#2219,#2218,#300,.T.);
#2856=EDGE_CURVE('',#2220,#2219,#301,.T.);
#2857=EDGE_CURVE('',#2221,#2220,#302,.T.);
#2858=EDGE_CURVE('',#2222,#2221,#303,.T.);
#2859=EDGE_CURVE('',#2223,#2222,#1347,.T.);
#2860=EDGE_CURVE('',#2224,#2223,#1348,.T.);
#2861=EDGE_CURVE('',#2225,#2224,#1349,.T.);
#2862=EDGE_CURVE('',#2209,#2225,#1350,.T.);
#2863=EDGE_CURVE('',#2226,#2227,#1351,.T.);
#2864=EDGE_CURVE('',#2226,#2208,#1352,.T.);
#2865=EDGE_CURVE('',#2227,#2209,#1353,.T.);
#2866=EDGE_CURVE('',#2228,#2226,#304,.T.);
#2867=EDGE_CURVE('',#2228,#2210,#1354,.T.);
#2868=EDGE_CURVE('',#2229,#2228,#305,.T.);
#2869=EDGE_CURVE('',#2229,#2211,#1355,.T.);
#2870=EDGE_CURVE('',#2230,#2229,#306,.T.);
#2871=EDGE_CURVE('',#2230,#2212,#1356,.T.);
#2872=EDGE_CURVE('',#2231,#2230,#307,.T.);
#2873=EDGE_CURVE('',#2231,#2213,#1357,.T.);
#2874=EDGE_CURVE('',#2232,#2231,#308,.T.);
#2875=EDGE_CURVE('',#2232,#2214,#1358,.T.);
#2876=EDGE_CURVE('',#2233,#2232,#1359,.T.);
#2877=EDGE_CURVE('',#2233,#2215,#1360,.T.);
#2878=EDGE_CURVE('',#2234,#2233,#1361,.T.);
#2879=EDGE_CURVE('',#2234,#2216,#1362,.T.);
#2880=EDGE_CURVE('',#2235,#2234,#1363,.T.);
#2881=EDGE_CURVE('',#2235,#2217,#1364,.T.);
#2882=EDGE_CURVE('',#2236,#2235,#309,.T.);
#2883=EDGE_CURVE('',#2236,#2218,#1365,.T.);
#2884=EDGE_CURVE('',#2237,#2236,#310,.T.);
#2885=EDGE_CURVE('',#2237,#2219,#1366,.T.);
#2886=EDGE_CURVE('',#2238,#2237,#311,.T.);
#2887=EDGE_CURVE('',#2238,#2220,#1367,.T.);
#2888=EDGE_CURVE('',#2239,#2238,#312,.T.);
#2889=EDGE_CURVE('',#2239,#2221,#1368,.T.);
#2890=EDGE_CURVE('',#2240,#2239,#313,.T.);
#2891=EDGE_CURVE('',#2240,#2222,#1369,.T.);
#2892=EDGE_CURVE('',#2241,#2240,#1370,.T.);
#2893=EDGE_CURVE('',#2241,#2223,#1371,.T.);
#2894=EDGE_CURVE('',#2242,#2241,#1372,.T.);
#2895=EDGE_CURVE('',#2242,#2224,#1373,.T.);
#2896=EDGE_CURVE('',#2243,#2242,#1374,.T.);
#2897=EDGE_CURVE('',#2243,#2225,#1375,.T.);
#2898=EDGE_CURVE('',#2227,#2243,#1376,.T.);
#2899=EDGE_CURVE('',#2244,#1962,#1377,.T.);
#2900=EDGE_CURVE('',#1953,#2244,#1378,.T.);
#2901=EDGE_CURVE('',#2245,#1946,#1379,.T.);
#2902=EDGE_CURVE('',#2245,#1964,#1380,.T.);
#2903=EDGE_CURVE('',#1963,#2246,#1381,.T.);
#2904=EDGE_CURVE('',#2246,#2247,#1382,.T.);
#2905=EDGE_CURVE('',#2247,#1965,#1383,.T.);
#2906=EDGE_CURVE('',#2244,#2245,#1384,.T.);
#2907=EDGE_CURVE('',#2247,#1949,#1385,.T.);
#2908=EDGE_CURVE('',#2246,#1950,#1386,.T.);
#2909=EDGE_CURVE('',#1961,#2248,#1387,.T.);
#2910=EDGE_CURVE('',#2248,#2248,#428,.T.);
#2911=EDGE_CURVE('',#1958,#2249,#1388,.T.);
#2912=EDGE_CURVE('',#2249,#2249,#429,.T.);
#2913=EDGE_CURVE('',#1959,#2250,#1389,.T.);
#2914=EDGE_CURVE('',#2250,#2250,#430,.T.);
#2915=EDGE_CURVE('',#1960,#2251,#1390,.T.);
#2916=EDGE_CURVE('',#2251,#2251,#431,.T.);
#2917=EDGE_CURVE('',#2252,#2253,#1391,.T.);
#2918=EDGE_CURVE('',#2252,#1957,#1392,.T.);
#2919=EDGE_CURVE('',#2253,#1956,#1393,.T.);
#2920=EDGE_CURVE('',#2253,#2254,#1394,.T.);
#2921=EDGE_CURVE('',#2254,#1955,#1395,.T.);
#2922=EDGE_CURVE('',#2254,#2255,#1396,.T.);
#2923=EDGE_CURVE('',#2255,#1954,#1397,.T.);
#2924=EDGE_CURVE('',#2255,#2252,#1398,.T.);
#2925=ORIENTED_EDGE('',*,*,#2256,.F.);
#2926=ORIENTED_EDGE('',*,*,#2257,.F.);
#2927=ORIENTED_EDGE('',*,*,#2258,.F.);
#2928=ORIENTED_EDGE('',*,*,#2259,.T.);
#2929=ORIENTED_EDGE('',*,*,#2260,.F.);
#2930=ORIENTED_EDGE('',*,*,#2259,.F.);
#2931=ORIENTED_EDGE('',*,*,#2261,.F.);
#2932=ORIENTED_EDGE('',*,*,#2262,.T.);
#2933=ORIENTED_EDGE('',*,*,#2263,.F.);
#2934=ORIENTED_EDGE('',*,*,#2262,.F.);
#2935=ORIENTED_EDGE('',*,*,#2264,.F.);
#2936=ORIENTED_EDGE('',*,*,#2265,.T.);
#2937=ORIENTED_EDGE('',*,*,#2266,.F.);
#2938=ORIENTED_EDGE('',*,*,#2265,.F.);
#2939=ORIENTED_EDGE('',*,*,#2267,.F.);
#2940=ORIENTED_EDGE('',*,*,#2257,.T.);
#2941=ORIENTED_EDGE('',*,*,#2268,.T.);
#2942=ORIENTED_EDGE('',*,*,#2269,.T.);
#2943=ORIENTED_EDGE('',*,*,#2270,.F.);
#2944=ORIENTED_EDGE('',*,*,#2271,.F.);
#2945=ORIENTED_EDGE('',*,*,#2272,.T.);
#2946=ORIENTED_EDGE('',*,*,#2271,.T.);
#2947=ORIENTED_EDGE('',*,*,#2273,.F.);
#2948=ORIENTED_EDGE('',*,*,#2274,.F.);
#2949=ORIENTED_EDGE('',*,*,#2275,.T.);
#2950=ORIENTED_EDGE('',*,*,#2274,.T.);
#2951=ORIENTED_EDGE('',*,*,#2276,.F.);
#2952=ORIENTED_EDGE('',*,*,#2277,.F.);
#2953=ORIENTED_EDGE('',*,*,#2278,.T.);
#2954=ORIENTED_EDGE('',*,*,#2277,.T.);
#2955=ORIENTED_EDGE('',*,*,#2279,.F.);
#2956=ORIENTED_EDGE('',*,*,#2280,.F.);
#2957=ORIENTED_EDGE('',*,*,#2281,.T.);
#2958=ORIENTED_EDGE('',*,*,#2280,.T.);
#2959=ORIENTED_EDGE('',*,*,#2282,.F.);
#2960=ORIENTED_EDGE('',*,*,#2283,.F.);
#2961=ORIENTED_EDGE('',*,*,#2284,.T.);
#2962=ORIENTED_EDGE('',*,*,#2285,.T.);
#2963=ORIENTED_EDGE('',*,*,#2286,.F.);
#2964=ORIENTED_EDGE('',*,*,#2269,.F.);
#2965=ORIENTED_EDGE('',*,*,#2287,.T.);
#2966=ORIENTED_EDGE('',*,*,#2288,.T.);
#2967=ORIENTED_EDGE('',*,*,#2289,.F.);
#2968=ORIENTED_EDGE('',*,*,#2285,.F.);
#2969=ORIENTED_EDGE('',*,*,#2290,.T.);
#2970=ORIENTED_EDGE('',*,*,#2283,.T.);
#2971=ORIENTED_EDGE('',*,*,#2291,.F.);
#2972=ORIENTED_EDGE('',*,*,#2288,.F.);
#2973=ORIENTED_EDGE('',*,*,#2292,.T.);
#2974=ORIENTED_EDGE('',*,*,#2293,.T.);
#2975=ORIENTED_EDGE('',*,*,#2294,.F.);
#2976=ORIENTED_EDGE('',*,*,#2295,.F.);
#2977=ORIENTED_EDGE('',*,*,#2296,.T.);
#2978=ORIENTED_EDGE('',*,*,#2295,.T.);
#2979=ORIENTED_EDGE('',*,*,#2297,.F.);
#2980=ORIENTED_EDGE('',*,*,#2298,.F.);
#2981=ORIENTED_EDGE('',*,*,#2299,.T.);
#2982=ORIENTED_EDGE('',*,*,#2298,.T.);
#2983=ORIENTED_EDGE('',*,*,#2300,.F.);
#2984=ORIENTED_EDGE('',*,*,#2301,.F.);
#2985=ORIENTED_EDGE('',*,*,#2302,.T.);
#2986=ORIENTED_EDGE('',*,*,#2301,.T.);
#2987=ORIENTED_EDGE('',*,*,#2303,.F.);
#2988=ORIENTED_EDGE('',*,*,#2304,.F.);
#2989=ORIENTED_EDGE('',*,*,#2305,.T.);
#2990=ORIENTED_EDGE('',*,*,#2304,.T.);
#2991=ORIENTED_EDGE('',*,*,#2306,.F.);
#2992=ORIENTED_EDGE('',*,*,#2307,.F.);
#2993=ORIENTED_EDGE('',*,*,#2308,.T.);
#2994=ORIENTED_EDGE('',*,*,#2309,.T.);
#2995=ORIENTED_EDGE('',*,*,#2310,.F.);
#2996=ORIENTED_EDGE('',*,*,#2293,.F.);
#2997=ORIENTED_EDGE('',*,*,#2311,.T.);
#2998=ORIENTED_EDGE('',*,*,#2312,.T.);
#2999=ORIENTED_EDGE('',*,*,#2313,.F.);
#3000=ORIENTED_EDGE('',*,*,#2309,.F.);
#3001=ORIENTED_EDGE('',*,*,#2314,.T.);
#3002=ORIENTED_EDGE('',*,*,#2307,.T.);
#3003=ORIENTED_EDGE('',*,*,#2315,.F.);
#3004=ORIENTED_EDGE('',*,*,#2312,.F.);
#3005=ORIENTED_EDGE('',*,*,#2316,.T.);
#3006=ORIENTED_EDGE('',*,*,#2317,.T.);
#3007=ORIENTED_EDGE('',*,*,#2318,.F.);
#3008=ORIENTED_EDGE('',*,*,#2319,.F.);
#3009=ORIENTED_EDGE('',*,*,#2320,.T.);
#3010=ORIENTED_EDGE('',*,*,#2319,.T.);
#3011=ORIENTED_EDGE('',*,*,#2321,.F.);
#3012=ORIENTED_EDGE('',*,*,#2322,.F.);
#3013=ORIENTED_EDGE('',*,*,#2323,.T.);
#3014=ORIENTED_EDGE('',*,*,#2322,.T.);
#3015=ORIENTED_EDGE('',*,*,#2324,.F.);
#3016=ORIENTED_EDGE('',*,*,#2325,.F.);
#3017=ORIENTED_EDGE('',*,*,#2326,.T.);
#3018=ORIENTED_EDGE('',*,*,#2325,.T.);
#3019=ORIENTED_EDGE('',*,*,#2327,.F.);
#3020=ORIENTED_EDGE('',*,*,#2328,.F.);
#3021=ORIENTED_EDGE('',*,*,#2329,.T.);
#3022=ORIENTED_EDGE('',*,*,#2328,.T.);
#3023=ORIENTED_EDGE('',*,*,#2330,.F.);
#3024=ORIENTED_EDGE('',*,*,#2331,.F.);
#3025=ORIENTED_EDGE('',*,*,#2332,.T.);
#3026=ORIENTED_EDGE('',*,*,#2333,.T.);
#3027=ORIENTED_EDGE('',*,*,#2334,.F.);
#3028=ORIENTED_EDGE('',*,*,#2317,.F.);
#3029=ORIENTED_EDGE('',*,*,#2335,.T.);
#3030=ORIENTED_EDGE('',*,*,#2336,.T.);
#3031=ORIENTED_EDGE('',*,*,#2337,.F.);
#3032=ORIENTED_EDGE('',*,*,#2333,.F.);
#3033=ORIENTED_EDGE('',*,*,#2338,.T.);
#3034=ORIENTED_EDGE('',*,*,#2331,.T.);
#3035=ORIENTED_EDGE('',*,*,#2339,.F.);
#3036=ORIENTED_EDGE('',*,*,#2336,.F.);
#3037=ORIENTED_EDGE('',*,*,#2340,.T.);
#3038=ORIENTED_EDGE('',*,*,#2341,.T.);
#3039=ORIENTED_EDGE('',*,*,#2342,.F.);
#3040=ORIENTED_EDGE('',*,*,#2343,.F.);
#3041=ORIENTED_EDGE('',*,*,#2344,.T.);
#3042=ORIENTED_EDGE('',*,*,#2343,.T.);
#3043=ORIENTED_EDGE('',*,*,#2345,.F.);
#3044=ORIENTED_EDGE('',*,*,#2346,.F.);
#3045=ORIENTED_EDGE('',*,*,#2347,.T.);
#3046=ORIENTED_EDGE('',*,*,#2346,.T.);
#3047=ORIENTED_EDGE('',*,*,#2348,.F.);
#3048=ORIENTED_EDGE('',*,*,#2349,.F.);
#3049=ORIENTED_EDGE('',*,*,#2350,.T.);
#3050=ORIENTED_EDGE('',*,*,#2349,.T.);
#3051=ORIENTED_EDGE('',*,*,#2351,.F.);
#3052=ORIENTED_EDGE('',*,*,#2341,.F.);
#3053=ORIENTED_EDGE('',*,*,#2352,.T.);
#3054=ORIENTED_EDGE('',*,*,#2353,.T.);
#3055=ORIENTED_EDGE('',*,*,#2354,.F.);
#3056=ORIENTED_EDGE('',*,*,#2355,.F.);
#3057=ORIENTED_EDGE('',*,*,#2356,.T.);
#3058=ORIENTED_EDGE('',*,*,#2355,.T.);
#3059=ORIENTED_EDGE('',*,*,#2357,.F.);
#3060=ORIENTED_EDGE('',*,*,#2358,.F.);
#3061=ORIENTED_EDGE('',*,*,#2359,.T.);
#3062=ORIENTED_EDGE('',*,*,#2358,.T.);
#3063=ORIENTED_EDGE('',*,*,#2360,.F.);
#3064=ORIENTED_EDGE('',*,*,#2361,.F.);
#3065=ORIENTED_EDGE('',*,*,#2362,.T.);
#3066=ORIENTED_EDGE('',*,*,#2361,.T.);
#3067=ORIENTED_EDGE('',*,*,#2363,.F.);
#3068=ORIENTED_EDGE('',*,*,#2353,.F.);
#3069=ORIENTED_EDGE('',*,*,#2364,.T.);
#3070=ORIENTED_EDGE('',*,*,#2365,.T.);
#3071=ORIENTED_EDGE('',*,*,#2366,.F.);
#3072=ORIENTED_EDGE('',*,*,#2367,.F.);
#3073=ORIENTED_EDGE('',*,*,#2368,.T.);
#3074=ORIENTED_EDGE('',*,*,#2367,.T.);
#3075=ORIENTED_EDGE('',*,*,#2369,.F.);
#3076=ORIENTED_EDGE('',*,*,#2370,.F.);
#3077=ORIENTED_EDGE('',*,*,#2371,.T.);
#3078=ORIENTED_EDGE('',*,*,#2370,.T.);
#3079=ORIENTED_EDGE('',*,*,#2372,.F.);
#3080=ORIENTED_EDGE('',*,*,#2373,.F.);
#3081=ORIENTED_EDGE('',*,*,#2374,.T.);
#3082=ORIENTED_EDGE('',*,*,#2373,.T.);
#3083=ORIENTED_EDGE('',*,*,#2375,.F.);
#3084=ORIENTED_EDGE('',*,*,#2376,.F.);
#3085=ORIENTED_EDGE('',*,*,#2377,.T.);
#3086=ORIENTED_EDGE('',*,*,#2376,.T.);
#3087=ORIENTED_EDGE('',*,*,#2378,.F.);
#3088=ORIENTED_EDGE('',*,*,#2379,.F.);
#3089=ORIENTED_EDGE('',*,*,#2380,.T.);
#3090=ORIENTED_EDGE('',*,*,#2381,.T.);
#3091=ORIENTED_EDGE('',*,*,#2382,.F.);
#3092=ORIENTED_EDGE('',*,*,#2365,.F.);
#3093=ORIENTED_EDGE('',*,*,#2383,.T.);
#3094=ORIENTED_EDGE('',*,*,#2384,.T.);
#3095=ORIENTED_EDGE('',*,*,#2385,.F.);
#3096=ORIENTED_EDGE('',*,*,#2381,.F.);
#3097=ORIENTED_EDGE('',*,*,#2386,.T.);
#3098=ORIENTED_EDGE('',*,*,#2379,.T.);
#3099=ORIENTED_EDGE('',*,*,#2387,.F.);
#3100=ORIENTED_EDGE('',*,*,#2384,.F.);
#3101=ORIENTED_EDGE('',*,*,#2388,.T.);
#3102=ORIENTED_EDGE('',*,*,#2389,.T.);
#3103=ORIENTED_EDGE('',*,*,#2390,.F.);
#3104=ORIENTED_EDGE('',*,*,#2391,.F.);
#3105=ORIENTED_EDGE('',*,*,#2392,.T.);
#3106=ORIENTED_EDGE('',*,*,#2391,.T.);
#3107=ORIENTED_EDGE('',*,*,#2393,.F.);
#3108=ORIENTED_EDGE('',*,*,#2394,.F.);
#3109=ORIENTED_EDGE('',*,*,#2395,.T.);
#3110=ORIENTED_EDGE('',*,*,#2394,.T.);
#3111=ORIENTED_EDGE('',*,*,#2396,.F.);
#3112=ORIENTED_EDGE('',*,*,#2397,.F.);
#3113=ORIENTED_EDGE('',*,*,#2398,.T.);
#3114=ORIENTED_EDGE('',*,*,#2397,.T.);
#3115=ORIENTED_EDGE('',*,*,#2399,.F.);
#3116=ORIENTED_EDGE('',*,*,#2400,.F.);
#3117=ORIENTED_EDGE('',*,*,#2401,.T.);
#3118=ORIENTED_EDGE('',*,*,#2400,.T.);
#3119=ORIENTED_EDGE('',*,*,#2402,.F.);
#3120=ORIENTED_EDGE('',*,*,#2403,.F.);
#3121=ORIENTED_EDGE('',*,*,#2404,.T.);
#3122=ORIENTED_EDGE('',*,*,#2405,.T.);
#3123=ORIENTED_EDGE('',*,*,#2406,.F.);
#3124=ORIENTED_EDGE('',*,*,#2389,.F.);
#3125=ORIENTED_EDGE('',*,*,#2407,.T.);
#3126=ORIENTED_EDGE('',*,*,#2408,.T.);
#3127=ORIENTED_EDGE('',*,*,#2409,.F.);
#3128=ORIENTED_EDGE('',*,*,#2405,.F.);
#3129=ORIENTED_EDGE('',*,*,#2410,.T.);
#3130=ORIENTED_EDGE('',*,*,#2403,.T.);
#3131=ORIENTED_EDGE('',*,*,#2411,.F.);
#3132=ORIENTED_EDGE('',*,*,#2408,.F.);
#3133=ORIENTED_EDGE('',*,*,#2412,.T.);
#3134=ORIENTED_EDGE('',*,*,#2413,.T.);
#3135=ORIENTED_EDGE('',*,*,#2414,.F.);
#3136=ORIENTED_EDGE('',*,*,#2415,.F.);
#3137=ORIENTED_EDGE('',*,*,#2416,.T.);
#3138=ORIENTED_EDGE('',*,*,#2415,.T.);
#3139=ORIENTED_EDGE('',*,*,#2417,.F.);
#3140=ORIENTED_EDGE('',*,*,#2418,.F.);
#3141=ORIENTED_EDGE('',*,*,#2419,.T.);
#3142=ORIENTED_EDGE('',*,*,#2418,.T.);
#3143=ORIENTED_EDGE('',*,*,#2420,.F.);
#3144=ORIENTED_EDGE('',*,*,#2421,.F.);
#3145=ORIENTED_EDGE('',*,*,#2422,.T.);
#3146=ORIENTED_EDGE('',*,*,#2421,.T.);
#3147=ORIENTED_EDGE('',*,*,#2423,.F.);
#3148=ORIENTED_EDGE('',*,*,#2424,.F.);
#3149=ORIENTED_EDGE('',*,*,#2425,.T.);
#3150=ORIENTED_EDGE('',*,*,#2424,.T.);
#3151=ORIENTED_EDGE('',*,*,#2426,.F.);
#3152=ORIENTED_EDGE('',*,*,#2427,.F.);
#3153=ORIENTED_EDGE('',*,*,#2428,.T.);
#3154=ORIENTED_EDGE('',*,*,#2429,.T.);
#3155=ORIENTED_EDGE('',*,*,#2430,.F.);
#3156=ORIENTED_EDGE('',*,*,#2413,.F.);
#3157=ORIENTED_EDGE('',*,*,#2431,.T.);
#3158=ORIENTED_EDGE('',*,*,#2432,.T.);
#3159=ORIENTED_EDGE('',*,*,#2433,.F.);
#3160=ORIENTED_EDGE('',*,*,#2429,.F.);
#3161=ORIENTED_EDGE('',*,*,#2434,.T.);
#3162=ORIENTED_EDGE('',*,*,#2427,.T.);
#3163=ORIENTED_EDGE('',*,*,#2435,.F.);
#3164=ORIENTED_EDGE('',*,*,#2432,.F.);
#3165=ORIENTED_EDGE('',*,*,#2436,.F.);
#3166=ORIENTED_EDGE('',*,*,#2437,.T.);
#3167=ORIENTED_EDGE('',*,*,#2438,.T.);
#3168=ORIENTED_EDGE('',*,*,#2437,.F.);
#3169=ORIENTED_EDGE('',*,*,#2439,.F.);
#3170=ORIENTED_EDGE('',*,*,#2440,.T.);
#3171=ORIENTED_EDGE('',*,*,#2441,.T.);
#3172=ORIENTED_EDGE('',*,*,#2440,.F.);
#3173=ORIENTED_EDGE('',*,*,#2442,.F.);
#3174=ORIENTED_EDGE('',*,*,#2443,.T.);
#3175=ORIENTED_EDGE('',*,*,#2444,.T.);
#3176=ORIENTED_EDGE('',*,*,#2443,.F.);
#3177=ORIENTED_EDGE('',*,*,#2445,.F.);
#3178=ORIENTED_EDGE('',*,*,#2446,.T.);
#3179=ORIENTED_EDGE('',*,*,#2447,.T.);
#3180=ORIENTED_EDGE('',*,*,#2446,.F.);
#3181=ORIENTED_EDGE('',*,*,#2448,.F.);
#3182=ORIENTED_EDGE('',*,*,#2449,.T.);
#3183=ORIENTED_EDGE('',*,*,#2450,.F.);
#3184=ORIENTED_EDGE('',*,*,#2451,.F.);
#3185=ORIENTED_EDGE('',*,*,#2452,.F.);
#3186=ORIENTED_EDGE('',*,*,#2451,.T.);
#3187=ORIENTED_EDGE('',*,*,#2453,.F.);
#3188=ORIENTED_EDGE('',*,*,#2454,.F.);
#3189=ORIENTED_EDGE('',*,*,#2455,.F.);
#3190=ORIENTED_EDGE('',*,*,#2454,.T.);
#3191=ORIENTED_EDGE('',*,*,#2456,.F.);
#3192=ORIENTED_EDGE('',*,*,#2457,.F.);
#3193=ORIENTED_EDGE('',*,*,#2458,.F.);
#3194=ORIENTED_EDGE('',*,*,#2457,.T.);
#3195=ORIENTED_EDGE('',*,*,#2459,.F.);
#3196=ORIENTED_EDGE('',*,*,#2449,.F.);
#3197=ORIENTED_EDGE('',*,*,#2459,.T.);
#3198=ORIENTED_EDGE('',*,*,#2456,.T.);
#3199=ORIENTED_EDGE('',*,*,#2453,.T.);
#3200=ORIENTED_EDGE('',*,*,#2450,.T.);
#3201=ORIENTED_EDGE('',*,*,#2340,.F.);
#3202=ORIENTED_EDGE('',*,*,#2344,.F.);
#3203=ORIENTED_EDGE('',*,*,#2347,.F.);
#3204=ORIENTED_EDGE('',*,*,#2350,.F.);
#3205=ORIENTED_EDGE('',*,*,#2383,.F.);
#3206=ORIENTED_EDGE('',*,*,#2380,.F.);
#3207=ORIENTED_EDGE('',*,*,#2364,.F.);
#3208=ORIENTED_EDGE('',*,*,#2368,.F.);
#3209=ORIENTED_EDGE('',*,*,#2371,.F.);
#3210=ORIENTED_EDGE('',*,*,#2374,.F.);
#3211=ORIENTED_EDGE('',*,*,#2377,.F.);
#3212=ORIENTED_EDGE('',*,*,#2386,.F.);
#3213=ORIENTED_EDGE('',*,*,#2407,.F.);
#3214=ORIENTED_EDGE('',*,*,#2404,.F.);
#3215=ORIENTED_EDGE('',*,*,#2388,.F.);
#3216=ORIENTED_EDGE('',*,*,#2392,.F.);
#3217=ORIENTED_EDGE('',*,*,#2395,.F.);
#3218=ORIENTED_EDGE('',*,*,#2398,.F.);
#3219=ORIENTED_EDGE('',*,*,#2401,.F.);
#3220=ORIENTED_EDGE('',*,*,#2410,.F.);
#3221=ORIENTED_EDGE('',*,*,#2287,.F.);
#3222=ORIENTED_EDGE('',*,*,#2284,.F.);
#3223=ORIENTED_EDGE('',*,*,#2268,.F.);
#3224=ORIENTED_EDGE('',*,*,#2272,.F.);
#3225=ORIENTED_EDGE('',*,*,#2275,.F.);
#3226=ORIENTED_EDGE('',*,*,#2278,.F.);
#3227=ORIENTED_EDGE('',*,*,#2281,.F.);
#3228=ORIENTED_EDGE('',*,*,#2290,.F.);
#3229=ORIENTED_EDGE('',*,*,#2311,.F.);
#3230=ORIENTED_EDGE('',*,*,#2308,.F.);
#3231=ORIENTED_EDGE('',*,*,#2292,.F.);
#3232=ORIENTED_EDGE('',*,*,#2296,.F.);
#3233=ORIENTED_EDGE('',*,*,#2299,.F.);
#3234=ORIENTED_EDGE('',*,*,#2302,.F.);
#3235=ORIENTED_EDGE('',*,*,#2305,.F.);
#3236=ORIENTED_EDGE('',*,*,#2314,.F.);
#3237=ORIENTED_EDGE('',*,*,#2335,.F.);
#3238=ORIENTED_EDGE('',*,*,#2332,.F.);
#3239=ORIENTED_EDGE('',*,*,#2316,.F.);
#3240=ORIENTED_EDGE('',*,*,#2320,.F.);
#3241=ORIENTED_EDGE('',*,*,#2323,.F.);
#3242=ORIENTED_EDGE('',*,*,#2326,.F.);
#3243=ORIENTED_EDGE('',*,*,#2329,.F.);
#3244=ORIENTED_EDGE('',*,*,#2338,.F.);
#3245=ORIENTED_EDGE('',*,*,#2431,.F.);
#3246=ORIENTED_EDGE('',*,*,#2428,.F.);
#3247=ORIENTED_EDGE('',*,*,#2412,.F.);
#3248=ORIENTED_EDGE('',*,*,#2416,.F.);
#3249=ORIENTED_EDGE('',*,*,#2419,.F.);
#3250=ORIENTED_EDGE('',*,*,#2422,.F.);
#3251=ORIENTED_EDGE('',*,*,#2425,.F.);
#3252=ORIENTED_EDGE('',*,*,#2434,.F.);
#3253=ORIENTED_EDGE('',*,*,#2352,.F.);
#3254=ORIENTED_EDGE('',*,*,#2356,.F.);
#3255=ORIENTED_EDGE('',*,*,#2359,.F.);
#3256=ORIENTED_EDGE('',*,*,#2362,.F.);
#3257=ORIENTED_EDGE('',*,*,#2445,.T.);
#3258=ORIENTED_EDGE('',*,*,#2442,.T.);
#3259=ORIENTED_EDGE('',*,*,#2439,.T.);
#3260=ORIENTED_EDGE('',*,*,#2436,.T.);
#3261=ORIENTED_EDGE('',*,*,#2264,.T.);
#3262=ORIENTED_EDGE('',*,*,#2261,.T.);
#3263=ORIENTED_EDGE('',*,*,#2258,.T.);
#3264=ORIENTED_EDGE('',*,*,#2267,.T.);
#3265=ORIENTED_EDGE('',*,*,#2458,.T.);
#3266=ORIENTED_EDGE('',*,*,#2448,.T.);
#3267=ORIENTED_EDGE('',*,*,#2452,.T.);
#3268=ORIENTED_EDGE('',*,*,#2455,.T.);
#3269=ORIENTED_EDGE('',*,*,#2282,.T.);
#3270=ORIENTED_EDGE('',*,*,#2279,.T.);
#3271=ORIENTED_EDGE('',*,*,#2276,.T.);
#3272=ORIENTED_EDGE('',*,*,#2273,.T.);
#3273=ORIENTED_EDGE('',*,*,#2270,.T.);
#3274=ORIENTED_EDGE('',*,*,#2286,.T.);
#3275=ORIENTED_EDGE('',*,*,#2289,.T.);
#3276=ORIENTED_EDGE('',*,*,#2291,.T.);
#3277=ORIENTED_EDGE('',*,*,#2306,.T.);
#3278=ORIENTED_EDGE('',*,*,#2303,.T.);
#3279=ORIENTED_EDGE('',*,*,#2300,.T.);
#3280=ORIENTED_EDGE('',*,*,#2297,.T.);
#3281=ORIENTED_EDGE('',*,*,#2294,.T.);
#3282=ORIENTED_EDGE('',*,*,#2310,.T.);
#3283=ORIENTED_EDGE('',*,*,#2313,.T.);
#3284=ORIENTED_EDGE('',*,*,#2315,.T.);
#3285=ORIENTED_EDGE('',*,*,#2330,.T.);
#3286=ORIENTED_EDGE('',*,*,#2327,.T.);
#3287=ORIENTED_EDGE('',*,*,#2324,.T.);
#3288=ORIENTED_EDGE('',*,*,#2321,.T.);
#3289=ORIENTED_EDGE('',*,*,#2318,.T.);
#3290=ORIENTED_EDGE('',*,*,#2334,.T.);
#3291=ORIENTED_EDGE('',*,*,#2337,.T.);
#3292=ORIENTED_EDGE('',*,*,#2339,.T.);
#3293=ORIENTED_EDGE('',*,*,#2348,.T.);
#3294=ORIENTED_EDGE('',*,*,#2345,.T.);
#3295=ORIENTED_EDGE('',*,*,#2342,.T.);
#3296=ORIENTED_EDGE('',*,*,#2351,.T.);
#3297=ORIENTED_EDGE('',*,*,#2360,.T.);
#3298=ORIENTED_EDGE('',*,*,#2357,.T.);
#3299=ORIENTED_EDGE('',*,*,#2354,.T.);
#3300=ORIENTED_EDGE('',*,*,#2363,.T.);
#3301=ORIENTED_EDGE('',*,*,#2378,.T.);
#3302=ORIENTED_EDGE('',*,*,#2375,.T.);
#3303=ORIENTED_EDGE('',*,*,#2372,.T.);
#3304=ORIENTED_EDGE('',*,*,#2369,.T.);
#3305=ORIENTED_EDGE('',*,*,#2366,.T.);
#3306=ORIENTED_EDGE('',*,*,#2382,.T.);
#3307=ORIENTED_EDGE('',*,*,#2385,.T.);
#3308=ORIENTED_EDGE('',*,*,#2387,.T.);
#3309=ORIENTED_EDGE('',*,*,#2402,.T.);
#3310=ORIENTED_EDGE('',*,*,#2399,.T.);
#3311=ORIENTED_EDGE('',*,*,#2396,.T.);
#3312=ORIENTED_EDGE('',*,*,#2393,.T.);
#3313=ORIENTED_EDGE('',*,*,#2390,.T.);
#3314=ORIENTED_EDGE('',*,*,#2406,.T.);
#3315=ORIENTED_EDGE('',*,*,#2409,.T.);
#3316=ORIENTED_EDGE('',*,*,#2411,.T.);
#3317=ORIENTED_EDGE('',*,*,#2426,.T.);
#3318=ORIENTED_EDGE('',*,*,#2423,.T.);
#3319=ORIENTED_EDGE('',*,*,#2420,.T.);
#3320=ORIENTED_EDGE('',*,*,#2417,.T.);
#3321=ORIENTED_EDGE('',*,*,#2414,.T.);
#3322=ORIENTED_EDGE('',*,*,#2430,.T.);
#3323=ORIENTED_EDGE('',*,*,#2433,.T.);
#3324=ORIENTED_EDGE('',*,*,#2435,.T.);
#3325=ORIENTED_EDGE('',*,*,#2438,.F.);
#3326=ORIENTED_EDGE('',*,*,#2441,.F.);
#3327=ORIENTED_EDGE('',*,*,#2444,.F.);
#3328=ORIENTED_EDGE('',*,*,#2447,.F.);
#3329=ORIENTED_EDGE('',*,*,#2263,.T.);
#3330=ORIENTED_EDGE('',*,*,#2266,.T.);
#3331=ORIENTED_EDGE('',*,*,#2256,.T.);
#3332=ORIENTED_EDGE('',*,*,#2260,.T.);
#3333=ORIENTED_EDGE('',*,*,#2460,.T.);
#3334=ORIENTED_EDGE('',*,*,#2461,.T.);
#3335=ORIENTED_EDGE('',*,*,#2462,.T.);
#3336=ORIENTED_EDGE('',*,*,#2463,.T.);
#3337=ORIENTED_EDGE('',*,*,#2464,.T.);
#3338=ORIENTED_EDGE('',*,*,#2465,.T.);
#3339=ORIENTED_EDGE('',*,*,#2466,.T.);
#3340=ORIENTED_EDGE('',*,*,#2467,.T.);
#3341=ORIENTED_EDGE('',*,*,#2468,.T.);
#3342=ORIENTED_EDGE('',*,*,#2469,.T.);
#3343=ORIENTED_EDGE('',*,*,#2470,.T.);
#3344=ORIENTED_EDGE('',*,*,#2471,.T.);
#3345=ORIENTED_EDGE('',*,*,#2472,.T.);
#3346=ORIENTED_EDGE('',*,*,#2473,.T.);
#3347=ORIENTED_EDGE('',*,*,#2474,.T.);
#3348=ORIENTED_EDGE('',*,*,#2475,.T.);
#3349=ORIENTED_EDGE('',*,*,#2476,.T.);
#3350=ORIENTED_EDGE('',*,*,#2465,.F.);
#3351=ORIENTED_EDGE('',*,*,#2477,.F.);
#3352=ORIENTED_EDGE('',*,*,#2478,.F.);
#3353=ORIENTED_EDGE('',*,*,#2479,.T.);
#3354=ORIENTED_EDGE('',*,*,#2480,.F.);
#3355=ORIENTED_EDGE('',*,*,#2481,.T.);
#3356=ORIENTED_EDGE('',*,*,#2461,.F.);
#3357=ORIENTED_EDGE('',*,*,#2482,.F.);
#3358=ORIENTED_EDGE('',*,*,#2483,.F.);
#3359=ORIENTED_EDGE('',*,*,#2484,.F.);
#3360=ORIENTED_EDGE('',*,*,#2485,.F.);
#3361=ORIENTED_EDGE('',*,*,#2486,.F.);
#3362=ORIENTED_EDGE('',*,*,#2487,.F.);
#3363=ORIENTED_EDGE('',*,*,#2488,.F.);
#3364=ORIENTED_EDGE('',*,*,#2489,.F.);
#3365=ORIENTED_EDGE('',*,*,#2490,.F.);
#3366=ORIENTED_EDGE('',*,*,#2491,.F.);
#3367=ORIENTED_EDGE('',*,*,#2492,.F.);
#3368=ORIENTED_EDGE('',*,*,#2493,.F.);
#3369=ORIENTED_EDGE('',*,*,#2494,.F.);
#3370=ORIENTED_EDGE('',*,*,#2495,.F.);
#3371=ORIENTED_EDGE('',*,*,#2496,.T.);
#3372=ORIENTED_EDGE('',*,*,#2482,.T.);
#3373=ORIENTED_EDGE('',*,*,#2497,.F.);
#3374=ORIENTED_EDGE('',*,*,#2498,.F.);
#3375=ORIENTED_EDGE('',*,*,#2499,.T.);
#3376=ORIENTED_EDGE('',*,*,#2483,.T.);
#3377=ORIENTED_EDGE('',*,*,#2496,.F.);
#3378=ORIENTED_EDGE('',*,*,#2500,.F.);
#3379=ORIENTED_EDGE('',*,*,#2501,.T.);
#3380=ORIENTED_EDGE('',*,*,#2484,.T.);
#3381=ORIENTED_EDGE('',*,*,#2499,.F.);
#3382=ORIENTED_EDGE('',*,*,#2502,.F.);
#3383=ORIENTED_EDGE('',*,*,#2503,.T.);
#3384=ORIENTED_EDGE('',*,*,#2485,.T.);
#3385=ORIENTED_EDGE('',*,*,#2501,.F.);
#3386=ORIENTED_EDGE('',*,*,#2504,.F.);
#3387=ORIENTED_EDGE('',*,*,#2505,.T.);
#3388=ORIENTED_EDGE('',*,*,#2486,.T.);
#3389=ORIENTED_EDGE('',*,*,#2503,.F.);
#3390=ORIENTED_EDGE('',*,*,#2506,.F.);
#3391=ORIENTED_EDGE('',*,*,#2507,.T.);
#3392=ORIENTED_EDGE('',*,*,#2487,.T.);
#3393=ORIENTED_EDGE('',*,*,#2505,.F.);
#3394=ORIENTED_EDGE('',*,*,#2508,.F.);
#3395=ORIENTED_EDGE('',*,*,#2509,.T.);
#3396=ORIENTED_EDGE('',*,*,#2488,.T.);
#3397=ORIENTED_EDGE('',*,*,#2507,.F.);
#3398=ORIENTED_EDGE('',*,*,#2510,.F.);
#3399=ORIENTED_EDGE('',*,*,#2511,.T.);
#3400=ORIENTED_EDGE('',*,*,#2489,.T.);
#3401=ORIENTED_EDGE('',*,*,#2509,.F.);
#3402=ORIENTED_EDGE('',*,*,#2512,.F.);
#3403=ORIENTED_EDGE('',*,*,#2513,.T.);
#3404=ORIENTED_EDGE('',*,*,#2490,.T.);
#3405=ORIENTED_EDGE('',*,*,#2511,.F.);
#3406=ORIENTED_EDGE('',*,*,#2514,.F.);
#3407=ORIENTED_EDGE('',*,*,#2515,.T.);
#3408=ORIENTED_EDGE('',*,*,#2491,.T.);
#3409=ORIENTED_EDGE('',*,*,#2513,.F.);
#3410=ORIENTED_EDGE('',*,*,#2516,.F.);
#3411=ORIENTED_EDGE('',*,*,#2517,.T.);
#3412=ORIENTED_EDGE('',*,*,#2492,.T.);
#3413=ORIENTED_EDGE('',*,*,#2515,.F.);
#3414=ORIENTED_EDGE('',*,*,#2518,.F.);
#3415=ORIENTED_EDGE('',*,*,#2519,.T.);
#3416=ORIENTED_EDGE('',*,*,#2493,.T.);
#3417=ORIENTED_EDGE('',*,*,#2517,.F.);
#3418=ORIENTED_EDGE('',*,*,#2520,.F.);
#3419=ORIENTED_EDGE('',*,*,#2497,.T.);
#3420=ORIENTED_EDGE('',*,*,#2494,.T.);
#3421=ORIENTED_EDGE('',*,*,#2519,.F.);
#3422=ORIENTED_EDGE('',*,*,#2521,.F.);
#3423=ORIENTED_EDGE('',*,*,#2522,.F.);
#3424=ORIENTED_EDGE('',*,*,#2523,.F.);
#3425=ORIENTED_EDGE('',*,*,#2524,.F.);
#3426=ORIENTED_EDGE('',*,*,#2525,.F.);
#3427=ORIENTED_EDGE('',*,*,#2526,.F.);
#3428=ORIENTED_EDGE('',*,*,#2527,.F.);
#3429=ORIENTED_EDGE('',*,*,#2528,.F.);
#3430=ORIENTED_EDGE('',*,*,#2529,.F.);
#3431=ORIENTED_EDGE('',*,*,#2530,.F.);
#3432=ORIENTED_EDGE('',*,*,#2531,.F.);
#3433=ORIENTED_EDGE('',*,*,#2532,.F.);
#3434=ORIENTED_EDGE('',*,*,#2533,.F.);
#3435=ORIENTED_EDGE('',*,*,#2534,.F.);
#3436=ORIENTED_EDGE('',*,*,#2535,.F.);
#3437=ORIENTED_EDGE('',*,*,#2536,.F.);
#3438=ORIENTED_EDGE('',*,*,#2537,.F.);
#3439=ORIENTED_EDGE('',*,*,#2538,.F.);
#3440=ORIENTED_EDGE('',*,*,#2539,.F.);
#3441=ORIENTED_EDGE('',*,*,#2540,.F.);
#3442=ORIENTED_EDGE('',*,*,#2541,.F.);
#3443=ORIENTED_EDGE('',*,*,#2542,.F.);
#3444=ORIENTED_EDGE('',*,*,#2543,.F.);
#3445=ORIENTED_EDGE('',*,*,#2544,.T.);
#3446=ORIENTED_EDGE('',*,*,#2521,.T.);
#3447=ORIENTED_EDGE('',*,*,#2545,.F.);
#3448=ORIENTED_EDGE('',*,*,#2546,.F.);
#3449=ORIENTED_EDGE('',*,*,#2547,.T.);
#3450=ORIENTED_EDGE('',*,*,#2522,.T.);
#3451=ORIENTED_EDGE('',*,*,#2544,.F.);
#3452=ORIENTED_EDGE('',*,*,#2548,.F.);
#3453=ORIENTED_EDGE('',*,*,#2549,.T.);
#3454=ORIENTED_EDGE('',*,*,#2523,.T.);
#3455=ORIENTED_EDGE('',*,*,#2547,.F.);
#3456=ORIENTED_EDGE('',*,*,#2550,.F.);
#3457=ORIENTED_EDGE('',*,*,#2551,.T.);
#3458=ORIENTED_EDGE('',*,*,#2524,.T.);
#3459=ORIENTED_EDGE('',*,*,#2549,.F.);
#3460=ORIENTED_EDGE('',*,*,#2552,.F.);
#3461=ORIENTED_EDGE('',*,*,#2553,.T.);
#3462=ORIENTED_EDGE('',*,*,#2525,.T.);
#3463=ORIENTED_EDGE('',*,*,#2551,.F.);
#3464=ORIENTED_EDGE('',*,*,#2554,.F.);
#3465=ORIENTED_EDGE('',*,*,#2555,.T.);
#3466=ORIENTED_EDGE('',*,*,#2526,.T.);
#3467=ORIENTED_EDGE('',*,*,#2553,.F.);
#3468=ORIENTED_EDGE('',*,*,#2556,.F.);
#3469=ORIENTED_EDGE('',*,*,#2557,.T.);
#3470=ORIENTED_EDGE('',*,*,#2527,.T.);
#3471=ORIENTED_EDGE('',*,*,#2555,.F.);
#3472=ORIENTED_EDGE('',*,*,#2558,.F.);
#3473=ORIENTED_EDGE('',*,*,#2559,.T.);
#3474=ORIENTED_EDGE('',*,*,#2528,.T.);
#3475=ORIENTED_EDGE('',*,*,#2557,.F.);
#3476=ORIENTED_EDGE('',*,*,#2560,.F.);
#3477=ORIENTED_EDGE('',*,*,#2561,.T.);
#3478=ORIENTED_EDGE('',*,*,#2529,.T.);
#3479=ORIENTED_EDGE('',*,*,#2559,.F.);
#3480=ORIENTED_EDGE('',*,*,#2562,.F.);
#3481=ORIENTED_EDGE('',*,*,#2563,.T.);
#3482=ORIENTED_EDGE('',*,*,#2530,.T.);
#3483=ORIENTED_EDGE('',*,*,#2561,.F.);
#3484=ORIENTED_EDGE('',*,*,#2564,.F.);
#3485=ORIENTED_EDGE('',*,*,#2565,.T.);
#3486=ORIENTED_EDGE('',*,*,#2531,.T.);
#3487=ORIENTED_EDGE('',*,*,#2563,.F.);
#3488=ORIENTED_EDGE('',*,*,#2566,.F.);
#3489=ORIENTED_EDGE('',*,*,#2567,.T.);
#3490=ORIENTED_EDGE('',*,*,#2532,.T.);
#3491=ORIENTED_EDGE('',*,*,#2565,.F.);
#3492=ORIENTED_EDGE('',*,*,#2568,.F.);
#3493=ORIENTED_EDGE('',*,*,#2569,.T.);
#3494=ORIENTED_EDGE('',*,*,#2533,.T.);
#3495=ORIENTED_EDGE('',*,*,#2567,.F.);
#3496=ORIENTED_EDGE('',*,*,#2570,.F.);
#3497=ORIENTED_EDGE('',*,*,#2545,.T.);
#3498=ORIENTED_EDGE('',*,*,#2534,.T.);
#3499=ORIENTED_EDGE('',*,*,#2569,.F.);
#3500=ORIENTED_EDGE('',*,*,#2571,.F.);
#3501=ORIENTED_EDGE('',*,*,#2572,.T.);
#3502=ORIENTED_EDGE('',*,*,#2535,.T.);
#3503=ORIENTED_EDGE('',*,*,#2573,.F.);
#3504=ORIENTED_EDGE('',*,*,#2574,.F.);
#3505=ORIENTED_EDGE('',*,*,#2575,.T.);
#3506=ORIENTED_EDGE('',*,*,#2536,.T.);
#3507=ORIENTED_EDGE('',*,*,#2572,.F.);
#3508=ORIENTED_EDGE('',*,*,#2576,.F.);
#3509=ORIENTED_EDGE('',*,*,#2577,.T.);
#3510=ORIENTED_EDGE('',*,*,#2537,.T.);
#3511=ORIENTED_EDGE('',*,*,#2575,.F.);
#3512=ORIENTED_EDGE('',*,*,#2578,.F.);
#3513=ORIENTED_EDGE('',*,*,#2579,.T.);
#3514=ORIENTED_EDGE('',*,*,#2538,.T.);
#3515=ORIENTED_EDGE('',*,*,#2577,.F.);
#3516=ORIENTED_EDGE('',*,*,#2580,.F.);
#3517=ORIENTED_EDGE('',*,*,#2581,.T.);
#3518=ORIENTED_EDGE('',*,*,#2539,.T.);
#3519=ORIENTED_EDGE('',*,*,#2579,.F.);
#3520=ORIENTED_EDGE('',*,*,#2582,.F.);
#3521=ORIENTED_EDGE('',*,*,#2583,.T.);
#3522=ORIENTED_EDGE('',*,*,#2540,.T.);
#3523=ORIENTED_EDGE('',*,*,#2581,.F.);
#3524=ORIENTED_EDGE('',*,*,#2584,.F.);
#3525=ORIENTED_EDGE('',*,*,#2585,.T.);
#3526=ORIENTED_EDGE('',*,*,#2541,.T.);
#3527=ORIENTED_EDGE('',*,*,#2583,.F.);
#3528=ORIENTED_EDGE('',*,*,#2586,.F.);
#3529=ORIENTED_EDGE('',*,*,#2573,.T.);
#3530=ORIENTED_EDGE('',*,*,#2542,.T.);
#3531=ORIENTED_EDGE('',*,*,#2585,.F.);
#3532=ORIENTED_EDGE('',*,*,#2571,.T.);
#3533=ORIENTED_EDGE('',*,*,#2586,.T.);
#3534=ORIENTED_EDGE('',*,*,#2584,.T.);
#3535=ORIENTED_EDGE('',*,*,#2582,.T.);
#3536=ORIENTED_EDGE('',*,*,#2580,.T.);
#3537=ORIENTED_EDGE('',*,*,#2578,.T.);
#3538=ORIENTED_EDGE('',*,*,#2576,.T.);
#3539=ORIENTED_EDGE('',*,*,#2574,.T.);
#3540=ORIENTED_EDGE('',*,*,#2587,.F.);
#3541=ORIENTED_EDGE('',*,*,#2588,.F.);
#3542=ORIENTED_EDGE('',*,*,#2589,.F.);
#3543=ORIENTED_EDGE('',*,*,#2590,.F.);
#3544=ORIENTED_EDGE('',*,*,#2591,.F.);
#3545=ORIENTED_EDGE('',*,*,#2592,.F.);
#3546=ORIENTED_EDGE('',*,*,#2593,.F.);
#3547=ORIENTED_EDGE('',*,*,#2594,.F.);
#3548=ORIENTED_EDGE('',*,*,#2595,.F.);
#3549=ORIENTED_EDGE('',*,*,#2596,.F.);
#3550=ORIENTED_EDGE('',*,*,#2597,.F.);
#3551=ORIENTED_EDGE('',*,*,#2598,.F.);
#3552=ORIENTED_EDGE('',*,*,#2599,.F.);
#3553=ORIENTED_EDGE('',*,*,#2600,.F.);
#3554=ORIENTED_EDGE('',*,*,#2601,.F.);
#3555=ORIENTED_EDGE('',*,*,#2602,.F.);
#3556=ORIENTED_EDGE('',*,*,#2603,.F.);
#3557=ORIENTED_EDGE('',*,*,#2604,.F.);
#3558=ORIENTED_EDGE('',*,*,#2605,.F.);
#3559=ORIENTED_EDGE('',*,*,#2606,.F.);
#3560=ORIENTED_EDGE('',*,*,#2607,.T.);
#3561=ORIENTED_EDGE('',*,*,#2587,.T.);
#3562=ORIENTED_EDGE('',*,*,#2608,.F.);
#3563=ORIENTED_EDGE('',*,*,#2609,.F.);
#3564=ORIENTED_EDGE('',*,*,#2610,.T.);
#3565=ORIENTED_EDGE('',*,*,#2588,.T.);
#3566=ORIENTED_EDGE('',*,*,#2607,.F.);
#3567=ORIENTED_EDGE('',*,*,#2611,.F.);
#3568=ORIENTED_EDGE('',*,*,#2612,.T.);
#3569=ORIENTED_EDGE('',*,*,#2589,.T.);
#3570=ORIENTED_EDGE('',*,*,#2610,.F.);
#3571=ORIENTED_EDGE('',*,*,#2613,.F.);
#3572=ORIENTED_EDGE('',*,*,#2614,.T.);
#3573=ORIENTED_EDGE('',*,*,#2590,.T.);
#3574=ORIENTED_EDGE('',*,*,#2612,.F.);
#3575=ORIENTED_EDGE('',*,*,#2615,.F.);
#3576=ORIENTED_EDGE('',*,*,#2616,.T.);
#3577=ORIENTED_EDGE('',*,*,#2591,.T.);
#3578=ORIENTED_EDGE('',*,*,#2614,.F.);
#3579=ORIENTED_EDGE('',*,*,#2617,.F.);
#3580=ORIENTED_EDGE('',*,*,#2618,.T.);
#3581=ORIENTED_EDGE('',*,*,#2592,.T.);
#3582=ORIENTED_EDGE('',*,*,#2616,.F.);
#3583=ORIENTED_EDGE('',*,*,#2619,.F.);
#3584=ORIENTED_EDGE('',*,*,#2620,.T.);
#3585=ORIENTED_EDGE('',*,*,#2593,.T.);
#3586=ORIENTED_EDGE('',*,*,#2618,.F.);
#3587=ORIENTED_EDGE('',*,*,#2621,.F.);
#3588=ORIENTED_EDGE('',*,*,#2622,.T.);
#3589=ORIENTED_EDGE('',*,*,#2594,.T.);
#3590=ORIENTED_EDGE('',*,*,#2620,.F.);
#3591=ORIENTED_EDGE('',*,*,#2623,.F.);
#3592=ORIENTED_EDGE('',*,*,#2624,.T.);
#3593=ORIENTED_EDGE('',*,*,#2595,.T.);
#3594=ORIENTED_EDGE('',*,*,#2622,.F.);
#3595=ORIENTED_EDGE('',*,*,#2625,.F.);
#3596=ORIENTED_EDGE('',*,*,#2626,.T.);
#3597=ORIENTED_EDGE('',*,*,#2596,.T.);
#3598=ORIENTED_EDGE('',*,*,#2624,.F.);
#3599=ORIENTED_EDGE('',*,*,#2627,.F.);
#3600=ORIENTED_EDGE('',*,*,#2608,.T.);
#3601=ORIENTED_EDGE('',*,*,#2597,.T.);
#3602=ORIENTED_EDGE('',*,*,#2626,.F.);
#3603=ORIENTED_EDGE('',*,*,#2628,.F.);
#3604=ORIENTED_EDGE('',*,*,#2629,.T.);
#3605=ORIENTED_EDGE('',*,*,#2598,.T.);
#3606=ORIENTED_EDGE('',*,*,#2630,.F.);
#3607=ORIENTED_EDGE('',*,*,#2631,.F.);
#3608=ORIENTED_EDGE('',*,*,#2632,.T.);
#3609=ORIENTED_EDGE('',*,*,#2599,.T.);
#3610=ORIENTED_EDGE('',*,*,#2629,.F.);
#3611=ORIENTED_EDGE('',*,*,#2633,.F.);
#3612=ORIENTED_EDGE('',*,*,#2634,.T.);
#3613=ORIENTED_EDGE('',*,*,#2600,.T.);
#3614=ORIENTED_EDGE('',*,*,#2632,.F.);
#3615=ORIENTED_EDGE('',*,*,#2635,.F.);
#3616=ORIENTED_EDGE('',*,*,#2636,.T.);
#3617=ORIENTED_EDGE('',*,*,#2601,.T.);
#3618=ORIENTED_EDGE('',*,*,#2634,.F.);
#3619=ORIENTED_EDGE('',*,*,#2637,.F.);
#3620=ORIENTED_EDGE('',*,*,#2638,.T.);
#3621=ORIENTED_EDGE('',*,*,#2602,.T.);
#3622=ORIENTED_EDGE('',*,*,#2636,.F.);
#3623=ORIENTED_EDGE('',*,*,#2639,.F.);
#3624=ORIENTED_EDGE('',*,*,#2640,.T.);
#3625=ORIENTED_EDGE('',*,*,#2603,.T.);
#3626=ORIENTED_EDGE('',*,*,#2638,.F.);
#3627=ORIENTED_EDGE('',*,*,#2641,.F.);
#3628=ORIENTED_EDGE('',*,*,#2642,.T.);
#3629=ORIENTED_EDGE('',*,*,#2604,.T.);
#3630=ORIENTED_EDGE('',*,*,#2640,.F.);
#3631=ORIENTED_EDGE('',*,*,#2643,.F.);
#3632=ORIENTED_EDGE('',*,*,#2630,.T.);
#3633=ORIENTED_EDGE('',*,*,#2605,.T.);
#3634=ORIENTED_EDGE('',*,*,#2642,.F.);
#3635=ORIENTED_EDGE('',*,*,#2628,.T.);
#3636=ORIENTED_EDGE('',*,*,#2643,.T.);
#3637=ORIENTED_EDGE('',*,*,#2641,.T.);
#3638=ORIENTED_EDGE('',*,*,#2639,.T.);
#3639=ORIENTED_EDGE('',*,*,#2637,.T.);
#3640=ORIENTED_EDGE('',*,*,#2635,.T.);
#3641=ORIENTED_EDGE('',*,*,#2633,.T.);
#3642=ORIENTED_EDGE('',*,*,#2631,.T.);
#3643=ORIENTED_EDGE('',*,*,#2644,.F.);
#3644=ORIENTED_EDGE('',*,*,#2645,.F.);
#3645=ORIENTED_EDGE('',*,*,#2646,.F.);
#3646=ORIENTED_EDGE('',*,*,#2647,.F.);
#3647=ORIENTED_EDGE('',*,*,#2648,.F.);
#3648=ORIENTED_EDGE('',*,*,#2649,.F.);
#3649=ORIENTED_EDGE('',*,*,#2650,.F.);
#3650=ORIENTED_EDGE('',*,*,#2651,.F.);
#3651=ORIENTED_EDGE('',*,*,#2652,.F.);
#3652=ORIENTED_EDGE('',*,*,#2653,.F.);
#3653=ORIENTED_EDGE('',*,*,#2654,.F.);
#3654=ORIENTED_EDGE('',*,*,#2655,.F.);
#3655=ORIENTED_EDGE('',*,*,#2656,.F.);
#3656=ORIENTED_EDGE('',*,*,#2657,.F.);
#3657=ORIENTED_EDGE('',*,*,#2658,.T.);
#3658=ORIENTED_EDGE('',*,*,#2644,.T.);
#3659=ORIENTED_EDGE('',*,*,#2659,.F.);
#3660=ORIENTED_EDGE('',*,*,#2660,.F.);
#3661=ORIENTED_EDGE('',*,*,#2661,.T.);
#3662=ORIENTED_EDGE('',*,*,#2645,.T.);
#3663=ORIENTED_EDGE('',*,*,#2658,.F.);
#3664=ORIENTED_EDGE('',*,*,#2662,.F.);
#3665=ORIENTED_EDGE('',*,*,#2663,.T.);
#3666=ORIENTED_EDGE('',*,*,#2646,.T.);
#3667=ORIENTED_EDGE('',*,*,#2661,.F.);
#3668=ORIENTED_EDGE('',*,*,#2664,.F.);
#3669=ORIENTED_EDGE('',*,*,#2665,.T.);
#3670=ORIENTED_EDGE('',*,*,#2647,.T.);
#3671=ORIENTED_EDGE('',*,*,#2663,.F.);
#3672=ORIENTED_EDGE('',*,*,#2666,.F.);
#3673=ORIENTED_EDGE('',*,*,#2667,.T.);
#3674=ORIENTED_EDGE('',*,*,#2648,.T.);
#3675=ORIENTED_EDGE('',*,*,#2665,.F.);
#3676=ORIENTED_EDGE('',*,*,#2668,.F.);
#3677=ORIENTED_EDGE('',*,*,#2669,.T.);
#3678=ORIENTED_EDGE('',*,*,#2649,.T.);
#3679=ORIENTED_EDGE('',*,*,#2667,.F.);
#3680=ORIENTED_EDGE('',*,*,#2670,.F.);
#3681=ORIENTED_EDGE('',*,*,#2671,.T.);
#3682=ORIENTED_EDGE('',*,*,#2650,.T.);
#3683=ORIENTED_EDGE('',*,*,#2669,.F.);
#3684=ORIENTED_EDGE('',*,*,#2672,.F.);
#3685=ORIENTED_EDGE('',*,*,#2659,.T.);
#3686=ORIENTED_EDGE('',*,*,#2651,.T.);
#3687=ORIENTED_EDGE('',*,*,#2671,.F.);
#3688=ORIENTED_EDGE('',*,*,#2673,.F.);
#3689=ORIENTED_EDGE('',*,*,#2674,.T.);
#3690=ORIENTED_EDGE('',*,*,#2652,.T.);
#3691=ORIENTED_EDGE('',*,*,#2675,.F.);
#3692=ORIENTED_EDGE('',*,*,#2676,.F.);
#3693=ORIENTED_EDGE('',*,*,#2677,.T.);
#3694=ORIENTED_EDGE('',*,*,#2653,.T.);
#3695=ORIENTED_EDGE('',*,*,#2674,.F.);
#3696=ORIENTED_EDGE('',*,*,#2678,.F.);
#3697=ORIENTED_EDGE('',*,*,#2679,.T.);
#3698=ORIENTED_EDGE('',*,*,#2654,.T.);
#3699=ORIENTED_EDGE('',*,*,#2677,.F.);
#3700=ORIENTED_EDGE('',*,*,#2680,.F.);
#3701=ORIENTED_EDGE('',*,*,#2681,.T.);
#3702=ORIENTED_EDGE('',*,*,#2655,.T.);
#3703=ORIENTED_EDGE('',*,*,#2679,.F.);
#3704=ORIENTED_EDGE('',*,*,#2682,.F.);
#3705=ORIENTED_EDGE('',*,*,#2675,.T.);
#3706=ORIENTED_EDGE('',*,*,#2656,.T.);
#3707=ORIENTED_EDGE('',*,*,#2681,.F.);
#3708=ORIENTED_EDGE('',*,*,#2673,.T.);
#3709=ORIENTED_EDGE('',*,*,#2682,.T.);
#3710=ORIENTED_EDGE('',*,*,#2680,.T.);
#3711=ORIENTED_EDGE('',*,*,#2678,.T.);
#3712=ORIENTED_EDGE('',*,*,#2676,.T.);
#3713=ORIENTED_EDGE('',*,*,#2683,.F.);
#3714=ORIENTED_EDGE('',*,*,#2684,.F.);
#3715=ORIENTED_EDGE('',*,*,#2685,.F.);
#3716=ORIENTED_EDGE('',*,*,#2686,.F.);
#3717=ORIENTED_EDGE('',*,*,#2687,.F.);
#3718=ORIENTED_EDGE('',*,*,#2688,.F.);
#3719=ORIENTED_EDGE('',*,*,#2689,.F.);
#3720=ORIENTED_EDGE('',*,*,#2690,.F.);
#3721=ORIENTED_EDGE('',*,*,#2691,.F.);
#3722=ORIENTED_EDGE('',*,*,#2692,.F.);
#3723=ORIENTED_EDGE('',*,*,#2693,.F.);
#3724=ORIENTED_EDGE('',*,*,#2694,.F.);
#3725=ORIENTED_EDGE('',*,*,#2695,.F.);
#3726=ORIENTED_EDGE('',*,*,#2696,.F.);
#3727=ORIENTED_EDGE('',*,*,#2697,.F.);
#3728=ORIENTED_EDGE('',*,*,#2698,.F.);
#3729=ORIENTED_EDGE('',*,*,#2699,.F.);
#3730=ORIENTED_EDGE('',*,*,#2700,.F.);
#3731=ORIENTED_EDGE('',*,*,#2701,.F.);
#3732=ORIENTED_EDGE('',*,*,#2702,.F.);
#3733=ORIENTED_EDGE('',*,*,#2703,.F.);
#3734=ORIENTED_EDGE('',*,*,#2704,.F.);
#3735=ORIENTED_EDGE('',*,*,#2705,.F.);
#3736=ORIENTED_EDGE('',*,*,#2706,.F.);
#3737=ORIENTED_EDGE('',*,*,#2707,.F.);
#3738=ORIENTED_EDGE('',*,*,#2708,.F.);
#3739=ORIENTED_EDGE('',*,*,#2709,.F.);
#3740=ORIENTED_EDGE('',*,*,#2710,.F.);
#3741=ORIENTED_EDGE('',*,*,#2711,.F.);
#3742=ORIENTED_EDGE('',*,*,#2712,.F.);
#3743=ORIENTED_EDGE('',*,*,#2713,.F.);
#3744=ORIENTED_EDGE('',*,*,#2714,.F.);
#3745=ORIENTED_EDGE('',*,*,#2715,.F.);
#3746=ORIENTED_EDGE('',*,*,#2716,.F.);
#3747=ORIENTED_EDGE('',*,*,#2717,.F.);
#3748=ORIENTED_EDGE('',*,*,#2718,.F.);
#3749=ORIENTED_EDGE('',*,*,#2719,.F.);
#3750=ORIENTED_EDGE('',*,*,#2720,.F.);
#3751=ORIENTED_EDGE('',*,*,#2721,.T.);
#3752=ORIENTED_EDGE('',*,*,#2683,.T.);
#3753=ORIENTED_EDGE('',*,*,#2722,.F.);
#3754=ORIENTED_EDGE('',*,*,#2723,.F.);
#3755=ORIENTED_EDGE('',*,*,#2724,.T.);
#3756=ORIENTED_EDGE('',*,*,#2684,.T.);
#3757=ORIENTED_EDGE('',*,*,#2721,.F.);
#3758=ORIENTED_EDGE('',*,*,#2725,.F.);
#3759=ORIENTED_EDGE('',*,*,#2726,.T.);
#3760=ORIENTED_EDGE('',*,*,#2685,.T.);
#3761=ORIENTED_EDGE('',*,*,#2724,.F.);
#3762=ORIENTED_EDGE('',*,*,#2727,.F.);
#3763=ORIENTED_EDGE('',*,*,#2728,.T.);
#3764=ORIENTED_EDGE('',*,*,#2686,.T.);
#3765=ORIENTED_EDGE('',*,*,#2726,.F.);
#3766=ORIENTED_EDGE('',*,*,#2729,.F.);
#3767=ORIENTED_EDGE('',*,*,#2730,.T.);
#3768=ORIENTED_EDGE('',*,*,#2687,.T.);
#3769=ORIENTED_EDGE('',*,*,#2728,.F.);
#3770=ORIENTED_EDGE('',*,*,#2731,.F.);
#3771=ORIENTED_EDGE('',*,*,#2732,.T.);
#3772=ORIENTED_EDGE('',*,*,#2688,.T.);
#3773=ORIENTED_EDGE('',*,*,#2730,.F.);
#3774=ORIENTED_EDGE('',*,*,#2733,.F.);
#3775=ORIENTED_EDGE('',*,*,#2734,.T.);
#3776=ORIENTED_EDGE('',*,*,#2689,.T.);
#3777=ORIENTED_EDGE('',*,*,#2732,.F.);
#3778=ORIENTED_EDGE('',*,*,#2735,.F.);
#3779=ORIENTED_EDGE('',*,*,#2736,.T.);
#3780=ORIENTED_EDGE('',*,*,#2690,.T.);
#3781=ORIENTED_EDGE('',*,*,#2734,.F.);
#3782=ORIENTED_EDGE('',*,*,#2737,.F.);
#3783=ORIENTED_EDGE('',*,*,#2738,.T.);
#3784=ORIENTED_EDGE('',*,*,#2691,.T.);
#3785=ORIENTED_EDGE('',*,*,#2736,.F.);
#3786=ORIENTED_EDGE('',*,*,#2739,.F.);
#3787=ORIENTED_EDGE('',*,*,#2740,.T.);
#3788=ORIENTED_EDGE('',*,*,#2692,.T.);
#3789=ORIENTED_EDGE('',*,*,#2738,.F.);
#3790=ORIENTED_EDGE('',*,*,#2741,.F.);
#3791=ORIENTED_EDGE('',*,*,#2742,.T.);
#3792=ORIENTED_EDGE('',*,*,#2693,.T.);
#3793=ORIENTED_EDGE('',*,*,#2740,.F.);
#3794=ORIENTED_EDGE('',*,*,#2743,.F.);
#3795=ORIENTED_EDGE('',*,*,#2744,.T.);
#3796=ORIENTED_EDGE('',*,*,#2694,.T.);
#3797=ORIENTED_EDGE('',*,*,#2742,.F.);
#3798=ORIENTED_EDGE('',*,*,#2745,.F.);
#3799=ORIENTED_EDGE('',*,*,#2746,.T.);
#3800=ORIENTED_EDGE('',*,*,#2695,.T.);
#3801=ORIENTED_EDGE('',*,*,#2744,.F.);
#3802=ORIENTED_EDGE('',*,*,#2747,.F.);
#3803=ORIENTED_EDGE('',*,*,#2748,.T.);
#3804=ORIENTED_EDGE('',*,*,#2696,.T.);
#3805=ORIENTED_EDGE('',*,*,#2746,.F.);
#3806=ORIENTED_EDGE('',*,*,#2749,.F.);
#3807=ORIENTED_EDGE('',*,*,#2750,.T.);
#3808=ORIENTED_EDGE('',*,*,#2697,.T.);
#3809=ORIENTED_EDGE('',*,*,#2748,.F.);
#3810=ORIENTED_EDGE('',*,*,#2751,.F.);
#3811=ORIENTED_EDGE('',*,*,#2752,.T.);
#3812=ORIENTED_EDGE('',*,*,#2698,.T.);
#3813=ORIENTED_EDGE('',*,*,#2750,.F.);
#3814=ORIENTED_EDGE('',*,*,#2753,.F.);
#3815=ORIENTED_EDGE('',*,*,#2754,.T.);
#3816=ORIENTED_EDGE('',*,*,#2699,.T.);
#3817=ORIENTED_EDGE('',*,*,#2752,.F.);
#3818=ORIENTED_EDGE('',*,*,#2755,.F.);
#3819=ORIENTED_EDGE('',*,*,#2756,.T.);
#3820=ORIENTED_EDGE('',*,*,#2700,.T.);
#3821=ORIENTED_EDGE('',*,*,#2754,.F.);
#3822=ORIENTED_EDGE('',*,*,#2757,.F.);
#3823=ORIENTED_EDGE('',*,*,#2758,.T.);
#3824=ORIENTED_EDGE('',*,*,#2701,.T.);
#3825=ORIENTED_EDGE('',*,*,#2756,.F.);
#3826=ORIENTED_EDGE('',*,*,#2759,.F.);
#3827=ORIENTED_EDGE('',*,*,#2760,.T.);
#3828=ORIENTED_EDGE('',*,*,#2702,.T.);
#3829=ORIENTED_EDGE('',*,*,#2758,.F.);
#3830=ORIENTED_EDGE('',*,*,#2761,.F.);
#3831=ORIENTED_EDGE('',*,*,#2762,.T.);
#3832=ORIENTED_EDGE('',*,*,#2703,.T.);
#3833=ORIENTED_EDGE('',*,*,#2760,.F.);
#3834=ORIENTED_EDGE('',*,*,#2763,.F.);
#3835=ORIENTED_EDGE('',*,*,#2764,.T.);
#3836=ORIENTED_EDGE('',*,*,#2704,.T.);
#3837=ORIENTED_EDGE('',*,*,#2762,.F.);
#3838=ORIENTED_EDGE('',*,*,#2765,.F.);
#3839=ORIENTED_EDGE('',*,*,#2766,.T.);
#3840=ORIENTED_EDGE('',*,*,#2705,.T.);
#3841=ORIENTED_EDGE('',*,*,#2764,.F.);
#3842=ORIENTED_EDGE('',*,*,#2767,.F.);
#3843=ORIENTED_EDGE('',*,*,#2768,.T.);
#3844=ORIENTED_EDGE('',*,*,#2706,.T.);
#3845=ORIENTED_EDGE('',*,*,#2766,.F.);
#3846=ORIENTED_EDGE('',*,*,#2769,.F.);
#3847=ORIENTED_EDGE('',*,*,#2770,.T.);
#3848=ORIENTED_EDGE('',*,*,#2707,.T.);
#3849=ORIENTED_EDGE('',*,*,#2768,.F.);
#3850=ORIENTED_EDGE('',*,*,#2771,.F.);
#3851=ORIENTED_EDGE('',*,*,#2772,.T.);
#3852=ORIENTED_EDGE('',*,*,#2708,.T.);
#3853=ORIENTED_EDGE('',*,*,#2770,.F.);
#3854=ORIENTED_EDGE('',*,*,#2773,.F.);
#3855=ORIENTED_EDGE('',*,*,#2722,.T.);
#3856=ORIENTED_EDGE('',*,*,#2709,.T.);
#3857=ORIENTED_EDGE('',*,*,#2772,.F.);
#3858=ORIENTED_EDGE('',*,*,#2774,.F.);
#3859=ORIENTED_EDGE('',*,*,#2775,.T.);
#3860=ORIENTED_EDGE('',*,*,#2710,.T.);
#3861=ORIENTED_EDGE('',*,*,#2776,.F.);
#3862=ORIENTED_EDGE('',*,*,#2777,.F.);
#3863=ORIENTED_EDGE('',*,*,#2778,.T.);
#3864=ORIENTED_EDGE('',*,*,#2711,.T.);
#3865=ORIENTED_EDGE('',*,*,#2775,.F.);
#3866=ORIENTED_EDGE('',*,*,#2779,.F.);
#3867=ORIENTED_EDGE('',*,*,#2780,.T.);
#3868=ORIENTED_EDGE('',*,*,#2712,.T.);
#3869=ORIENTED_EDGE('',*,*,#2778,.F.);
#3870=ORIENTED_EDGE('',*,*,#2781,.F.);
#3871=ORIENTED_EDGE('',*,*,#2782,.T.);
#3872=ORIENTED_EDGE('',*,*,#2713,.T.);
#3873=ORIENTED_EDGE('',*,*,#2780,.F.);
#3874=ORIENTED_EDGE('',*,*,#2783,.F.);
#3875=ORIENTED_EDGE('',*,*,#2784,.T.);
#3876=ORIENTED_EDGE('',*,*,#2714,.T.);
#3877=ORIENTED_EDGE('',*,*,#2782,.F.);
#3878=ORIENTED_EDGE('',*,*,#2785,.F.);
#3879=ORIENTED_EDGE('',*,*,#2786,.T.);
#3880=ORIENTED_EDGE('',*,*,#2715,.T.);
#3881=ORIENTED_EDGE('',*,*,#2784,.F.);
#3882=ORIENTED_EDGE('',*,*,#2787,.F.);
#3883=ORIENTED_EDGE('',*,*,#2788,.T.);
#3884=ORIENTED_EDGE('',*,*,#2716,.T.);
#3885=ORIENTED_EDGE('',*,*,#2786,.F.);
#3886=ORIENTED_EDGE('',*,*,#2789,.F.);
#3887=ORIENTED_EDGE('',*,*,#2790,.T.);
#3888=ORIENTED_EDGE('',*,*,#2717,.T.);
#3889=ORIENTED_EDGE('',*,*,#2788,.F.);
#3890=ORIENTED_EDGE('',*,*,#2791,.F.);
#3891=ORIENTED_EDGE('',*,*,#2792,.T.);
#3892=ORIENTED_EDGE('',*,*,#2718,.T.);
#3893=ORIENTED_EDGE('',*,*,#2790,.F.);
#3894=ORIENTED_EDGE('',*,*,#2793,.F.);
#3895=ORIENTED_EDGE('',*,*,#2776,.T.);
#3896=ORIENTED_EDGE('',*,*,#2719,.T.);
#3897=ORIENTED_EDGE('',*,*,#2792,.F.);
#3898=ORIENTED_EDGE('',*,*,#2774,.T.);
#3899=ORIENTED_EDGE('',*,*,#2793,.T.);
#3900=ORIENTED_EDGE('',*,*,#2791,.T.);
#3901=ORIENTED_EDGE('',*,*,#2789,.T.);
#3902=ORIENTED_EDGE('',*,*,#2787,.T.);
#3903=ORIENTED_EDGE('',*,*,#2785,.T.);
#3904=ORIENTED_EDGE('',*,*,#2783,.T.);
#3905=ORIENTED_EDGE('',*,*,#2781,.T.);
#3906=ORIENTED_EDGE('',*,*,#2779,.T.);
#3907=ORIENTED_EDGE('',*,*,#2777,.T.);
#3908=ORIENTED_EDGE('',*,*,#2794,.F.);
#3909=ORIENTED_EDGE('',*,*,#2795,.F.);
#3910=ORIENTED_EDGE('',*,*,#2796,.F.);
#3911=ORIENTED_EDGE('',*,*,#2797,.F.);
#3912=ORIENTED_EDGE('',*,*,#2798,.F.);
#3913=ORIENTED_EDGE('',*,*,#2799,.F.);
#3914=ORIENTED_EDGE('',*,*,#2800,.F.);
#3915=ORIENTED_EDGE('',*,*,#2801,.F.);
#3916=ORIENTED_EDGE('',*,*,#2802,.F.);
#3917=ORIENTED_EDGE('',*,*,#2803,.F.);
#3918=ORIENTED_EDGE('',*,*,#2804,.F.);
#3919=ORIENTED_EDGE('',*,*,#2805,.F.);
#3920=ORIENTED_EDGE('',*,*,#2806,.F.);
#3921=ORIENTED_EDGE('',*,*,#2807,.F.);
#3922=ORIENTED_EDGE('',*,*,#2808,.F.);
#3923=ORIENTED_EDGE('',*,*,#2809,.F.);
#3924=ORIENTED_EDGE('',*,*,#2810,.F.);
#3925=ORIENTED_EDGE('',*,*,#2811,.F.);
#3926=ORIENTED_EDGE('',*,*,#2812,.T.);
#3927=ORIENTED_EDGE('',*,*,#2794,.T.);
#3928=ORIENTED_EDGE('',*,*,#2813,.F.);
#3929=ORIENTED_EDGE('',*,*,#2814,.F.);
#3930=ORIENTED_EDGE('',*,*,#2815,.T.);
#3931=ORIENTED_EDGE('',*,*,#2795,.T.);
#3932=ORIENTED_EDGE('',*,*,#2812,.F.);
#3933=ORIENTED_EDGE('',*,*,#2816,.F.);
#3934=ORIENTED_EDGE('',*,*,#2817,.T.);
#3935=ORIENTED_EDGE('',*,*,#2796,.T.);
#3936=ORIENTED_EDGE('',*,*,#2815,.F.);
#3937=ORIENTED_EDGE('',*,*,#2818,.F.);
#3938=ORIENTED_EDGE('',*,*,#2819,.T.);
#3939=ORIENTED_EDGE('',*,*,#2797,.T.);
#3940=ORIENTED_EDGE('',*,*,#2817,.F.);
#3941=ORIENTED_EDGE('',*,*,#2820,.F.);
#3942=ORIENTED_EDGE('',*,*,#2821,.T.);
#3943=ORIENTED_EDGE('',*,*,#2798,.T.);
#3944=ORIENTED_EDGE('',*,*,#2819,.F.);
#3945=ORIENTED_EDGE('',*,*,#2822,.F.);
#3946=ORIENTED_EDGE('',*,*,#2823,.T.);
#3947=ORIENTED_EDGE('',*,*,#2799,.T.);
#3948=ORIENTED_EDGE('',*,*,#2821,.F.);
#3949=ORIENTED_EDGE('',*,*,#2824,.F.);
#3950=ORIENTED_EDGE('',*,*,#2825,.T.);
#3951=ORIENTED_EDGE('',*,*,#2800,.T.);
#3952=ORIENTED_EDGE('',*,*,#2823,.F.);
#3953=ORIENTED_EDGE('',*,*,#2826,.F.);
#3954=ORIENTED_EDGE('',*,*,#2827,.T.);
#3955=ORIENTED_EDGE('',*,*,#2801,.T.);
#3956=ORIENTED_EDGE('',*,*,#2825,.F.);
#3957=ORIENTED_EDGE('',*,*,#2828,.F.);
#3958=ORIENTED_EDGE('',*,*,#2813,.T.);
#3959=ORIENTED_EDGE('',*,*,#2802,.T.);
#3960=ORIENTED_EDGE('',*,*,#2827,.F.);
#3961=ORIENTED_EDGE('',*,*,#2829,.F.);
#3962=ORIENTED_EDGE('',*,*,#2830,.T.);
#3963=ORIENTED_EDGE('',*,*,#2803,.T.);
#3964=ORIENTED_EDGE('',*,*,#2831,.F.);
#3965=ORIENTED_EDGE('',*,*,#2832,.F.);
#3966=ORIENTED_EDGE('',*,*,#2833,.T.);
#3967=ORIENTED_EDGE('',*,*,#2804,.T.);
#3968=ORIENTED_EDGE('',*,*,#2830,.F.);
#3969=ORIENTED_EDGE('',*,*,#2834,.F.);
#3970=ORIENTED_EDGE('',*,*,#2835,.T.);
#3971=ORIENTED_EDGE('',*,*,#2805,.T.);
#3972=ORIENTED_EDGE('',*,*,#2833,.F.);
#3973=ORIENTED_EDGE('',*,*,#2836,.F.);
#3974=ORIENTED_EDGE('',*,*,#2837,.T.);
#3975=ORIENTED_EDGE('',*,*,#2806,.T.);
#3976=ORIENTED_EDGE('',*,*,#2835,.F.);
#3977=ORIENTED_EDGE('',*,*,#2838,.F.);
#3978=ORIENTED_EDGE('',*,*,#2839,.T.);
#3979=ORIENTED_EDGE('',*,*,#2807,.T.);
#3980=ORIENTED_EDGE('',*,*,#2837,.F.);
#3981=ORIENTED_EDGE('',*,*,#2840,.F.);
#3982=ORIENTED_EDGE('',*,*,#2841,.T.);
#3983=ORIENTED_EDGE('',*,*,#2808,.T.);
#3984=ORIENTED_EDGE('',*,*,#2839,.F.);
#3985=ORIENTED_EDGE('',*,*,#2842,.F.);
#3986=ORIENTED_EDGE('',*,*,#2843,.T.);
#3987=ORIENTED_EDGE('',*,*,#2809,.T.);
#3988=ORIENTED_EDGE('',*,*,#2841,.F.);
#3989=ORIENTED_EDGE('',*,*,#2844,.F.);
#3990=ORIENTED_EDGE('',*,*,#2831,.T.);
#3991=ORIENTED_EDGE('',*,*,#2810,.T.);
#3992=ORIENTED_EDGE('',*,*,#2843,.F.);
#3993=ORIENTED_EDGE('',*,*,#2829,.T.);
#3994=ORIENTED_EDGE('',*,*,#2844,.T.);
#3995=ORIENTED_EDGE('',*,*,#2842,.T.);
#3996=ORIENTED_EDGE('',*,*,#2840,.T.);
#3997=ORIENTED_EDGE('',*,*,#2838,.T.);
#3998=ORIENTED_EDGE('',*,*,#2836,.T.);
#3999=ORIENTED_EDGE('',*,*,#2834,.T.);
#4000=ORIENTED_EDGE('',*,*,#2832,.T.);
#4001=ORIENTED_EDGE('',*,*,#2845,.F.);
#4002=ORIENTED_EDGE('',*,*,#2846,.F.);
#4003=ORIENTED_EDGE('',*,*,#2847,.F.);
#4004=ORIENTED_EDGE('',*,*,#2848,.F.);
#4005=ORIENTED_EDGE('',*,*,#2849,.F.);
#4006=ORIENTED_EDGE('',*,*,#2850,.F.);
#4007=ORIENTED_EDGE('',*,*,#2851,.F.);
#4008=ORIENTED_EDGE('',*,*,#2852,.F.);
#4009=ORIENTED_EDGE('',*,*,#2853,.F.);
#4010=ORIENTED_EDGE('',*,*,#2854,.F.);
#4011=ORIENTED_EDGE('',*,*,#2855,.F.);
#4012=ORIENTED_EDGE('',*,*,#2856,.F.);
#4013=ORIENTED_EDGE('',*,*,#2857,.F.);
#4014=ORIENTED_EDGE('',*,*,#2858,.F.);
#4015=ORIENTED_EDGE('',*,*,#2859,.F.);
#4016=ORIENTED_EDGE('',*,*,#2860,.F.);
#4017=ORIENTED_EDGE('',*,*,#2861,.F.);
#4018=ORIENTED_EDGE('',*,*,#2862,.F.);
#4019=ORIENTED_EDGE('',*,*,#2863,.F.);
#4020=ORIENTED_EDGE('',*,*,#2864,.T.);
#4021=ORIENTED_EDGE('',*,*,#2845,.T.);
#4022=ORIENTED_EDGE('',*,*,#2865,.F.);
#4023=ORIENTED_EDGE('',*,*,#2866,.F.);
#4024=ORIENTED_EDGE('',*,*,#2867,.T.);
#4025=ORIENTED_EDGE('',*,*,#2846,.T.);
#4026=ORIENTED_EDGE('',*,*,#2864,.F.);
#4027=ORIENTED_EDGE('',*,*,#2868,.F.);
#4028=ORIENTED_EDGE('',*,*,#2869,.T.);
#4029=ORIENTED_EDGE('',*,*,#2847,.T.);
#4030=ORIENTED_EDGE('',*,*,#2867,.F.);
#4031=ORIENTED_EDGE('',*,*,#2870,.F.);
#4032=ORIENTED_EDGE('',*,*,#2871,.T.);
#4033=ORIENTED_EDGE('',*,*,#2848,.T.);
#4034=ORIENTED_EDGE('',*,*,#2869,.F.);
#4035=ORIENTED_EDGE('',*,*,#2872,.F.);
#4036=ORIENTED_EDGE('',*,*,#2873,.T.);
#4037=ORIENTED_EDGE('',*,*,#2849,.T.);
#4038=ORIENTED_EDGE('',*,*,#2871,.F.);
#4039=ORIENTED_EDGE('',*,*,#2874,.F.);
#4040=ORIENTED_EDGE('',*,*,#2875,.T.);
#4041=ORIENTED_EDGE('',*,*,#2850,.T.);
#4042=ORIENTED_EDGE('',*,*,#2873,.F.);
#4043=ORIENTED_EDGE('',*,*,#2876,.F.);
#4044=ORIENTED_EDGE('',*,*,#2877,.T.);
#4045=ORIENTED_EDGE('',*,*,#2851,.T.);
#4046=ORIENTED_EDGE('',*,*,#2875,.F.);
#4047=ORIENTED_EDGE('',*,*,#2878,.F.);
#4048=ORIENTED_EDGE('',*,*,#2879,.T.);
#4049=ORIENTED_EDGE('',*,*,#2852,.T.);
#4050=ORIENTED_EDGE('',*,*,#2877,.F.);
#4051=ORIENTED_EDGE('',*,*,#2880,.F.);
#4052=ORIENTED_EDGE('',*,*,#2881,.T.);
#4053=ORIENTED_EDGE('',*,*,#2853,.T.);
#4054=ORIENTED_EDGE('',*,*,#2879,.F.);
#4055=ORIENTED_EDGE('',*,*,#2882,.F.);
#4056=ORIENTED_EDGE('',*,*,#2883,.T.);
#4057=ORIENTED_EDGE('',*,*,#2854,.T.);
#4058=ORIENTED_EDGE('',*,*,#2881,.F.);
#4059=ORIENTED_EDGE('',*,*,#2884,.F.);
#4060=ORIENTED_EDGE('',*,*,#2885,.T.);
#4061=ORIENTED_EDGE('',*,*,#2855,.T.);
#4062=ORIENTED_EDGE('',*,*,#2883,.F.);
#4063=ORIENTED_EDGE('',*,*,#2886,.F.);
#4064=ORIENTED_EDGE('',*,*,#2887,.T.);
#4065=ORIENTED_EDGE('',*,*,#2856,.T.);
#4066=ORIENTED_EDGE('',*,*,#2885,.F.);
#4067=ORIENTED_EDGE('',*,*,#2888,.F.);
#4068=ORIENTED_EDGE('',*,*,#2889,.T.);
#4069=ORIENTED_EDGE('',*,*,#2857,.T.);
#4070=ORIENTED_EDGE('',*,*,#2887,.F.);
#4071=ORIENTED_EDGE('',*,*,#2890,.F.);
#4072=ORIENTED_EDGE('',*,*,#2891,.T.);
#4073=ORIENTED_EDGE('',*,*,#2858,.T.);
#4074=ORIENTED_EDGE('',*,*,#2889,.F.);
#4075=ORIENTED_EDGE('',*,*,#2892,.F.);
#4076=ORIENTED_EDGE('',*,*,#2893,.T.);
#4077=ORIENTED_EDGE('',*,*,#2859,.T.);
#4078=ORIENTED_EDGE('',*,*,#2891,.F.);
#4079=ORIENTED_EDGE('',*,*,#2894,.F.);
#4080=ORIENTED_EDGE('',*,*,#2895,.T.);
#4081=ORIENTED_EDGE('',*,*,#2860,.T.);
#4082=ORIENTED_EDGE('',*,*,#2893,.F.);
#4083=ORIENTED_EDGE('',*,*,#2896,.F.);
#4084=ORIENTED_EDGE('',*,*,#2897,.T.);
#4085=ORIENTED_EDGE('',*,*,#2861,.T.);
#4086=ORIENTED_EDGE('',*,*,#2895,.F.);
#4087=ORIENTED_EDGE('',*,*,#2898,.F.);
#4088=ORIENTED_EDGE('',*,*,#2865,.T.);
#4089=ORIENTED_EDGE('',*,*,#2862,.T.);
#4090=ORIENTED_EDGE('',*,*,#2897,.F.);
#4091=ORIENTED_EDGE('',*,*,#2476,.F.);
#4092=ORIENTED_EDGE('',*,*,#2899,.F.);
#4093=ORIENTED_EDGE('',*,*,#2900,.F.);
#4094=ORIENTED_EDGE('',*,*,#2466,.F.);
#4095=ORIENTED_EDGE('',*,*,#2479,.F.);
#4096=ORIENTED_EDGE('',*,*,#2460,.F.);
#4097=ORIENTED_EDGE('',*,*,#2901,.F.);
#4098=ORIENTED_EDGE('',*,*,#2902,.T.);
#4099=ORIENTED_EDGE('',*,*,#2478,.T.);
#4100=ORIENTED_EDGE('',*,*,#2903,.T.);
#4101=ORIENTED_EDGE('',*,*,#2904,.T.);
#4102=ORIENTED_EDGE('',*,*,#2905,.T.);
#4103=ORIENTED_EDGE('',*,*,#2480,.T.);
#4104=ORIENTED_EDGE('',*,*,#2902,.F.);
#4105=ORIENTED_EDGE('',*,*,#2906,.F.);
#4106=ORIENTED_EDGE('',*,*,#2899,.T.);
#4107=ORIENTED_EDGE('',*,*,#2905,.F.);
#4108=ORIENTED_EDGE('',*,*,#2907,.T.);
#4109=ORIENTED_EDGE('',*,*,#2462,.F.);
#4110=ORIENTED_EDGE('',*,*,#2481,.F.);
#4111=ORIENTED_EDGE('',*,*,#2903,.F.);
#4112=ORIENTED_EDGE('',*,*,#2477,.T.);
#4113=ORIENTED_EDGE('',*,*,#2464,.F.);
#4114=ORIENTED_EDGE('',*,*,#2908,.F.);
#4115=ORIENTED_EDGE('',*,*,#2904,.F.);
#4116=ORIENTED_EDGE('',*,*,#2908,.T.);
#4117=ORIENTED_EDGE('',*,*,#2463,.F.);
#4118=ORIENTED_EDGE('',*,*,#2907,.F.);
#4119=ORIENTED_EDGE('',*,*,#2475,.F.);
#4120=ORIENTED_EDGE('',*,*,#2909,.T.);
#4121=ORIENTED_EDGE('',*,*,#2910,.T.);
#4122=ORIENTED_EDGE('',*,*,#2909,.F.);
#4123=ORIENTED_EDGE('',*,*,#2472,.F.);
#4124=ORIENTED_EDGE('',*,*,#2911,.T.);
#4125=ORIENTED_EDGE('',*,*,#2912,.T.);
#4126=ORIENTED_EDGE('',*,*,#2911,.F.);
#4127=ORIENTED_EDGE('',*,*,#2473,.F.);
#4128=ORIENTED_EDGE('',*,*,#2913,.T.);
#4129=ORIENTED_EDGE('',*,*,#2914,.T.);
#4130=ORIENTED_EDGE('',*,*,#2913,.F.);
#4131=ORIENTED_EDGE('',*,*,#2474,.F.);
#4132=ORIENTED_EDGE('',*,*,#2915,.T.);
#4133=ORIENTED_EDGE('',*,*,#2916,.T.);
#4134=ORIENTED_EDGE('',*,*,#2915,.F.);
#4135=ORIENTED_EDGE('',*,*,#2917,.F.);
#4136=ORIENTED_EDGE('',*,*,#2918,.T.);
#4137=ORIENTED_EDGE('',*,*,#2470,.F.);
#4138=ORIENTED_EDGE('',*,*,#2919,.F.);
#4139=ORIENTED_EDGE('',*,*,#2495,.T.);
#4140=ORIENTED_EDGE('',*,*,#2520,.T.);
#4141=ORIENTED_EDGE('',*,*,#2518,.T.);
#4142=ORIENTED_EDGE('',*,*,#2516,.T.);
#4143=ORIENTED_EDGE('',*,*,#2514,.T.);
#4144=ORIENTED_EDGE('',*,*,#2512,.T.);
#4145=ORIENTED_EDGE('',*,*,#2510,.T.);
#4146=ORIENTED_EDGE('',*,*,#2508,.T.);
#4147=ORIENTED_EDGE('',*,*,#2506,.T.);
#4148=ORIENTED_EDGE('',*,*,#2504,.T.);
#4149=ORIENTED_EDGE('',*,*,#2502,.T.);
#4150=ORIENTED_EDGE('',*,*,#2500,.T.);
#4151=ORIENTED_EDGE('',*,*,#2498,.T.);
#4152=ORIENTED_EDGE('',*,*,#2863,.T.);
#4153=ORIENTED_EDGE('',*,*,#2898,.T.);
#4154=ORIENTED_EDGE('',*,*,#2896,.T.);
#4155=ORIENTED_EDGE('',*,*,#2894,.T.);
#4156=ORIENTED_EDGE('',*,*,#2892,.T.);
#4157=ORIENTED_EDGE('',*,*,#2890,.T.);
#4158=ORIENTED_EDGE('',*,*,#2888,.T.);
#4159=ORIENTED_EDGE('',*,*,#2886,.T.);
#4160=ORIENTED_EDGE('',*,*,#2884,.T.);
#4161=ORIENTED_EDGE('',*,*,#2882,.T.);
#4162=ORIENTED_EDGE('',*,*,#2880,.T.);
#4163=ORIENTED_EDGE('',*,*,#2878,.T.);
#4164=ORIENTED_EDGE('',*,*,#2876,.T.);
#4165=ORIENTED_EDGE('',*,*,#2874,.T.);
#4166=ORIENTED_EDGE('',*,*,#2872,.T.);
#4167=ORIENTED_EDGE('',*,*,#2870,.T.);
#4168=ORIENTED_EDGE('',*,*,#2868,.T.);
#4169=ORIENTED_EDGE('',*,*,#2866,.T.);
#4170=ORIENTED_EDGE('',*,*,#2811,.T.);
#4171=ORIENTED_EDGE('',*,*,#2828,.T.);
#4172=ORIENTED_EDGE('',*,*,#2826,.T.);
#4173=ORIENTED_EDGE('',*,*,#2824,.T.);
#4174=ORIENTED_EDGE('',*,*,#2822,.T.);
#4175=ORIENTED_EDGE('',*,*,#2820,.T.);
#4176=ORIENTED_EDGE('',*,*,#2818,.T.);
#4177=ORIENTED_EDGE('',*,*,#2816,.T.);
#4178=ORIENTED_EDGE('',*,*,#2814,.T.);
#4179=ORIENTED_EDGE('',*,*,#2720,.T.);
#4180=ORIENTED_EDGE('',*,*,#2773,.T.);
#4181=ORIENTED_EDGE('',*,*,#2771,.T.);
#4182=ORIENTED_EDGE('',*,*,#2769,.T.);
#4183=ORIENTED_EDGE('',*,*,#2767,.T.);
#4184=ORIENTED_EDGE('',*,*,#2765,.T.);
#4185=ORIENTED_EDGE('',*,*,#2763,.T.);
#4186=ORIENTED_EDGE('',*,*,#2761,.T.);
#4187=ORIENTED_EDGE('',*,*,#2759,.T.);
#4188=ORIENTED_EDGE('',*,*,#2757,.T.);
#4189=ORIENTED_EDGE('',*,*,#2755,.T.);
#4190=ORIENTED_EDGE('',*,*,#2753,.T.);
#4191=ORIENTED_EDGE('',*,*,#2751,.T.);
#4192=ORIENTED_EDGE('',*,*,#2749,.T.);
#4193=ORIENTED_EDGE('',*,*,#2747,.T.);
#4194=ORIENTED_EDGE('',*,*,#2745,.T.);
#4195=ORIENTED_EDGE('',*,*,#2743,.T.);
#4196=ORIENTED_EDGE('',*,*,#2741,.T.);
#4197=ORIENTED_EDGE('',*,*,#2739,.T.);
#4198=ORIENTED_EDGE('',*,*,#2737,.T.);
#4199=ORIENTED_EDGE('',*,*,#2735,.T.);
#4200=ORIENTED_EDGE('',*,*,#2733,.T.);
#4201=ORIENTED_EDGE('',*,*,#2731,.T.);
#4202=ORIENTED_EDGE('',*,*,#2729,.T.);
#4203=ORIENTED_EDGE('',*,*,#2727,.T.);
#4204=ORIENTED_EDGE('',*,*,#2725,.T.);
#4205=ORIENTED_EDGE('',*,*,#2723,.T.);
#4206=ORIENTED_EDGE('',*,*,#2657,.T.);
#4207=ORIENTED_EDGE('',*,*,#2672,.T.);
#4208=ORIENTED_EDGE('',*,*,#2670,.T.);
#4209=ORIENTED_EDGE('',*,*,#2668,.T.);
#4210=ORIENTED_EDGE('',*,*,#2666,.T.);
#4211=ORIENTED_EDGE('',*,*,#2664,.T.);
#4212=ORIENTED_EDGE('',*,*,#2662,.T.);
#4213=ORIENTED_EDGE('',*,*,#2660,.T.);
#4214=ORIENTED_EDGE('',*,*,#2606,.T.);
#4215=ORIENTED_EDGE('',*,*,#2627,.T.);
#4216=ORIENTED_EDGE('',*,*,#2625,.T.);
#4217=ORIENTED_EDGE('',*,*,#2623,.T.);
#4218=ORIENTED_EDGE('',*,*,#2621,.T.);
#4219=ORIENTED_EDGE('',*,*,#2619,.T.);
#4220=ORIENTED_EDGE('',*,*,#2617,.T.);
#4221=ORIENTED_EDGE('',*,*,#2615,.T.);
#4222=ORIENTED_EDGE('',*,*,#2613,.T.);
#4223=ORIENTED_EDGE('',*,*,#2611,.T.);
#4224=ORIENTED_EDGE('',*,*,#2609,.T.);
#4225=ORIENTED_EDGE('',*,*,#2543,.T.);
#4226=ORIENTED_EDGE('',*,*,#2570,.T.);
#4227=ORIENTED_EDGE('',*,*,#2568,.T.);
#4228=ORIENTED_EDGE('',*,*,#2566,.T.);
#4229=ORIENTED_EDGE('',*,*,#2564,.T.);
#4230=ORIENTED_EDGE('',*,*,#2562,.T.);
#4231=ORIENTED_EDGE('',*,*,#2560,.T.);
#4232=ORIENTED_EDGE('',*,*,#2558,.T.);
#4233=ORIENTED_EDGE('',*,*,#2556,.T.);
#4234=ORIENTED_EDGE('',*,*,#2554,.T.);
#4235=ORIENTED_EDGE('',*,*,#2552,.T.);
#4236=ORIENTED_EDGE('',*,*,#2550,.T.);
#4237=ORIENTED_EDGE('',*,*,#2548,.T.);
#4238=ORIENTED_EDGE('',*,*,#2546,.T.);
#4239=ORIENTED_EDGE('',*,*,#2920,.F.);
#4240=ORIENTED_EDGE('',*,*,#2919,.T.);
#4241=ORIENTED_EDGE('',*,*,#2469,.F.);
#4242=ORIENTED_EDGE('',*,*,#2921,.F.);
#4243=ORIENTED_EDGE('',*,*,#2922,.F.);
#4244=ORIENTED_EDGE('',*,*,#2921,.T.);
#4245=ORIENTED_EDGE('',*,*,#2468,.F.);
#4246=ORIENTED_EDGE('',*,*,#2923,.F.);
#4247=ORIENTED_EDGE('',*,*,#2901,.T.);
#4248=ORIENTED_EDGE('',*,*,#2471,.F.);
#4249=ORIENTED_EDGE('',*,*,#2918,.F.);
#4250=ORIENTED_EDGE('',*,*,#2924,.F.);
#4251=ORIENTED_EDGE('',*,*,#2923,.T.);
#4252=ORIENTED_EDGE('',*,*,#2467,.F.);
#4253=ORIENTED_EDGE('',*,*,#2900,.T.);
#4254=ORIENTED_EDGE('',*,*,#2906,.T.);
#4255=ORIENTED_EDGE('',*,*,#2924,.T.);
#4256=ORIENTED_EDGE('',*,*,#2917,.T.);
#4257=ORIENTED_EDGE('',*,*,#2920,.T.);
#4258=ORIENTED_EDGE('',*,*,#2922,.T.);
#4259=ORIENTED_EDGE('',*,*,#2916,.F.);
#4260=ORIENTED_EDGE('',*,*,#2914,.F.);
#4261=ORIENTED_EDGE('',*,*,#2912,.F.);
#4262=ORIENTED_EDGE('',*,*,#2910,.F.);
#4263=PLANE('',#4651);
#4264=PLANE('',#4652);
#4265=PLANE('',#4653);
#4266=PLANE('',#4654);
#4267=PLANE('',#4655);
#4268=PLANE('',#4659);
#4269=PLANE('',#4663);
#4270=PLANE('',#4667);
#4271=PLANE('',#4671);
#4272=PLANE('',#4675);
#4273=PLANE('',#4679);
#4274=PLANE('',#4683);
#4275=PLANE('',#4687);
#4276=PLANE('',#4691);
#4277=PLANE('',#4695);
#4278=PLANE('',#4699);
#4279=PLANE('',#4703);
#4280=PLANE('',#4704);
#4281=PLANE('',#4705);
#4282=PLANE('',#4706);
#4283=PLANE('',#4707);
#4284=PLANE('',#4708);
#4285=PLANE('',#4709);
#4286=PLANE('',#4710);
#4287=PLANE('',#4711);
#4288=PLANE('',#4715);
#4289=PLANE('',#4719);
#4290=PLANE('',#4723);
#4291=PLANE('',#4727);
#4292=PLANE('',#4731);
#4293=PLANE('',#4735);
#4294=PLANE('',#4739);
#4295=PLANE('',#4743);
#4296=PLANE('',#4747);
#4297=PLANE('',#4751);
#4298=PLANE('',#4755);
#4299=PLANE('',#4771);
#4300=PLANE('',#4772);
#4301=PLANE('',#4773);
#4302=PLANE('',#4774);
#4303=PLANE('',#4775);
#4304=PLANE('',#4776);
#4305=PLANE('',#4778);
#4306=PLANE('',#4783);
#4307=PLANE('',#4784);
#4308=PLANE('',#4785);
#4309=PLANE('',#4786);
#4310=PLANE('',#4787);
#4311=PLANE('',#4788);
#4312=PLANE('',#4789);
#4313=PLANE('',#4790);
#4314=PLANE('',#4791);
#4315=PLANE('',#4792);
#4316=PLANE('',#4793);
#4317=PLANE('',#4794);
#4318=PLANE('',#4795);
#4319=PLANE('',#4796);
#4320=PLANE('',#4797);
#4321=PLANE('',#4798);
#4322=PLANE('',#4799);
#4323=PLANE('',#4800);
#4324=PLANE('',#4801);
#4325=PLANE('',#4802);
#4326=PLANE('',#4803);
#4327=PLANE('',#4804);
#4328=PLANE('',#4805);
#4329=PLANE('',#4806);
#4330=PLANE('',#4807);
#4331=PLANE('',#4808);
#4332=PLANE('',#4809);
#4333=PLANE('',#4810);
#4334=PLANE('',#4811);
#4335=PLANE('',#4812);
#4336=PLANE('',#4813);
#4337=PLANE('',#4814);
#4338=PLANE('',#4815);
#4339=PLANE('',#4816);
#4340=PLANE('',#4817);
#4341=PLANE('',#4818);
#4342=PLANE('',#4819);
#4343=PLANE('',#4820);
#4344=PLANE('',#4821);
#4345=PLANE('',#4822);
#4346=PLANE('',#4823);
#4347=PLANE('',#4824);
#4348=PLANE('',#4825);
#4349=PLANE('',#4826);
#4350=PLANE('',#4827);
#4351=PLANE('',#4828);
#4352=PLANE('',#4829);
#4353=PLANE('',#4830);
#4354=PLANE('',#4831);
#4355=PLANE('',#4832);
#4356=PLANE('',#4833);
#4357=PLANE('',#4834);
#4358=PLANE('',#4835);
#4359=PLANE('',#4836);
#4360=PLANE('',#4837);
#4361=PLANE('',#4838);
#4362=PLANE('',#4839);
#4363=PLANE('',#4840);
#4364=PLANE('',#4841);
#4365=PLANE('',#4842);
#4366=PLANE('',#4843);
#4367=PLANE('',#4844);
#4368=PLANE('',#4853);
#4369=PLANE('',#4854);
#4370=PLANE('',#4855);
#4371=PLANE('',#4856);
#4372=PLANE('',#4857);
#4373=ADVANCED_FACE('',(#464),#4263,.F.);
#4374=ADVANCED_FACE('',(#465),#4264,.F.);
#4375=ADVANCED_FACE('',(#466),#4265,.F.);
#4376=ADVANCED_FACE('',(#467),#4266,.F.);
#4377=ADVANCED_FACE('',(#468),#4267,.F.);
#4378=ADVANCED_FACE('',(#469),#432,.F.);
#4379=ADVANCED_FACE('',(#470),#4268,.F.);
#4380=ADVANCED_FACE('',(#471),#433,.F.);
#4381=ADVANCED_FACE('',(#472),#4269,.F.);
#4382=ADVANCED_FACE('',(#473),#434,.F.);
#4383=ADVANCED_FACE('',(#474),#4270,.F.);
#4384=ADVANCED_FACE('',(#475),#435,.F.);
#4385=ADVANCED_FACE('',(#476),#4271,.F.);
#4386=ADVANCED_FACE('',(#477),#436,.F.);
#4387=ADVANCED_FACE('',(#478),#4272,.F.);
#4388=ADVANCED_FACE('',(#479),#437,.F.);
#4389=ADVANCED_FACE('',(#480),#4273,.F.);
#4390=ADVANCED_FACE('',(#481),#438,.F.);
#4391=ADVANCED_FACE('',(#482),#4274,.F.);
#4392=ADVANCED_FACE('',(#483),#439,.F.);
#4393=ADVANCED_FACE('',(#484),#4275,.F.);
#4394=ADVANCED_FACE('',(#485),#440,.F.);
#4395=ADVANCED_FACE('',(#486),#4276,.F.);
#4396=ADVANCED_FACE('',(#487),#441,.F.);
#4397=ADVANCED_FACE('',(#488),#4277,.F.);
#4398=ADVANCED_FACE('',(#489),#442,.F.);
#4399=ADVANCED_FACE('',(#490),#4278,.F.);
#4400=ADVANCED_FACE('',(#491),#443,.F.);
#4401=ADVANCED_FACE('',(#492),#4279,.F.);
#4402=ADVANCED_FACE('',(#493),#4280,.F.);
#4403=ADVANCED_FACE('',(#494),#4281,.F.);
#4404=ADVANCED_FACE('',(#495),#4282,.F.);
#4405=ADVANCED_FACE('',(#496),#4283,.F.);
#4406=ADVANCED_FACE('',(#497),#4284,.F.);
#4407=ADVANCED_FACE('',(#498),#4285,.F.);
#4408=ADVANCED_FACE('',(#499),#4286,.F.);
#4409=ADVANCED_FACE('',(#500),#4287,.F.);
#4410=ADVANCED_FACE('',(#501),#444,.F.);
#4411=ADVANCED_FACE('',(#502),#4288,.F.);
#4412=ADVANCED_FACE('',(#503),#445,.F.);
#4413=ADVANCED_FACE('',(#504),#4289,.F.);
#4414=ADVANCED_FACE('',(#505),#446,.F.);
#4415=ADVANCED_FACE('',(#506),#4290,.F.);
#4416=ADVANCED_FACE('',(#507),#447,.F.);
#4417=ADVANCED_FACE('',(#508),#4291,.F.);
#4418=ADVANCED_FACE('',(#509),#448,.F.);
#4419=ADVANCED_FACE('',(#510),#4292,.F.);
#4420=ADVANCED_FACE('',(#511),#449,.F.);
#4421=ADVANCED_FACE('',(#512),#4293,.F.);
#4422=ADVANCED_FACE('',(#513),#450,.F.);
#4423=ADVANCED_FACE('',(#514),#4294,.F.);
#4424=ADVANCED_FACE('',(#515),#451,.F.);
#4425=ADVANCED_FACE('',(#516),#4295,.F.);
#4426=ADVANCED_FACE('',(#517),#452,.F.);
#4427=ADVANCED_FACE('',(#518),#4296,.F.);
#4428=ADVANCED_FACE('',(#519),#453,.F.);
#4429=ADVANCED_FACE('',(#520),#4297,.F.);
#4430=ADVANCED_FACE('',(#521),#454,.F.);
#4431=ADVANCED_FACE('',(#522),#4298,.F.);
#4432=ADVANCED_FACE('',(#523),#455,.F.);
#4433=ADVANCED_FACE('',(#524),#456,.F.);
#4434=ADVANCED_FACE('',(#525),#457,.F.);
#4435=ADVANCED_FACE('',(#526),#458,.F.);
#4436=ADVANCED_FACE('',(#527),#459,.F.);
#4437=ADVANCED_FACE('',(#528),#4299,.T.);
#4438=ADVANCED_FACE('',(#529),#4300,.T.);
#4439=ADVANCED_FACE('',(#530),#4301,.T.);
#4440=ADVANCED_FACE('',(#531),#4302,.T.);
#4441=ADVANCED_FACE('',(#532,#322,#323,#324,#325,#326,#327,#328,#329,#330,
#331,#332,#333,#334),#4303,.T.);
#4442=ADVANCED_FACE('',(#533,#335,#336,#337,#338,#339,#340,#341,#342,#343,
#344,#345,#346,#347),#4304,.F.);
#4443=ADVANCED_FACE('',(#534,#348,#349,#350,#351),#4305,.T.);
#4444=ADVANCED_FACE('',(#535),#4306,.T.);
#4445=ADVANCED_FACE('',(#536),#4307,.T.);
#4446=ADVANCED_FACE('',(#537),#4308,.T.);
#4447=ADVANCED_FACE('',(#538),#4309,.F.);
#4448=ADVANCED_FACE('',(#539),#23,.F.);
#4449=ADVANCED_FACE('',(#540),#24,.F.);
#4450=ADVANCED_FACE('',(#541),#25,.F.);
#4451=ADVANCED_FACE('',(#542),#26,.F.);
#4452=ADVANCED_FACE('',(#543),#4310,.F.);
#4453=ADVANCED_FACE('',(#544),#27,.F.);
#4454=ADVANCED_FACE('',(#545),#28,.F.);
#4455=ADVANCED_FACE('',(#546),#29,.F.);
#4456=ADVANCED_FACE('',(#547),#4311,.F.);
#4457=ADVANCED_FACE('',(#548),#4312,.F.);
#4458=ADVANCED_FACE('',(#549),#4313,.F.);
#4459=ADVANCED_FACE('',(#550),#4314,.F.);
#4460=ADVANCED_FACE('',(#551,#352),#4315,.T.);
#4461=ADVANCED_FACE('',(#552),#4316,.F.);
#4462=ADVANCED_FACE('',(#553),#4317,.F.);
#4463=ADVANCED_FACE('',(#554),#4318,.F.);
#4464=ADVANCED_FACE('',(#555),#30,.F.);
#4465=ADVANCED_FACE('',(#556),#31,.F.);
#4466=ADVANCED_FACE('',(#557),#32,.F.);
#4467=ADVANCED_FACE('',(#558),#33,.F.);
#4468=ADVANCED_FACE('',(#559),#34,.F.);
#4469=ADVANCED_FACE('',(#560),#35,.F.);
#4470=ADVANCED_FACE('',(#561),#36,.F.);
#4471=ADVANCED_FACE('',(#562),#37,.F.);
#4472=ADVANCED_FACE('',(#563),#38,.F.);
#4473=ADVANCED_FACE('',(#564),#4319,.F.);
#4474=ADVANCED_FACE('',(#565),#4320,.F.);
#4475=ADVANCED_FACE('',(#566),#39,.F.);
#4476=ADVANCED_FACE('',(#567),#40,.F.);
#4477=ADVANCED_FACE('',(#568),#41,.F.);
#4478=ADVANCED_FACE('',(#569),#42,.F.);
#4479=ADVANCED_FACE('',(#570),#43,.F.);
#4480=ADVANCED_FACE('',(#571),#44,.F.);
#4481=ADVANCED_FACE('',(#572),#45,.F.);
#4482=ADVANCED_FACE('',(#573),#46,.F.);
#4483=ADVANCED_FACE('',(#574),#4321,.T.);
#4484=ADVANCED_FACE('',(#575,#353),#4322,.T.);
#4485=ADVANCED_FACE('',(#576),#4323,.F.);
#4486=ADVANCED_FACE('',(#577),#4324,.F.);
#4487=ADVANCED_FACE('',(#578),#47,.F.);
#4488=ADVANCED_FACE('',(#579),#48,.F.);
#4489=ADVANCED_FACE('',(#580),#49,.F.);
#4490=ADVANCED_FACE('',(#581),#50,.F.);
#4491=ADVANCED_FACE('',(#582),#51,.F.);
#4492=ADVANCED_FACE('',(#583),#52,.F.);
#4493=ADVANCED_FACE('',(#584),#4325,.F.);
#4494=ADVANCED_FACE('',(#585),#4326,.F.);
#4495=ADVANCED_FACE('',(#586),#4327,.F.);
#4496=ADVANCED_FACE('',(#587),#4328,.F.);
#4497=ADVANCED_FACE('',(#588),#53,.F.);
#4498=ADVANCED_FACE('',(#589),#54,.F.);
#4499=ADVANCED_FACE('',(#590),#55,.F.);
#4500=ADVANCED_FACE('',(#591),#56,.F.);
#4501=ADVANCED_FACE('',(#592),#57,.F.);
#4502=ADVANCED_FACE('',(#593),#4329,.F.);
#4503=ADVANCED_FACE('',(#594),#4330,.F.);
#4504=ADVANCED_FACE('',(#595),#4331,.T.);
#4505=ADVANCED_FACE('',(#596,#354),#4332,.T.);
#4506=ADVANCED_FACE('',(#597),#4333,.F.);
#4507=ADVANCED_FACE('',(#598),#4334,.F.);
#4508=ADVANCED_FACE('',(#599),#4335,.F.);
#4509=ADVANCED_FACE('',(#600),#4336,.F.);
#4510=ADVANCED_FACE('',(#601),#4337,.F.);
#4511=ADVANCED_FACE('',(#602),#4338,.F.);
#4512=ADVANCED_FACE('',(#603),#4339,.F.);
#4513=ADVANCED_FACE('',(#604),#4340,.F.);
#4514=ADVANCED_FACE('',(#605),#58,.F.);
#4515=ADVANCED_FACE('',(#606),#59,.F.);
#4516=ADVANCED_FACE('',(#607),#4341,.F.);
#4517=ADVANCED_FACE('',(#608),#4342,.F.);
#4518=ADVANCED_FACE('',(#609),#4343,.F.);
#4519=ADVANCED_FACE('',(#610),#4344,.T.);
#4520=ADVANCED_FACE('',(#611,#355),#4345,.T.);
#4521=ADVANCED_FACE('',(#612),#4346,.F.);
#4522=ADVANCED_FACE('',(#613),#60,.F.);
#4523=ADVANCED_FACE('',(#614),#61,.F.);
#4524=ADVANCED_FACE('',(#615),#4347,.F.);
#4525=ADVANCED_FACE('',(#616),#62,.F.);
#4526=ADVANCED_FACE('',(#617),#63,.F.);
#4527=ADVANCED_FACE('',(#618),#64,.F.);
#4528=ADVANCED_FACE('',(#619),#65,.F.);
#4529=ADVANCED_FACE('',(#620),#66,.F.);
#4530=ADVANCED_FACE('',(#621),#67,.F.);
#4531=ADVANCED_FACE('',(#622),#68,.F.);
#4532=ADVANCED_FACE('',(#623),#4348,.F.);
#4533=ADVANCED_FACE('',(#624),#69,.F.);
#4534=ADVANCED_FACE('',(#625),#70,.F.);
#4535=ADVANCED_FACE('',(#626),#71,.F.);
#4536=ADVANCED_FACE('',(#627),#72,.F.);
#4537=ADVANCED_FACE('',(#628),#73,.F.);
#4538=ADVANCED_FACE('',(#629),#74,.F.);
#4539=ADVANCED_FACE('',(#630),#75,.F.);
#4540=ADVANCED_FACE('',(#631),#76,.F.);
#4541=ADVANCED_FACE('',(#632),#77,.F.);
#4542=ADVANCED_FACE('',(#633),#78,.F.);
#4543=ADVANCED_FACE('',(#634),#79,.F.);
#4544=ADVANCED_FACE('',(#635),#80,.F.);
#4545=ADVANCED_FACE('',(#636),#81,.F.);
#4546=ADVANCED_FACE('',(#637),#82,.F.);
#4547=ADVANCED_FACE('',(#638),#83,.F.);
#4548=ADVANCED_FACE('',(#639),#84,.F.);
#4549=ADVANCED_FACE('',(#640),#85,.F.);
#4550=ADVANCED_FACE('',(#641),#86,.F.);
#4551=ADVANCED_FACE('',(#642),#87,.F.);
#4552=ADVANCED_FACE('',(#643),#88,.F.);
#4553=ADVANCED_FACE('',(#644),#89,.F.);
#4554=ADVANCED_FACE('',(#645),#90,.F.);
#4555=ADVANCED_FACE('',(#646),#91,.F.);
#4556=ADVANCED_FACE('',(#647),#92,.F.);
#4557=ADVANCED_FACE('',(#648),#4349,.F.);
#4558=ADVANCED_FACE('',(#649),#4350,.T.);
#4559=ADVANCED_FACE('',(#650,#356),#4351,.T.);
#4560=ADVANCED_FACE('',(#651),#93,.F.);
#4561=ADVANCED_FACE('',(#652),#94,.F.);
#4562=ADVANCED_FACE('',(#653),#95,.F.);
#4563=ADVANCED_FACE('',(#654),#96,.F.);
#4564=ADVANCED_FACE('',(#655),#97,.F.);
#4565=ADVANCED_FACE('',(#656),#98,.F.);
#4566=ADVANCED_FACE('',(#657),#99,.F.);
#4567=ADVANCED_FACE('',(#658),#100,.F.);
#4568=ADVANCED_FACE('',(#659),#101,.F.);
#4569=ADVANCED_FACE('',(#660),#102,.F.);
#4570=ADVANCED_FACE('',(#661),#103,.F.);
#4571=ADVANCED_FACE('',(#662),#104,.F.);
#4572=ADVANCED_FACE('',(#663),#105,.F.);
#4573=ADVANCED_FACE('',(#664),#106,.F.);
#4574=ADVANCED_FACE('',(#665),#107,.F.);
#4575=ADVANCED_FACE('',(#666),#108,.F.);
#4576=ADVANCED_FACE('',(#667),#109,.F.);
#4577=ADVANCED_FACE('',(#668),#4352,.T.);
#4578=ADVANCED_FACE('',(#669),#4353,.T.);
#4579=ADVANCED_FACE('',(#670),#4354,.F.);
#4580=ADVANCED_FACE('',(#671),#110,.F.);
#4581=ADVANCED_FACE('',(#672),#111,.F.);
#4582=ADVANCED_FACE('',(#673),#112,.F.);
#4583=ADVANCED_FACE('',(#674),#113,.F.);
#4584=ADVANCED_FACE('',(#675),#114,.F.);
#4585=ADVANCED_FACE('',(#676),#4355,.F.);
#4586=ADVANCED_FACE('',(#677),#4356,.F.);
#4587=ADVANCED_FACE('',(#678),#4357,.F.);
#4588=ADVANCED_FACE('',(#679),#115,.F.);
#4589=ADVANCED_FACE('',(#680),#116,.F.);
#4590=ADVANCED_FACE('',(#681),#117,.F.);
#4591=ADVANCED_FACE('',(#682),#118,.F.);
#4592=ADVANCED_FACE('',(#683),#119,.F.);
#4593=ADVANCED_FACE('',(#684),#4358,.F.);
#4594=ADVANCED_FACE('',(#685),#4359,.F.);
#4595=ADVANCED_FACE('',(#686),#4360,.F.);
#4596=ADVANCED_FACE('',(#687),#4361,.F.);
#4597=ADVANCED_FACE('',(#688),#4362,.F.);
#4598=ADVANCED_FACE('',(#689),#4363,.F.);
#4599=ADVANCED_FACE('',(#690),#4364,.T.);
#4600=ADVANCED_FACE('',(#691),#4365,.T.);
#4601=ADVANCED_FACE('',(#692),#4366,.T.);
#4602=ADVANCED_FACE('',(#693),#4367,.T.);
#4603=ADVANCED_FACE('',(#694),#460,.F.);
#4604=ADVANCED_FACE('',(#695),#461,.F.);
#4605=ADVANCED_FACE('',(#696),#462,.F.);
#4606=ADVANCED_FACE('',(#697),#463,.F.);
#4607=ADVANCED_FACE('',(#698,#357,#358,#359,#360,#361,#362,#363),#4368,
 .T.);
#4608=ADVANCED_FACE('',(#699),#4369,.T.);
#4609=ADVANCED_FACE('',(#700),#4370,.T.);
#4610=ADVANCED_FACE('',(#701),#4371,.T.);
#4611=ADVANCED_FACE('',(#702,#364,#365,#366,#367),#4372,.F.);
#4612=CLOSED_SHELL('',(#4373,#4374,#4375,#4376,#4377,#4378,#4379,#4380,
#4381,#4382,#4383,#4384,#4385,#4386,#4387,#4388,#4389,#4390,#4391,#4392,
#4393,#4394,#4395,#4396,#4397,#4398,#4399,#4400,#4401,#4402,#4403,#4404,
#4405,#4406,#4407,#4408,#4409,#4410,#4411,#4412,#4413,#4414,#4415,#4416,
#4417,#4418,#4419,#4420,#4421,#4422,#4423,#4424,#4425,#4426,#4427,#4428,
#4429,#4430,#4431,#4432,#4433,#4434,#4435,#4436,#4437,#4438,#4439,#4440,
#4441,#4442));
#4613=CLOSED_SHELL('',(#4443,#4444,#4445,#4446,#4447,#4448,#4449,#4450,
#4451,#4452,#4453,#4454,#4455,#4456,#4457,#4458,#4459,#4460,#4461,#4462,
#4463,#4464,#4465,#4466,#4467,#4468,#4469,#4470,#4471,#4472,#4473,#4474,
#4475,#4476,#4477,#4478,#4479,#4480,#4481,#4482,#4483,#4484,#4485,#4486,
#4487,#4488,#4489,#4490,#4491,#4492,#4493,#4494,#4495,#4496,#4497,#4498,
#4499,#4500,#4501,#4502,#4503,#4504,#4505,#4506,#4507,#4508,#4509,#4510,
#4511,#4512,#4513,#4514,#4515,#4516,#4517,#4518,#4519,#4520,#4521,#4522,
#4523,#4524,#4525,#4526,#4527,#4528,#4529,#4530,#4531,#4532,#4533,#4534,
#4535,#4536,#4537,#4538,#4539,#4540,#4541,#4542,#4543,#4544,#4545,#4546,
#4547,#4548,#4549,#4550,#4551,#4552,#4553,#4554,#4555,#4556,#4557,#4558,
#4559,#4560,#4561,#4562,#4563,#4564,#4565,#4566,#4567,#4568,#4569,#4570,
#4571,#4572,#4573,#4574,#4575,#4576,#4577,#4578,#4579,#4580,#4581,#4582,
#4583,#4584,#4585,#4586,#4587,#4588,#4589,#4590,#4591,#4592,#4593,#4594,
#4595,#4596,#4597,#4598,#4599,#4600,#4601,#4602,#4603,#4604,#4605,#4606,
#4607,#4608,#4609,#4610,#4611));
#4614=DERIVED_UNIT_ELEMENT(#4620,1.);
#4615=DERIVED_UNIT_ELEMENT(#8719,-3.);
#4616=DERIVED_UNIT_ELEMENT(#4620,1.);
#4617=DERIVED_UNIT_ELEMENT(#8719,-3.);
#4618=DERIVED_UNIT_ELEMENT(#4620,1.);
#4619=DERIVED_UNIT_ELEMENT(#8719,-3.);
#4620=(
MASS_UNIT()
NAMED_UNIT(*)
SI_UNIT(.KILO.,.GRAM.)
);
#4621=DERIVED_UNIT((#4614,#4615));
#4622=DERIVED_UNIT((#4616,#4617));
#4623=DERIVED_UNIT((#4618,#4619));
#4624=MEASURE_REPRESENTATION_ITEM('density measure',
POSITIVE_RATIO_MEASURE(7850.),#4621);
#4625=MEASURE_REPRESENTATION_ITEM('density measure',
POSITIVE_RATIO_MEASURE(7850.),#4622);
#4626=MEASURE_REPRESENTATION_ITEM('density measure',
POSITIVE_RATIO_MEASURE(7850.),#4623);
#4627=PROPERTY_DEFINITION_REPRESENTATION(#4642,#4633);
#4628=PROPERTY_DEFINITION_REPRESENTATION(#4643,#4634);
#4629=PROPERTY_DEFINITION_REPRESENTATION(#4644,#4635);
#4630=PROPERTY_DEFINITION_REPRESENTATION(#4645,#4636);
#4631=PROPERTY_DEFINITION_REPRESENTATION(#4646,#4637);
#4632=PROPERTY_DEFINITION_REPRESENTATION(#4647,#4638);
#4633=REPRESENTATION('material name',(#4639),#8714);
#4634=REPRESENTATION('density',(#4624),#8714);
#4635=REPRESENTATION('material name',(#4640),#8715);
#4636=REPRESENTATION('density',(#4625),#8715);
#4637=REPRESENTATION('material name',(#4641),#8716);
#4638=REPRESENTATION('density',(#4626),#8716);
#4639=DESCRIPTIVE_REPRESENTATION_ITEM('Steel','Steel');
#4640=DESCRIPTIVE_REPRESENTATION_ITEM('Steel','Steel');
#4641=DESCRIPTIVE_REPRESENTATION_ITEM('Steel','Steel');
#4642=PROPERTY_DEFINITION('material property','material name',#8739);
#4643=PROPERTY_DEFINITION('material property','density of part',#8739);
#4644=PROPERTY_DEFINITION('material property','material name',#8740);
#4645=PROPERTY_DEFINITION('material property','density of part',#8740);
#4646=PROPERTY_DEFINITION('material property','material name',#8741);
#4647=PROPERTY_DEFINITION('material property','density of part',#8741);
#4648=AXIS2_PLACEMENT_3D('',#5698,#4861,#4862);
#4649=AXIS2_PLACEMENT_3D('',#5699,#4863,#4864);
#4650=AXIS2_PLACEMENT_3D('',#5700,#4865,#4866);
#4651=AXIS2_PLACEMENT_3D('',#5701,#4867,#4868);
#4652=AXIS2_PLACEMENT_3D('',#5710,#4873,#4874);
#4653=AXIS2_PLACEMENT_3D('',#5716,#4878,#4879);
#4654=AXIS2_PLACEMENT_3D('',#5722,#4883,#4884);
#4655=AXIS2_PLACEMENT_3D('',#5725,#4887,#4888);
#4656=AXIS2_PLACEMENT_3D('',#5734,#4893,#4894);
#4657=AXIS2_PLACEMENT_3D('',#5736,#4895,#4896);
#4658=AXIS2_PLACEMENT_3D('',#5738,#4897,#4898);
#4659=AXIS2_PLACEMENT_3D('',#5740,#4900,#4901);
#4660=AXIS2_PLACEMENT_3D('',#5746,#4905,#4906);
#4661=AXIS2_PLACEMENT_3D('',#5748,#4907,#4908);
#4662=AXIS2_PLACEMENT_3D('',#5750,#4909,#4910);
#4663=AXIS2_PLACEMENT_3D('',#5752,#4912,#4913);
#4664=AXIS2_PLACEMENT_3D('',#5758,#4917,#4918);
#4665=AXIS2_PLACEMENT_3D('',#5760,#4919,#4920);
#4666=AXIS2_PLACEMENT_3D('',#5763,#4922,#4923);
#4667=AXIS2_PLACEMENT_3D('',#5764,#4924,#4925);
#4668=AXIS2_PLACEMENT_3D('',#5770,#4929,#4930);
#4669=AXIS2_PLACEMENT_3D('',#5771,#4931,#4932);
#4670=AXIS2_PLACEMENT_3D('',#5772,#4933,#4934);
#4671=AXIS2_PLACEMENT_3D('',#5773,#4935,#4936);
#4672=AXIS2_PLACEMENT_3D('',#5782,#4941,#4942);
#4673=AXIS2_PLACEMENT_3D('',#5784,#4943,#4944);
#4674=AXIS2_PLACEMENT_3D('',#5786,#4945,#4946);
#4675=AXIS2_PLACEMENT_3D('',#5788,#4948,#4949);
#4676=AXIS2_PLACEMENT_3D('',#5794,#4953,#4954);
#4677=AXIS2_PLACEMENT_3D('',#5796,#4955,#4956);
#4678=AXIS2_PLACEMENT_3D('',#5798,#4957,#4958);
#4679=AXIS2_PLACEMENT_3D('',#5800,#4960,#4961);
#4680=AXIS2_PLACEMENT_3D('',#5806,#4965,#4966);
#4681=AXIS2_PLACEMENT_3D('',#5808,#4967,#4968);
#4682=AXIS2_PLACEMENT_3D('',#5811,#4970,#4971);
#4683=AXIS2_PLACEMENT_3D('',#5812,#4972,#4973);
#4684=AXIS2_PLACEMENT_3D('',#5818,#4977,#4978);
#4685=AXIS2_PLACEMENT_3D('',#5819,#4979,#4980);
#4686=AXIS2_PLACEMENT_3D('',#5820,#4981,#4982);
#4687=AXIS2_PLACEMENT_3D('',#5821,#4983,#4984);
#4688=AXIS2_PLACEMENT_3D('',#5830,#4989,#4990);
#4689=AXIS2_PLACEMENT_3D('',#5832,#4991,#4992);
#4690=AXIS2_PLACEMENT_3D('',#5834,#4993,#4994);
#4691=AXIS2_PLACEMENT_3D('',#5836,#4996,#4997);
#4692=AXIS2_PLACEMENT_3D('',#5842,#5001,#5002);
#4693=AXIS2_PLACEMENT_3D('',#5844,#5003,#5004);
#4694=AXIS2_PLACEMENT_3D('',#5846,#5005,#5006);
#4695=AXIS2_PLACEMENT_3D('',#5848,#5008,#5009);
#4696=AXIS2_PLACEMENT_3D('',#5854,#5013,#5014);
#4697=AXIS2_PLACEMENT_3D('',#5856,#5015,#5016);
#4698=AXIS2_PLACEMENT_3D('',#5859,#5018,#5019);
#4699=AXIS2_PLACEMENT_3D('',#5860,#5020,#5021);
#4700=AXIS2_PLACEMENT_3D('',#5866,#5025,#5026);
#4701=AXIS2_PLACEMENT_3D('',#5867,#5027,#5028);
#4702=AXIS2_PLACEMENT_3D('',#5868,#5029,#5030);
#4703=AXIS2_PLACEMENT_3D('',#5869,#5031,#5032);
#4704=AXIS2_PLACEMENT_3D('',#5878,#5037,#5038);
#4705=AXIS2_PLACEMENT_3D('',#5884,#5042,#5043);
#4706=AXIS2_PLACEMENT_3D('',#5890,#5047,#5048);
#4707=AXIS2_PLACEMENT_3D('',#5893,#5051,#5052);
#4708=AXIS2_PLACEMENT_3D('',#5902,#5057,#5058);
#4709=AXIS2_PLACEMENT_3D('',#5908,#5062,#5063);
#4710=AXIS2_PLACEMENT_3D('',#5914,#5067,#5068);
#4711=AXIS2_PLACEMENT_3D('',#5917,#5071,#5072);
#4712=AXIS2_PLACEMENT_3D('',#5926,#5077,#5078);
#4713=AXIS2_PLACEMENT_3D('',#5928,#5079,#5080);
#4714=AXIS2_PLACEMENT_3D('',#5930,#5081,#5082);
#4715=AXIS2_PLACEMENT_3D('',#5932,#5084,#5085);
#4716=AXIS2_PLACEMENT_3D('',#5938,#5089,#5090);
#4717=AXIS2_PLACEMENT_3D('',#5940,#5091,#5092);
#4718=AXIS2_PLACEMENT_3D('',#5942,#5093,#5094);
#4719=AXIS2_PLACEMENT_3D('',#5944,#5096,#5097);
#4720=AXIS2_PLACEMENT_3D('',#5950,#5101,#5102);
#4721=AXIS2_PLACEMENT_3D('',#5952,#5103,#5104);
#4722=AXIS2_PLACEMENT_3D('',#5955,#5106,#5107);
#4723=AXIS2_PLACEMENT_3D('',#5956,#5108,#5109);
#4724=AXIS2_PLACEMENT_3D('',#5962,#5113,#5114);
#4725=AXIS2_PLACEMENT_3D('',#5963,#5115,#5116);
#4726=AXIS2_PLACEMENT_3D('',#5964,#5117,#5118);
#4727=AXIS2_PLACEMENT_3D('',#5965,#5119,#5120);
#4728=AXIS2_PLACEMENT_3D('',#5974,#5125,#5126);
#4729=AXIS2_PLACEMENT_3D('',#5976,#5127,#5128);
#4730=AXIS2_PLACEMENT_3D('',#5978,#5129,#5130);
#4731=AXIS2_PLACEMENT_3D('',#5980,#5132,#5133);
#4732=AXIS2_PLACEMENT_3D('',#5986,#5137,#5138);
#4733=AXIS2_PLACEMENT_3D('',#5988,#5139,#5140);
#4734=AXIS2_PLACEMENT_3D('',#5990,#5141,#5142);
#4735=AXIS2_PLACEMENT_3D('',#5992,#5144,#5145);
#4736=AXIS2_PLACEMENT_3D('',#5998,#5149,#5150);
#4737=AXIS2_PLACEMENT_3D('',#6000,#5151,#5152);
#4738=AXIS2_PLACEMENT_3D('',#6003,#5154,#5155);
#4739=AXIS2_PLACEMENT_3D('',#6004,#5156,#5157);
#4740=AXIS2_PLACEMENT_3D('',#6010,#5161,#5162);
#4741=AXIS2_PLACEMENT_3D('',#6011,#5163,#5164);
#4742=AXIS2_PLACEMENT_3D('',#6012,#5165,#5166);
#4743=AXIS2_PLACEMENT_3D('',#6013,#5167,#5168);
#4744=AXIS2_PLACEMENT_3D('',#6022,#5173,#5174);
#4745=AXIS2_PLACEMENT_3D('',#6024,#5175,#5176);
#4746=AXIS2_PLACEMENT_3D('',#6026,#5177,#5178);
#4747=AXIS2_PLACEMENT_3D('',#6028,#5180,#5181);
#4748=AXIS2_PLACEMENT_3D('',#6034,#5185,#5186);
#4749=AXIS2_PLACEMENT_3D('',#6036,#5187,#5188);
#4750=AXIS2_PLACEMENT_3D('',#6038,#5189,#5190);
#4751=AXIS2_PLACEMENT_3D('',#6040,#5192,#5193);
#4752=AXIS2_PLACEMENT_3D('',#6046,#5197,#5198);
#4753=AXIS2_PLACEMENT_3D('',#6048,#5199,#5200);
#4754=AXIS2_PLACEMENT_3D('',#6051,#5202,#5203);
#4755=AXIS2_PLACEMENT_3D('',#6052,#5204,#5205);
#4756=AXIS2_PLACEMENT_3D('',#6058,#5209,#5210);
#4757=AXIS2_PLACEMENT_3D('',#6059,#5211,#5212);
#4758=AXIS2_PLACEMENT_3D('',#6060,#5213,#5214);
#4759=AXIS2_PLACEMENT_3D('',#6061,#5215,#5216);
#4760=AXIS2_PLACEMENT_3D('',#6063,#5217,#5218);
#4761=AXIS2_PLACEMENT_3D('',#6066,#5220,#5221);
#4762=AXIS2_PLACEMENT_3D('',#6067,#5222,#5223);
#4763=AXIS2_PLACEMENT_3D('',#6069,#5224,#5225);
#4764=AXIS2_PLACEMENT_3D('',#6072,#5227,#5228);
#4765=AXIS2_PLACEMENT_3D('',#6073,#5229,#5230);
#4766=AXIS2_PLACEMENT_3D('',#6075,#5231,#5232);
#4767=AXIS2_PLACEMENT_3D('',#6078,#5234,#5235);
#4768=AXIS2_PLACEMENT_3D('',#6079,#5236,#5237);
#4769=AXIS2_PLACEMENT_3D('',#6081,#5238,#5239);
#4770=AXIS2_PLACEMENT_3D('',#6084,#5241,#5242);
#4771=AXIS2_PLACEMENT_3D('',#6085,#5243,#5244);
#4772=AXIS2_PLACEMENT_3D('',#6094,#5249,#5250);
#4773=AXIS2_PLACEMENT_3D('',#6100,#5254,#5255);
#4774=AXIS2_PLACEMENT_3D('',#6106,#5259,#5260);
#4775=AXIS2_PLACEMENT_3D('',#6109,#5263,#5264);
#4776=AXIS2_PLACEMENT_3D('',#6110,#5265,#5266);
#4777=AXIS2_PLACEMENT_3D('',#6111,#5267,#5268);
#4778=AXIS2_PLACEMENT_3D('',#6112,#5269,#5270);
#4779=AXIS2_PLACEMENT_3D('',#6138,#5283,#5284);
#4780=AXIS2_PLACEMENT_3D('',#6140,#5285,#5286);
#4781=AXIS2_PLACEMENT_3D('',#6142,#5287,#5288);
#4782=AXIS2_PLACEMENT_3D('',#6144,#5289,#5290);
#4783=AXIS2_PLACEMENT_3D('',#6145,#5291,#5292);
#4784=AXIS2_PLACEMENT_3D('',#6151,#5296,#5297);
#4785=AXIS2_PLACEMENT_3D('',#6157,#5301,#5302);
#4786=AXIS2_PLACEMENT_3D('',#6212,#5309,#5310);
#4787=AXIS2_PLACEMENT_3D('',#6286,#5318,#5319);
#4788=AXIS2_PLACEMENT_3D('',#6341,#5325,#5326);
#4789=AXIS2_PLACEMENT_3D('',#6345,#5329,#5330);
#4790=AXIS2_PLACEMENT_3D('',#6349,#5333,#5334);
#4791=AXIS2_PLACEMENT_3D('',#6353,#5337,#5338);
#4792=AXIS2_PLACEMENT_3D('',#6355,#5340,#5341);
#4793=AXIS2_PLACEMENT_3D('',#6468,#5347,#5348);
#4794=AXIS2_PLACEMENT_3D('',#6474,#5352,#5353);
#4795=AXIS2_PLACEMENT_3D('',#6478,#5356,#5357);
#4796=AXIS2_PLACEMENT_3D('',#6635,#5369,#5370);
#4797=AXIS2_PLACEMENT_3D('',#6639,#5373,#5374);
#4798=AXIS2_PLACEMENT_3D('',#6777,#5384,#5385);
#4799=AXIS2_PLACEMENT_3D('',#6778,#5386,#5387);
#4800=AXIS2_PLACEMENT_3D('',#6861,#5396,#5397);
#4801=AXIS2_PLACEMENT_3D('',#6867,#5401,#5402);
#4802=AXIS2_PLACEMENT_3D('',#6973,#5411,#5412);
#4803=AXIS2_PLACEMENT_3D('',#6977,#5415,#5416);
#4804=AXIS2_PLACEMENT_3D('',#6981,#5419,#5420);
#4805=AXIS2_PLACEMENT_3D('',#6983,#5422,#5423);
#4806=AXIS2_PLACEMENT_3D('',#7074,#5432,#5433);
#4807=AXIS2_PLACEMENT_3D('',#7078,#5436,#5437);
#4808=AXIS2_PLACEMENT_3D('',#7080,#5439,#5440);
#4809=AXIS2_PLACEMENT_3D('',#7081,#5441,#5442);
#4810=AXIS2_PLACEMENT_3D('',#7116,#5454,#5455);
#4811=AXIS2_PLACEMENT_3D('',#7122,#5459,#5460);
#4812=AXIS2_PLACEMENT_3D('',#7126,#5463,#5464);
#4813=AXIS2_PLACEMENT_3D('',#7130,#5467,#5468);
#4814=AXIS2_PLACEMENT_3D('',#7134,#5471,#5472);
#4815=AXIS2_PLACEMENT_3D('',#7138,#5475,#5476);
#4816=AXIS2_PLACEMENT_3D('',#7142,#5479,#5480);
#4817=AXIS2_PLACEMENT_3D('',#7146,#5483,#5484);
#4818=AXIS2_PLACEMENT_3D('',#7184,#5489,#5490);
#4819=AXIS2_PLACEMENT_3D('',#7188,#5493,#5494);
#4820=AXIS2_PLACEMENT_3D('',#7192,#5497,#5498);
#4821=AXIS2_PLACEMENT_3D('',#7194,#5500,#5501);
#4822=AXIS2_PLACEMENT_3D('',#7195,#5502,#5503);
#4823=AXIS2_PLACEMENT_3D('',#7402,#5508,#5509);
#4824=AXIS2_PLACEMENT_3D('',#7442,#5515,#5516);
#4825=AXIS2_PLACEMENT_3D('',#7565,#5526,#5527);
#4826=AXIS2_PLACEMENT_3D('',#7977,#5554,#5555);
#4827=AXIS2_PLACEMENT_3D('',#7979,#5557,#5558);
#4828=AXIS2_PLACEMENT_3D('',#7980,#5559,#5560);
#4829=AXIS2_PLACEMENT_3D('',#8372,#5578,#5579);
#4830=AXIS2_PLACEMENT_3D('',#8373,#5580,#5581);
#4831=AXIS2_PLACEMENT_3D('',#8450,#5590,#5591);
#4832=AXIS2_PLACEMENT_3D('',#8541,#5600,#5601);
#4833=AXIS2_PLACEMENT_3D('',#8545,#5604,#5605);
#4834=AXIS2_PLACEMENT_3D('',#8549,#5608,#5609);
#4835=AXIS2_PLACEMENT_3D('',#8638,#5617,#5618);
#4836=AXIS2_PLACEMENT_3D('',#8642,#5621,#5622);
#4837=AXIS2_PLACEMENT_3D('',#8646,#5625,#5626);
#4838=AXIS2_PLACEMENT_3D('',#8650,#5629,#5630);
#4839=AXIS2_PLACEMENT_3D('',#8652,#5632,#5633);
#4840=AXIS2_PLACEMENT_3D('',#8656,#5636,#5637);
#4841=AXIS2_PLACEMENT_3D('',#8660,#5640,#5641);
#4842=AXIS2_PLACEMENT_3D('',#8667,#5646,#5647);
#4843=AXIS2_PLACEMENT_3D('',#8669,#5649,#5650);
#4844=AXIS2_PLACEMENT_3D('',#8671,#5652,#5653);
#4845=AXIS2_PLACEMENT_3D('',#8672,#5654,#5655);
#4846=AXIS2_PLACEMENT_3D('',#8675,#5657,#5658);
#4847=AXIS2_PLACEMENT_3D('',#8676,#5659,#5660);
#4848=AXIS2_PLACEMENT_3D('',#8679,#5662,#5663);
#4849=AXIS2_PLACEMENT_3D('',#8680,#5664,#5665);
#4850=AXIS2_PLACEMENT_3D('',#8683,#5667,#5668);
#4851=AXIS2_PLACEMENT_3D('',#8684,#5669,#5670);
#4852=AXIS2_PLACEMENT_3D('',#8687,#5672,#5673);
#4853=AXIS2_PLACEMENT_3D('',#8688,#5674,#5675);
#4854=AXIS2_PLACEMENT_3D('',#8694,#5679,#5680);
#4855=AXIS2_PLACEMENT_3D('',#8698,#5683,#5684);
#4856=AXIS2_PLACEMENT_3D('',#8702,#5687,#5688);
#4857=AXIS2_PLACEMENT_3D('',#8704,#5690,#5691);
#4858=AXIS2_PLACEMENT_3D('',#8705,#5692,#5693);
#4859=AXIS2_PLACEMENT_3D('',#8706,#5694,#5695);
#4860=AXIS2_PLACEMENT_3D('',#8707,#5696,#5697);
#4861=DIRECTION('axis',(0.,0.,1.));
#4862=DIRECTION('refdir',(1.,0.,0.));
#4863=DIRECTION('axis',(0.,0.,1.));
#4864=DIRECTION('refdir',(1.,0.,0.));
#4865=DIRECTION('axis',(0.,0.,1.));
#4866=DIRECTION('refdir',(1.,0.,0.));
#4867=DIRECTION('center_axis',(-1.,0.,0.));
#4868=DIRECTION('ref_axis',(0.,1.,0.));
#4869=DIRECTION('',(0.,-1.,0.));
#4870=DIRECTION('',(0.,0.,-1.));
#4871=DIRECTION('',(0.,1.,0.));
#4872=DIRECTION('',(0.,0.,-1.));
#4873=DIRECTION('center_axis',(0.,-1.,0.));
#4874=DIRECTION('ref_axis',(-1.,0.,0.));
#4875=DIRECTION('',(1.,0.,0.));
#4876=DIRECTION('',(-1.,0.,0.));
#4877=DIRECTION('',(0.,0.,-1.));
#4878=DIRECTION('center_axis',(1.,0.,0.));
#4879=DIRECTION('ref_axis',(0.,-1.,0.));
#4880=DIRECTION('',(0.,1.,0.));
#4881=DIRECTION('',(0.,-1.,0.));
#4882=DIRECTION('',(0.,0.,-1.));
#4883=DIRECTION('center_axis',(0.,1.,0.));
#4884=DIRECTION('ref_axis',(1.,0.,0.));
#4885=DIRECTION('',(-1.,0.,0.));
#4886=DIRECTION('',(1.,0.,0.));
#4887=DIRECTION('center_axis',(1.,0.,0.));
#4888=DIRECTION('ref_axis',(0.,-1.,0.));
#4889=DIRECTION('',(0.,1.,0.));
#4890=DIRECTION('',(0.,0.,-1.));
#4891=DIRECTION('',(0.,1.,0.));
#4892=DIRECTION('',(0.,0.,-1.));
#4893=DIRECTION('center_axis',(0.,0.,-1.));
#4894=DIRECTION('ref_axis',(0.,-1.,0.));
#4895=DIRECTION('center_axis',(0.,0.,1.));
#4896=DIRECTION('ref_axis',(0.,-1.,0.));
#4897=DIRECTION('center_axis',(0.,0.,1.));
#4898=DIRECTION('ref_axis',(0.,-1.,0.));
#4899=DIRECTION('',(0.,0.,-1.));
#4900=DIRECTION('center_axis',(0.,-1.,0.));
#4901=DIRECTION('ref_axis',(-1.,0.,0.));
#4902=DIRECTION('',(1.,0.,0.));
#4903=DIRECTION('',(1.,0.,0.));
#4904=DIRECTION('',(0.,0.,-1.));
#4905=DIRECTION('center_axis',(0.,0.,-1.));
#4906=DIRECTION('ref_axis',(-1.,0.,0.));
#4907=DIRECTION('center_axis',(0.,0.,1.));
#4908=DIRECTION('ref_axis',(-1.,0.,0.));
#4909=DIRECTION('center_axis',(0.,0.,1.));
#4910=DIRECTION('ref_axis',(-1.,0.,0.));
#4911=DIRECTION('',(0.,0.,-1.));
#4912=DIRECTION('center_axis',(-1.,0.,0.));
#4913=DIRECTION('ref_axis',(0.,1.,0.));
#4914=DIRECTION('',(0.,-1.,0.));
#4915=DIRECTION('',(0.,-1.,0.));
#4916=DIRECTION('',(0.,0.,-1.));
#4917=DIRECTION('center_axis',(0.,0.,-1.));
#4918=DIRECTION('ref_axis',(1.,0.,0.));
#4919=DIRECTION('center_axis',(0.,0.,1.));
#4920=DIRECTION('ref_axis',(1.,0.,0.));
#4921=DIRECTION('',(0.,0.,-1.));
#4922=DIRECTION('center_axis',(0.,0.,1.));
#4923=DIRECTION('ref_axis',(1.,0.,0.));
#4924=DIRECTION('center_axis',(0.,1.,0.));
#4925=DIRECTION('ref_axis',(1.,0.,0.));
#4926=DIRECTION('',(-1.,0.,0.));
#4927=DIRECTION('',(0.,0.,-1.));
#4928=DIRECTION('',(-1.,0.,0.));
#4929=DIRECTION('center_axis',(0.,0.,-1.));
#4930=DIRECTION('ref_axis',(0.,1.,0.));
#4931=DIRECTION('center_axis',(0.,0.,1.));
#4932=DIRECTION('ref_axis',(0.,1.,0.));
#4933=DIRECTION('center_axis',(0.,0.,1.));
#4934=DIRECTION('ref_axis',(0.,1.,0.));
#4935=DIRECTION('center_axis',(1.,0.,0.));
#4936=DIRECTION('ref_axis',(0.,-1.,0.));
#4937=DIRECTION('',(0.,1.,0.));
#4938=DIRECTION('',(0.,0.,-1.));
#4939=DIRECTION('',(0.,1.,0.));
#4940=DIRECTION('',(0.,0.,-1.));
#4941=DIRECTION('center_axis',(0.,0.,-1.));
#4942=DIRECTION('ref_axis',(0.,-1.,0.));
#4943=DIRECTION('center_axis',(0.,0.,1.));
#4944=DIRECTION('ref_axis',(0.,-1.,0.));
#4945=DIRECTION('center_axis',(0.,0.,1.));
#4946=DIRECTION('ref_axis',(0.,-1.,0.));
#4947=DIRECTION('',(0.,0.,-1.));
#4948=DIRECTION('center_axis',(0.,-1.,0.));
#4949=DIRECTION('ref_axis',(-1.,0.,0.));
#4950=DIRECTION('',(1.,0.,0.));
#4951=DIRECTION('',(1.,0.,0.));
#4952=DIRECTION('',(0.,0.,-1.));
#4953=DIRECTION('center_axis',(0.,0.,-1.));
#4954=DIRECTION('ref_axis',(-1.,0.,0.));
#4955=DIRECTION('center_axis',(0.,0.,1.));
#4956=DIRECTION('ref_axis',(-1.,0.,0.));
#4957=DIRECTION('center_axis',(0.,0.,1.));
#4958=DIRECTION('ref_axis',(-1.,0.,0.));
#4959=DIRECTION('',(0.,0.,-1.));
#4960=DIRECTION('center_axis',(-1.,0.,0.));
#4961=DIRECTION('ref_axis',(0.,1.,0.));
#4962=DIRECTION('',(0.,-1.,0.));
#4963=DIRECTION('',(0.,-1.,0.));
#4964=DIRECTION('',(0.,0.,-1.));
#4965=DIRECTION('center_axis',(0.,0.,-1.));
#4966=DIRECTION('ref_axis',(1.,0.,0.));
#4967=DIRECTION('center_axis',(0.,0.,1.));
#4968=DIRECTION('ref_axis',(1.,0.,0.));
#4969=DIRECTION('',(0.,0.,-1.));
#4970=DIRECTION('center_axis',(0.,0.,1.));
#4971=DIRECTION('ref_axis',(1.,0.,0.));
#4972=DIRECTION('center_axis',(0.,1.,0.));
#4973=DIRECTION('ref_axis',(1.,0.,0.));
#4974=DIRECTION('',(-1.,0.,0.));
#4975=DIRECTION('',(0.,0.,-1.));
#4976=DIRECTION('',(-1.,0.,0.));
#4977=DIRECTION('center_axis',(0.,0.,-1.));
#4978=DIRECTION('ref_axis',(0.,1.,0.));
#4979=DIRECTION('center_axis',(0.,0.,1.));
#4980=DIRECTION('ref_axis',(0.,1.,0.));
#4981=DIRECTION('center_axis',(0.,0.,1.));
#4982=DIRECTION('ref_axis',(0.,1.,0.));
#4983=DIRECTION('center_axis',(1.,0.,0.));
#4984=DIRECTION('ref_axis',(0.,-1.,0.));
#4985=DIRECTION('',(0.,1.,0.));
#4986=DIRECTION('',(0.,0.,-1.));
#4987=DIRECTION('',(0.,1.,0.));
#4988=DIRECTION('',(0.,0.,-1.));
#4989=DIRECTION('center_axis',(0.,0.,-1.));
#4990=DIRECTION('ref_axis',(0.,-1.,0.));
#4991=DIRECTION('center_axis',(0.,0.,1.));
#4992=DIRECTION('ref_axis',(0.,-1.,0.));
#4993=DIRECTION('center_axis',(0.,0.,1.));
#4994=DIRECTION('ref_axis',(0.,-1.,0.));
#4995=DIRECTION('',(0.,0.,-1.));
#4996=DIRECTION('center_axis',(0.,-1.,0.));
#4997=DIRECTION('ref_axis',(-1.,0.,0.));
#4998=DIRECTION('',(1.,0.,0.));
#4999=DIRECTION('',(1.,0.,0.));
#5000=DIRECTION('',(0.,0.,-1.));
#5001=DIRECTION('center_axis',(0.,0.,-1.));
#5002=DIRECTION('ref_axis',(-1.,0.,0.));
#5003=DIRECTION('center_axis',(0.,0.,1.));
#5004=DIRECTION('ref_axis',(-1.,0.,0.));
#5005=DIRECTION('center_axis',(0.,0.,1.));
#5006=DIRECTION('ref_axis',(-1.,0.,0.));
#5007=DIRECTION('',(0.,0.,-1.));
#5008=DIRECTION('center_axis',(-1.,0.,0.));
#5009=DIRECTION('ref_axis',(0.,1.,0.));
#5010=DIRECTION('',(0.,-1.,0.));
#5011=DIRECTION('',(0.,-1.,0.));
#5012=DIRECTION('',(0.,0.,-1.));
#5013=DIRECTION('center_axis',(0.,0.,-1.));
#5014=DIRECTION('ref_axis',(1.,0.,0.));
#5015=DIRECTION('center_axis',(0.,0.,1.));
#5016=DIRECTION('ref_axis',(1.,0.,0.));
#5017=DIRECTION('',(0.,0.,-1.));
#5018=DIRECTION('center_axis',(0.,0.,1.));
#5019=DIRECTION('ref_axis',(1.,0.,0.));
#5020=DIRECTION('center_axis',(0.,1.,0.));
#5021=DIRECTION('ref_axis',(1.,0.,0.));
#5022=DIRECTION('',(-1.,0.,0.));
#5023=DIRECTION('',(0.,0.,-1.));
#5024=DIRECTION('',(-1.,0.,0.));
#5025=DIRECTION('center_axis',(0.,0.,-1.));
#5026=DIRECTION('ref_axis',(0.,1.,0.));
#5027=DIRECTION('center_axis',(0.,0.,1.));
#5028=DIRECTION('ref_axis',(0.,1.,0.));
#5029=DIRECTION('center_axis',(0.,0.,1.));
#5030=DIRECTION('ref_axis',(0.,1.,0.));
#5031=DIRECTION('center_axis',(-1.,0.,0.));
#5032=DIRECTION('ref_axis',(0.,1.,0.));
#5033=DIRECTION('',(0.,-1.,0.));
#5034=DIRECTION('',(0.,0.,-1.));
#5035=DIRECTION('',(0.,-1.,0.));
#5036=DIRECTION('',(0.,0.,-1.));
#5037=DIRECTION('center_axis',(0.,1.,0.));
#5038=DIRECTION('ref_axis',(1.,0.,0.));
#5039=DIRECTION('',(-1.,0.,0.));
#5040=DIRECTION('',(-1.,0.,0.));
#5041=DIRECTION('',(0.,0.,-1.));
#5042=DIRECTION('center_axis',(1.,0.,0.));
#5043=DIRECTION('ref_axis',(0.,-1.,0.));
#5044=DIRECTION('',(0.,1.,0.));
#5045=DIRECTION('',(0.,1.,0.));
#5046=DIRECTION('',(0.,0.,-1.));
#5047=DIRECTION('center_axis',(0.,-1.,0.));
#5048=DIRECTION('ref_axis',(-1.,0.,0.));
#5049=DIRECTION('',(1.,0.,0.));
#5050=DIRECTION('',(1.,0.,0.));
#5051=DIRECTION('center_axis',(-1.,0.,0.));
#5052=DIRECTION('ref_axis',(0.,1.,0.));
#5053=DIRECTION('',(0.,-1.,0.));
#5054=DIRECTION('',(0.,0.,-1.));
#5055=DIRECTION('',(0.,-1.,0.));
#5056=DIRECTION('',(0.,0.,-1.));
#5057=DIRECTION('center_axis',(0.,1.,0.));
#5058=DIRECTION('ref_axis',(1.,0.,0.));
#5059=DIRECTION('',(-1.,0.,0.));
#5060=DIRECTION('',(-1.,0.,0.));
#5061=DIRECTION('',(0.,0.,-1.));
#5062=DIRECTION('center_axis',(1.,0.,0.));
#5063=DIRECTION('ref_axis',(0.,-1.,0.));
#5064=DIRECTION('',(0.,1.,0.));
#5065=DIRECTION('',(0.,1.,0.));
#5066=DIRECTION('',(0.,0.,-1.));
#5067=DIRECTION('center_axis',(0.,-1.,0.));
#5068=DIRECTION('ref_axis',(-1.,0.,0.));
#5069=DIRECTION('',(1.,0.,0.));
#5070=DIRECTION('',(1.,0.,0.));
#5071=DIRECTION('center_axis',(1.,0.,0.));
#5072=DIRECTION('ref_axis',(0.,-1.,0.));
#5073=DIRECTION('',(0.,1.,0.));
#5074=DIRECTION('',(0.,0.,-1.));
#5075=DIRECTION('',(0.,1.,0.));
#5076=DIRECTION('',(0.,0.,-1.));
#5077=DIRECTION('center_axis',(0.,0.,-1.));
#5078=DIRECTION('ref_axis',(0.,-1.,0.));
#5079=DIRECTION('center_axis',(0.,0.,1.));
#5080=DIRECTION('ref_axis',(0.,-1.,0.));
#5081=DIRECTION('center_axis',(0.,0.,1.));
#5082=DIRECTION('ref_axis',(0.,-1.,0.));
#5083=DIRECTION('',(0.,0.,-1.));
#5084=DIRECTION('center_axis',(1.70803542250024E-16,-1.,0.));
#5085=DIRECTION('ref_axis',(-1.,-1.70803542250024E-16,0.));
#5086=DIRECTION('',(1.,1.70803542250024E-16,0.));
#5087=DIRECTION('',(1.,1.70803542250024E-16,0.));
#5088=DIRECTION('',(0.,0.,-1.));
#5089=DIRECTION('center_axis',(0.,0.,-1.));
#5090=DIRECTION('ref_axis',(-1.,0.,0.));
#5091=DIRECTION('center_axis',(0.,0.,1.));
#5092=DIRECTION('ref_axis',(-1.,0.,0.));
#5093=DIRECTION('center_axis',(0.,0.,1.));
#5094=DIRECTION('ref_axis',(-1.,0.,0.));
#5095=DIRECTION('',(0.,0.,-1.));
#5096=DIRECTION('center_axis',(-1.,0.,0.));
#5097=DIRECTION('ref_axis',(0.,1.,0.));
#5098=DIRECTION('',(0.,-1.,0.));
#5099=DIRECTION('',(0.,-1.,0.));
#5100=DIRECTION('',(0.,0.,-1.));
#5101=DIRECTION('center_axis',(0.,0.,-1.));
#5102=DIRECTION('ref_axis',(1.,0.,0.));
#5103=DIRECTION('center_axis',(0.,0.,1.));
#5104=DIRECTION('ref_axis',(1.,0.,0.));
#5105=DIRECTION('',(0.,0.,-1.));
#5106=DIRECTION('center_axis',(0.,0.,1.));
#5107=DIRECTION('ref_axis',(1.,0.,0.));
#5108=DIRECTION('center_axis',(0.,1.,0.));
#5109=DIRECTION('ref_axis',(1.,0.,0.));
#5110=DIRECTION('',(-1.,0.,0.));
#5111=DIRECTION('',(0.,0.,-1.));
#5112=DIRECTION('',(-1.,0.,0.));
#5113=DIRECTION('center_axis',(0.,0.,-1.));
#5114=DIRECTION('ref_axis',(0.,1.,0.));
#5115=DIRECTION('center_axis',(0.,0.,1.));
#5116=DIRECTION('ref_axis',(0.,1.,0.));
#5117=DIRECTION('center_axis',(0.,0.,1.));
#5118=DIRECTION('ref_axis',(0.,1.,0.));
#5119=DIRECTION('center_axis',(0.,-1.,0.));
#5120=DIRECTION('ref_axis',(-1.,0.,0.));
#5121=DIRECTION('',(1.,0.,0.));
#5122=DIRECTION('',(0.,0.,-1.));
#5123=DIRECTION('',(1.,0.,0.));
#5124=DIRECTION('',(0.,0.,-1.));
#5125=DIRECTION('center_axis',(0.,0.,-1.));
#5126=DIRECTION('ref_axis',(-1.,0.,0.));
#5127=DIRECTION('center_axis',(0.,0.,1.));
#5128=DIRECTION('ref_axis',(-1.,0.,0.));
#5129=DIRECTION('center_axis',(0.,0.,1.));
#5130=DIRECTION('ref_axis',(-1.,0.,0.));
#5131=DIRECTION('',(0.,0.,-1.));
#5132=DIRECTION('center_axis',(-1.,0.,0.));
#5133=DIRECTION('ref_axis',(0.,1.,0.));
#5134=DIRECTION('',(0.,-1.,0.));
#5135=DIRECTION('',(0.,-1.,0.));
#5136=DIRECTION('',(0.,0.,-1.));
#5137=DIRECTION('center_axis',(0.,0.,-1.));
#5138=DIRECTION('ref_axis',(0.,1.,0.));
#5139=DIRECTION('center_axis',(0.,0.,1.));
#5140=DIRECTION('ref_axis',(0.,1.,0.));
#5141=DIRECTION('center_axis',(0.,0.,1.));
#5142=DIRECTION('ref_axis',(0.,1.,0.));
#5143=DIRECTION('',(0.,0.,-1.));
#5144=DIRECTION('center_axis',(0.,1.,0.));
#5145=DIRECTION('ref_axis',(1.,0.,0.));
#5146=DIRECTION('',(-1.,0.,0.));
#5147=DIRECTION('',(-1.,0.,0.));
#5148=DIRECTION('',(0.,0.,-1.));
#5149=DIRECTION('center_axis',(0.,0.,-1.));
#5150=DIRECTION('ref_axis',(0.,-1.,0.));
#5151=DIRECTION('center_axis',(0.,0.,1.));
#5152=DIRECTION('ref_axis',(0.,-1.,0.));
#5153=DIRECTION('',(0.,0.,-1.));
#5154=DIRECTION('center_axis',(0.,0.,1.));
#5155=DIRECTION('ref_axis',(0.,-1.,0.));
#5156=DIRECTION('center_axis',(1.,0.,0.));
#5157=DIRECTION('ref_axis',(0.,-1.,0.));
#5158=DIRECTION('',(0.,1.,0.));
#5159=DIRECTION('',(0.,0.,-1.));
#5160=DIRECTION('',(0.,1.,0.));
#5161=DIRECTION('center_axis',(0.,0.,-1.));
#5162=DIRECTION('ref_axis',(1.,0.,0.));
#5163=DIRECTION('center_axis',(0.,0.,1.));
#5164=DIRECTION('ref_axis',(1.,0.,0.));
#5165=DIRECTION('center_axis',(0.,0.,1.));
#5166=DIRECTION('ref_axis',(1.,0.,0.));
#5167=DIRECTION('center_axis',(1.,0.,0.));
#5168=DIRECTION('ref_axis',(0.,-1.,0.));
#5169=DIRECTION('',(0.,1.,0.));
#5170=DIRECTION('',(0.,0.,-1.));
#5171=DIRECTION('',(0.,1.,0.));
#5172=DIRECTION('',(0.,0.,-1.));
#5173=DIRECTION('center_axis',(0.,0.,-1.));
#5174=DIRECTION('ref_axis',(0.,-1.,0.));
#5175=DIRECTION('center_axis',(0.,0.,1.));
#5176=DIRECTION('ref_axis',(0.,-1.,0.));
#5177=DIRECTION('center_axis',(0.,0.,1.));
#5178=DIRECTION('ref_axis',(0.,-1.,0.));
#5179=DIRECTION('',(0.,0.,-1.));
#5180=DIRECTION('center_axis',(0.,-1.,0.));
#5181=DIRECTION('ref_axis',(-1.,0.,0.));
#5182=DIRECTION('',(1.,0.,0.));
#5183=DIRECTION('',(1.,0.,0.));
#5184=DIRECTION('',(0.,0.,-1.));
#5185=DIRECTION('center_axis',(0.,0.,-1.));
#5186=DIRECTION('ref_axis',(-1.,0.,0.));
#5187=DIRECTION('center_axis',(0.,0.,1.));
#5188=DIRECTION('ref_axis',(-1.,0.,0.));
#5189=DIRECTION('center_axis',(0.,0.,1.));
#5190=DIRECTION('ref_axis',(-1.,0.,0.));
#5191=DIRECTION('',(0.,0.,-1.));
#5192=DIRECTION('center_axis',(-1.,0.,0.));
#5193=DIRECTION('ref_axis',(0.,1.,0.));
#5194=DIRECTION('',(0.,-1.,0.));
#5195=DIRECTION('',(0.,-1.,0.));
#5196=DIRECTION('',(0.,0.,-1.));
#5197=DIRECTION('center_axis',(0.,0.,-1.));
#5198=DIRECTION('ref_axis',(1.,0.,0.));
#5199=DIRECTION('center_axis',(0.,0.,1.));
#5200=DIRECTION('ref_axis',(1.,0.,0.));
#5201=DIRECTION('',(0.,0.,-1.));
#5202=DIRECTION('center_axis',(0.,0.,1.));
#5203=DIRECTION('ref_axis',(1.,0.,0.));
#5204=DIRECTION('center_axis',(0.,1.,0.));
#5205=DIRECTION('ref_axis',(1.,0.,0.));
#5206=DIRECTION('',(-1.,0.,0.));
#5207=DIRECTION('',(0.,0.,-1.));
#5208=DIRECTION('',(-1.,0.,0.));
#5209=DIRECTION('center_axis',(0.,0.,-1.));
#5210=DIRECTION('ref_axis',(0.,1.,0.));
#5211=DIRECTION('center_axis',(0.,0.,1.));
#5212=DIRECTION('ref_axis',(0.,1.,0.));
#5213=DIRECTION('center_axis',(0.,0.,1.));
#5214=DIRECTION('ref_axis',(0.,1.,0.));
#5215=DIRECTION('center_axis',(0.,0.,1.));
#5216=DIRECTION('ref_axis',(1.,0.,0.));
#5217=DIRECTION('center_axis',(0.,0.,-1.));
#5218=DIRECTION('ref_axis',(1.,0.,0.));
#5219=DIRECTION('',(0.,0.,-1.));
#5220=DIRECTION('center_axis',(0.,0.,-1.));
#5221=DIRECTION('ref_axis',(1.,0.,0.));
#5222=DIRECTION('center_axis',(0.,0.,1.));
#5223=DIRECTION('ref_axis',(1.,0.,0.));
#5224=DIRECTION('center_axis',(0.,0.,-1.));
#5225=DIRECTION('ref_axis',(1.,0.,0.));
#5226=DIRECTION('',(0.,0.,-1.));
#5227=DIRECTION('center_axis',(0.,0.,-1.));
#5228=DIRECTION('ref_axis',(1.,0.,0.));
#5229=DIRECTION('center_axis',(0.,0.,1.));
#5230=DIRECTION('ref_axis',(1.,0.,0.));
#5231=DIRECTION('center_axis',(0.,0.,-1.));
#5232=DIRECTION('ref_axis',(1.,0.,0.));
#5233=DIRECTION('',(0.,0.,-1.));
#5234=DIRECTION('center_axis',(0.,0.,-1.));
#5235=DIRECTION('ref_axis',(1.,0.,0.));
#5236=DIRECTION('center_axis',(0.,0.,1.));
#5237=DIRECTION('ref_axis',(1.,0.,0.));
#5238=DIRECTION('center_axis',(0.,0.,-1.));
#5239=DIRECTION('ref_axis',(1.,0.,0.));
#5240=DIRECTION('',(0.,0.,-1.));
#5241=DIRECTION('center_axis',(0.,0.,-1.));
#5242=DIRECTION('ref_axis',(1.,0.,0.));
#5243=DIRECTION('center_axis',(-1.,0.,0.));
#5244=DIRECTION('ref_axis',(0.,-1.,0.));
#5245=DIRECTION('',(0.,1.,0.));
#5246=DIRECTION('',(0.,0.,1.));
#5247=DIRECTION('',(0.,-1.,0.));
#5248=DIRECTION('',(0.,0.,1.));
#5249=DIRECTION('center_axis',(0.,1.,0.));
#5250=DIRECTION('ref_axis',(-1.,0.,0.));
#5251=DIRECTION('',(1.,0.,0.));
#5252=DIRECTION('',(-1.,0.,0.));
#5253=DIRECTION('',(0.,0.,1.));
#5254=DIRECTION('center_axis',(1.,0.,0.));
#5255=DIRECTION('ref_axis',(0.,1.,0.));
#5256=DIRECTION('',(0.,-1.,0.));
#5257=DIRECTION('',(0.,1.,0.));
#5258=DIRECTION('',(0.,0.,1.));
#5259=DIRECTION('center_axis',(0.,-1.,0.));
#5260=DIRECTION('ref_axis',(1.,0.,0.));
#5261=DIRECTION('',(-1.,0.,0.));
#5262=DIRECTION('',(1.,0.,0.));
#5263=DIRECTION('center_axis',(0.,0.,1.));
#5264=DIRECTION('ref_axis',(1.,0.,0.));
#5265=DIRECTION('center_axis',(0.,0.,1.));
#5266=DIRECTION('ref_axis',(1.,0.,0.));
#5267=DIRECTION('axis',(0.,0.,1.));
#5268=DIRECTION('refdir',(1.,0.,0.));
#5269=DIRECTION('center_axis',(0.,0.,1.));
#5270=DIRECTION('ref_axis',(-1.,0.,0.));
#5271=DIRECTION('',(1.36642833800019E-15,-1.,0.));
#5272=DIRECTION('',(1.,0.,0.));
#5273=DIRECTION('',(0.,-1.,0.));
#5274=DIRECTION('',(-1.,0.,0.));
#5275=DIRECTION('',(0.,1.,0.));
#5276=DIRECTION('',(1.,0.,0.));
#5277=DIRECTION('',(-1.36642833800019E-15,1.,0.));
#5278=DIRECTION('',(-1.,0.,0.));
#5279=DIRECTION('',(0.,-1.,0.));
#5280=DIRECTION('',(1.,0.,0.));
#5281=DIRECTION('',(0.,1.,0.));
#5282=DIRECTION('',(-1.,0.,0.));
#5283=DIRECTION('center_axis',(0.,0.,-1.));
#5284=DIRECTION('ref_axis',(-1.,0.,0.));
#5285=DIRECTION('center_axis',(0.,0.,-1.));
#5286=DIRECTION('ref_axis',(-1.,0.,0.));
#5287=DIRECTION('center_axis',(0.,0.,-1.));
#5288=DIRECTION('ref_axis',(-1.,0.,0.));
#5289=DIRECTION('center_axis',(0.,0.,-1.));
#5290=DIRECTION('ref_axis',(-1.,0.,0.));
#5291=DIRECTION('center_axis',(0.,-1.,0.));
#5292=DIRECTION('ref_axis',(1.,0.,0.));
#5293=DIRECTION('',(4.99600361081322E-16,0.,1.));
#5294=DIRECTION('',(0.,0.,1.));
#5295=DIRECTION('',(-1.,0.,0.));
#5296=DIRECTION('center_axis',(0.,-1.,0.));
#5297=DIRECTION('ref_axis',(1.,0.,0.));
#5298=DIRECTION('',(-1.76607693640069E-15,0.,-1.));
#5299=DIRECTION('',(-1.,0.,0.));
#5300=DIRECTION('',(0.,0.,1.));
#5301=DIRECTION('center_axis',(1.,0.,0.));
#5302=DIRECTION('ref_axis',(0.,1.,0.));
#5303=DIRECTION('',(1.76607693640068E-15,-1.17357439125447E-15,-1.));
#5304=DIRECTION('',(1.17264803023443E-15,-0.348045232161952,-0.937477741799416));
#5305=DIRECTION('',(1.76607693640068E-15,-1.17357439125447E-15,-1.));
#5306=DIRECTION('',(1.38777878078146E-15,1.,-1.17357439125447E-15));
#5307=DIRECTION('',(-1.76607693640068E-15,1.17357439125447E-15,1.));
#5308=DIRECTION('',(-1.38777878078146E-15,-1.,1.17357439125447E-15));
#5309=DIRECTION('center_axis',(0.,-1.,1.17357439125447E-15));
#5310=DIRECTION('ref_axis',(0.,-1.17357439125447E-15,-1.));
#5311=DIRECTION('',(0.,-1.17357439125447E-15,-1.));
#5312=DIRECTION('',(1.,0.,0.));
#5313=DIRECTION('',(1.,0.,0.));
#5314=DIRECTION('',(1.,0.,0.));
#5315=DIRECTION('',(1.,0.,0.));
#5316=DIRECTION('',(1.,0.,0.));
#5317=DIRECTION('',(1.,0.,0.));
#5318=DIRECTION('center_axis',(0.,-0.937477741799416,0.348045232161952));
#5319=DIRECTION('ref_axis',(0.,-0.348045232161952,-0.937477741799416));
#5320=DIRECTION('',(0.,-0.348045232161952,-0.937477741799416));
#5321=DIRECTION('',(1.,0.,0.));
#5322=DIRECTION('',(1.,0.,0.));
#5323=DIRECTION('',(1.,0.,0.));
#5324=DIRECTION('',(1.,0.,0.));
#5325=DIRECTION('center_axis',(0.,-1.,1.17357439125447E-15));
#5326=DIRECTION('ref_axis',(0.,-1.17357439125447E-15,-1.));
#5327=DIRECTION('',(0.,-1.17357439125447E-15,-1.));
#5328=DIRECTION('',(1.,0.,0.));
#5329=DIRECTION('center_axis',(0.,-1.17357439125447E-15,-1.));
#5330=DIRECTION('ref_axis',(-1.,0.,0.));
#5331=DIRECTION('',(0.,1.,-1.17357439125447E-15));
#5332=DIRECTION('',(1.,0.,0.));
#5333=DIRECTION('center_axis',(0.,1.,-1.17357439125447E-15));
#5334=DIRECTION('ref_axis',(0.,1.17357439125447E-15,1.));
#5335=DIRECTION('',(0.,1.17357439125447E-15,1.));
#5336=DIRECTION('',(1.,0.,0.));
#5337=DIRECTION('center_axis',(0.,1.17357439125447E-15,1.));
#5338=DIRECTION('ref_axis',(1.,0.,0.));
#5339=DIRECTION('',(0.,-1.,1.17357439125447E-15));
#5340=DIRECTION('center_axis',(1.,0.,0.));
#5341=DIRECTION('ref_axis',(0.,1.,0.));
#5342=DIRECTION('',(1.76607693640068E-15,-1.17357439125447E-15,-1.));
#5343=DIRECTION('',(1.38777878078146E-15,1.,-1.17357439125447E-15));
#5344=DIRECTION('',(-1.76607693640068E-15,1.17357439125447E-15,1.));
#5345=DIRECTION('',(-1.76607693640068E-15,1.17357439125447E-15,1.));
#5346=DIRECTION('',(-1.38777878078146E-15,-1.,1.17357439125447E-15));
#5347=DIRECTION('center_axis',(0.,-1.,1.17357439125447E-15));
#5348=DIRECTION('ref_axis',(0.,-1.17357439125447E-15,-1.));
#5349=DIRECTION('',(0.,-1.17357439125447E-15,-1.));
#5350=DIRECTION('',(1.,0.,0.));
#5351=DIRECTION('',(1.,0.,0.));
#5352=DIRECTION('center_axis',(0.,-1.17357439125447E-15,-1.));
#5353=DIRECTION('ref_axis',(-1.,0.,0.));
#5354=DIRECTION('',(0.,1.,-1.17357439125447E-15));
#5355=DIRECTION('',(1.,0.,0.));
#5356=DIRECTION('center_axis',(0.,1.,-1.17357439125447E-15));
#5357=DIRECTION('ref_axis',(0.,1.17357439125447E-15,1.));
#5358=DIRECTION('',(0.,1.17357439125447E-15,1.));
#5359=DIRECTION('',(1.,0.,0.));
#5360=DIRECTION('',(1.,0.,0.));
#5361=DIRECTION('',(1.,0.,0.));
#5362=DIRECTION('',(1.,0.,0.));
#5363=DIRECTION('',(1.,0.,0.));
#5364=DIRECTION('',(1.,0.,0.));
#5365=DIRECTION('',(1.,0.,0.));
#5366=DIRECTION('',(1.,0.,0.));
#5367=DIRECTION('',(1.,0.,0.));
#5368=DIRECTION('',(1.,0.,0.));
#5369=DIRECTION('center_axis',(0.,1.,-1.17357439125447E-15));
#5370=DIRECTION('ref_axis',(0.,1.17357439125447E-15,1.));
#5371=DIRECTION('',(0.,1.17357439125447E-15,1.));
#5372=DIRECTION('',(1.,0.,0.));
#5373=DIRECTION('center_axis',(0.,1.17357439125447E-15,1.));
#5374=DIRECTION('ref_axis',(1.,0.,0.));
#5375=DIRECTION('',(0.,-1.,1.17357439125447E-15));
#5376=DIRECTION('',(1.,0.,0.));
#5377=DIRECTION('',(1.,0.,0.));
#5378=DIRECTION('',(1.,0.,0.));
#5379=DIRECTION('',(1.,0.,0.));
#5380=DIRECTION('',(1.,0.,0.));
#5381=DIRECTION('',(1.,0.,0.));
#5382=DIRECTION('',(1.,0.,0.));
#5383=DIRECTION('',(1.,0.,0.));
#5384=DIRECTION('center_axis',(1.,0.,0.));
#5385=DIRECTION('ref_axis',(0.,1.,0.));
#5386=DIRECTION('center_axis',(1.,0.,0.));
#5387=DIRECTION('ref_axis',(0.,1.,0.));
#5388=DIRECTION('',(1.76607693640068E-15,-1.17357439125447E-15,-1.));
#5389=DIRECTION('',(-1.38777878078146E-15,-1.,1.17357439125447E-15));
#5390=DIRECTION('',(1.38777878078146E-15,1.,-1.17357439125447E-15));
#5391=DIRECTION('',(-1.76607693640068E-15,1.17357439125447E-15,1.));
#5392=DIRECTION('',(-1.38777878078146E-15,-1.,1.17357439125447E-15));
#5393=DIRECTION('',(-1.38777878078146E-15,-1.,1.17357439125447E-15));
#5394=DIRECTION('',(1.38777878078146E-15,1.,-1.17357439125447E-15));
#5395=DIRECTION('',(1.76607693640068E-15,-1.17357439125447E-15,-1.));
#5396=DIRECTION('center_axis',(0.,-1.,1.17357439125447E-15));
#5397=DIRECTION('ref_axis',(0.,-1.17357439125447E-15,-1.));
#5398=DIRECTION('',(0.,-1.17357439125447E-15,-1.));
#5399=DIRECTION('',(1.,0.,0.));
#5400=DIRECTION('',(1.,0.,0.));
#5401=DIRECTION('center_axis',(0.,1.17357439125447E-15,1.));
#5402=DIRECTION('ref_axis',(1.,0.,0.));
#5403=DIRECTION('',(0.,-1.,1.17357439125447E-15));
#5404=DIRECTION('',(1.,0.,0.));
#5405=DIRECTION('',(1.,0.,0.));
#5406=DIRECTION('',(1.,0.,0.));
#5407=DIRECTION('',(1.,0.,0.));
#5408=DIRECTION('',(1.,0.,0.));
#5409=DIRECTION('',(1.,0.,0.));
#5410=DIRECTION('',(1.,0.,0.));
#5411=DIRECTION('center_axis',(0.,-1.17357439125447E-15,-1.));
#5412=DIRECTION('ref_axis',(-1.,0.,0.));
#5413=DIRECTION('',(0.,1.,-1.17357439125447E-15));
#5414=DIRECTION('',(1.,0.,0.));
#5415=DIRECTION('center_axis',(0.,1.,-1.17357439125447E-15));
#5416=DIRECTION('ref_axis',(0.,1.17357439125447E-15,1.));
#5417=DIRECTION('',(0.,1.17357439125447E-15,1.));
#5418=DIRECTION('',(1.,0.,0.));
#5419=DIRECTION('center_axis',(0.,1.17357439125447E-15,1.));
#5420=DIRECTION('ref_axis',(1.,0.,0.));
#5421=DIRECTION('',(0.,-1.,1.17357439125447E-15));
#5422=DIRECTION('center_axis',(0.,1.17357439125447E-15,1.));
#5423=DIRECTION('ref_axis',(1.,0.,0.));
#5424=DIRECTION('',(0.,-1.,1.17357439125447E-15));
#5425=DIRECTION('',(1.,0.,0.));
#5426=DIRECTION('',(1.,0.,0.));
#5427=DIRECTION('',(1.,0.,0.));
#5428=DIRECTION('',(1.,0.,0.));
#5429=DIRECTION('',(1.,0.,0.));
#5430=DIRECTION('',(1.,0.,0.));
#5431=DIRECTION('',(1.,0.,0.));
#5432=DIRECTION('center_axis',(0.,-1.17357439125447E-15,-1.));
#5433=DIRECTION('ref_axis',(-1.,0.,0.));
#5434=DIRECTION('',(0.,1.,-1.17357439125447E-15));
#5435=DIRECTION('',(1.,0.,0.));
#5436=DIRECTION('center_axis',(0.,-1.,1.17357439125447E-15));
#5437=DIRECTION('ref_axis',(0.,-1.17357439125447E-15,-1.));
#5438=DIRECTION('',(0.,-1.17357439125447E-15,-1.));
#5439=DIRECTION('center_axis',(1.,0.,0.));
#5440=DIRECTION('ref_axis',(0.,1.,0.));
#5441=DIRECTION('center_axis',(1.,0.,0.));
#5442=DIRECTION('ref_axis',(0.,1.,0.));
#5443=DIRECTION('',(1.1872089790081E-15,-0.340892797662458,-0.940102175564902));
#5444=DIRECTION('',(-1.38777878078146E-15,-1.,1.17357439125447E-15));
#5445=DIRECTION('',(-2.14684281775709E-15,-0.359401529578063,0.933183015563908));
#5446=DIRECTION('',(-1.38777878078146E-15,-1.,1.17357439125447E-15));
#5447=DIRECTION('',(2.1601438489806E-15,0.378780316579376,-0.925486613502339));
#5448=DIRECTION('',(1.38777878078146E-15,1.,-1.17357439125447E-15));
#5449=DIRECTION('',(-1.15114662754739E-15,0.358509679875594,0.93352600897645));
#5450=DIRECTION('',(-1.38777878078146E-15,-1.,1.17357439125447E-15));
#5451=DIRECTION('',(-2.14200779498771E-15,-0.352638588395353,0.935759598387606));
#5452=DIRECTION('',(1.38777878078146E-15,1.,-1.17357439125447E-15));
#5453=DIRECTION('',(1.16732638216845E-15,-0.350645931262614,-0.936508105084507));
#5454=DIRECTION('center_axis',(0.,-0.940102175564902,0.340892797662458));
#5455=DIRECTION('ref_axis',(0.,-0.340892797662458,-0.940102175564902));
#5456=DIRECTION('',(0.,-0.340892797662458,-0.940102175564902));
#5457=DIRECTION('',(1.,0.,0.));
#5458=DIRECTION('',(1.,0.,0.));
#5459=DIRECTION('center_axis',(0.,1.17357439125447E-15,1.));
#5460=DIRECTION('ref_axis',(1.,0.,0.));
#5461=DIRECTION('',(0.,-1.,1.17357439125447E-15));
#5462=DIRECTION('',(1.,0.,0.));
#5463=DIRECTION('center_axis',(0.,0.933183015563908,0.359401529578063));
#5464=DIRECTION('ref_axis',(0.,-0.359401529578063,0.933183015563908));
#5465=DIRECTION('',(0.,-0.359401529578063,0.933183015563908));
#5466=DIRECTION('',(1.,0.,0.));
#5467=DIRECTION('center_axis',(0.,1.17357439125447E-15,1.));
#5468=DIRECTION('ref_axis',(1.,0.,0.));
#5469=DIRECTION('',(0.,-1.,1.17357439125447E-15));
#5470=DIRECTION('',(1.,0.,0.));
#5471=DIRECTION('center_axis',(0.,-0.925486613502339,-0.378780316579376));
#5472=DIRECTION('ref_axis',(0.,0.378780316579376,-0.925486613502339));
#5473=DIRECTION('',(0.,0.378780316579376,-0.925486613502339));
#5474=DIRECTION('',(1.,0.,0.));
#5475=DIRECTION('center_axis',(0.,-1.17357439125447E-15,-1.));
#5476=DIRECTION('ref_axis',(-1.,0.,0.));
#5477=DIRECTION('',(0.,1.,-1.17357439125447E-15));
#5478=DIRECTION('',(1.,0.,0.));
#5479=DIRECTION('center_axis',(0.,0.93352600897645,-0.358509679875594));
#5480=DIRECTION('ref_axis',(0.,0.358509679875594,0.93352600897645));
#5481=DIRECTION('',(0.,0.358509679875594,0.93352600897645));
#5482=DIRECTION('',(1.,0.,0.));
#5483=DIRECTION('center_axis',(0.,1.17357439125447E-15,1.));
#5484=DIRECTION('ref_axis',(1.,0.,0.));
#5485=DIRECTION('',(0.,-1.,1.17357439125447E-15));
#5486=DIRECTION('',(1.,0.,0.));
#5487=DIRECTION('',(1.,0.,0.));
#5488=DIRECTION('',(1.,0.,0.));
#5489=DIRECTION('center_axis',(0.,0.935759598387606,0.352638588395353));
#5490=DIRECTION('ref_axis',(0.,-0.352638588395353,0.935759598387606));
#5491=DIRECTION('',(0.,-0.352638588395353,0.935759598387606));
#5492=DIRECTION('',(1.,0.,0.));
#5493=DIRECTION('center_axis',(0.,-1.17357439125447E-15,-1.));
#5494=DIRECTION('ref_axis',(-1.,0.,0.));
#5495=DIRECTION('',(0.,1.,-1.17357439125447E-15));
#5496=DIRECTION('',(1.,0.,0.));
#5497=DIRECTION('center_axis',(0.,-0.936508105084507,0.350645931262614));
#5498=DIRECTION('ref_axis',(0.,-0.350645931262614,-0.936508105084507));
#5499=DIRECTION('',(0.,-0.350645931262614,-0.936508105084507));
#5500=DIRECTION('center_axis',(1.,0.,0.));
#5501=DIRECTION('ref_axis',(0.,1.,0.));
#5502=DIRECTION('center_axis',(1.,0.,0.));
#5503=DIRECTION('ref_axis',(0.,1.,0.));
#5504=DIRECTION('',(-1.38777878078146E-15,-1.,1.17357439125447E-15));
#5505=DIRECTION('',(1.76607693640068E-15,-1.17357439125447E-15,-1.));
#5506=DIRECTION('',(-1.61367365686423E-15,-0.990830145593242,0.135113369374298));
#5507=DIRECTION('',(-1.76607693640068E-15,1.17357439125447E-15,1.));
#5508=DIRECTION('center_axis',(0.,1.17357439125447E-15,1.));
#5509=DIRECTION('ref_axis',(1.,0.,0.));
#5510=DIRECTION('',(0.,-1.,1.17357439125447E-15));
#5511=DIRECTION('',(1.,0.,0.));
#5512=DIRECTION('',(1.,0.,0.));
#5513=DIRECTION('',(1.,0.,0.));
#5514=DIRECTION('',(1.,0.,0.));
#5515=DIRECTION('center_axis',(0.,-1.,1.17357439125447E-15));
#5516=DIRECTION('ref_axis',(0.,-1.17357439125447E-15,-1.));
#5517=DIRECTION('',(0.,-1.17357439125447E-15,-1.));
#5518=DIRECTION('',(1.,0.,0.));
#5519=DIRECTION('',(1.,0.,0.));
#5520=DIRECTION('',(1.,0.,0.));
#5521=DIRECTION('',(1.,0.,0.));
#5522=DIRECTION('',(1.,0.,0.));
#5523=DIRECTION('',(1.,0.,0.));
#5524=DIRECTION('',(1.,0.,0.));
#5525=DIRECTION('',(1.,0.,0.));
#5526=DIRECTION('center_axis',(0.,0.135113369374298,0.990830145593242));
#5527=DIRECTION('ref_axis',(1.,0.,0.));
#5528=DIRECTION('',(0.,-0.990830145593242,0.135113369374298));
#5529=DIRECTION('',(1.,0.,0.));
#5530=DIRECTION('',(1.,0.,0.));
#5531=DIRECTION('',(1.,0.,0.));
#5532=DIRECTION('',(1.,0.,0.));
#5533=DIRECTION('',(1.,0.,0.));
#5534=DIRECTION('',(1.,0.,0.));
#5535=DIRECTION('',(1.,0.,0.));
#5536=DIRECTION('',(1.,0.,0.));
#5537=DIRECTION('',(1.,0.,0.));
#5538=DIRECTION('',(1.,0.,0.));
#5539=DIRECTION('',(1.,0.,0.));
#5540=DIRECTION('',(1.,0.,0.));
#5541=DIRECTION('',(1.,0.,0.));
#5542=DIRECTION('',(1.,0.,0.));
#5543=DIRECTION('',(1.,0.,0.));
#5544=DIRECTION('',(1.,0.,0.));
#5545=DIRECTION('',(1.,0.,0.));
#5546=DIRECTION('',(1.,0.,0.));
#5547=DIRECTION('',(1.,0.,0.));
#5548=DIRECTION('',(1.,0.,0.));
#5549=DIRECTION('',(1.,0.,0.));
#5550=DIRECTION('',(1.,0.,0.));
#5551=DIRECTION('',(1.,0.,0.));
#5552=DIRECTION('',(1.,0.,0.));
#5553=DIRECTION('',(1.,0.,0.));
#5554=DIRECTION('center_axis',(0.,1.,-1.17357439125447E-15));
#5555=DIRECTION('ref_axis',(0.,1.17357439125447E-15,1.));
#5556=DIRECTION('',(0.,1.17357439125447E-15,1.));
#5557=DIRECTION('center_axis',(1.,0.,0.));
#5558=DIRECTION('ref_axis',(0.,1.,0.));
#5559=DIRECTION('center_axis',(1.,0.,0.));
#5560=DIRECTION('ref_axis',(0.,1.,0.));
#5561=DIRECTION('',(1.,0.,0.));
#5562=DIRECTION('',(1.,0.,0.));
#5563=DIRECTION('',(1.,0.,0.));
#5564=DIRECTION('',(1.,0.,0.));
#5565=DIRECTION('',(1.,0.,0.));
#5566=DIRECTION('',(1.,0.,0.));
#5567=DIRECTION('',(1.,0.,0.));
#5568=DIRECTION('',(1.,0.,0.));
#5569=DIRECTION('',(1.,0.,0.));
#5570=DIRECTION('',(1.,0.,0.));
#5571=DIRECTION('',(1.,0.,0.));
#5572=DIRECTION('',(1.,0.,0.));
#5573=DIRECTION('',(1.,0.,0.));
#5574=DIRECTION('',(1.,0.,0.));
#5575=DIRECTION('',(1.,0.,0.));
#5576=DIRECTION('',(1.,0.,0.));
#5577=DIRECTION('',(1.,0.,0.));
#5578=DIRECTION('center_axis',(1.,0.,0.));
#5579=DIRECTION('ref_axis',(0.,1.,0.));
#5580=DIRECTION('center_axis',(1.,0.,0.));
#5581=DIRECTION('ref_axis',(0.,1.,0.));
#5582=DIRECTION('',(1.76607693640068E-15,-1.17357439125447E-15,-1.));
#5583=DIRECTION('',(-1.76607693640068E-15,1.17357439125447E-15,1.));
#5584=DIRECTION('',(-1.38777878078146E-15,-1.,1.17357439125447E-15));
#5585=DIRECTION('',(1.76607693640068E-15,-1.17357439125447E-15,-1.));
#5586=DIRECTION('',(1.76607693640068E-15,-1.17357439125447E-15,-1.));
#5587=DIRECTION('',(1.38777878078146E-15,1.,-1.17357439125447E-15));
#5588=DIRECTION('',(-1.76607693640068E-15,1.17357439125447E-15,1.));
#5589=DIRECTION('',(-1.38777878078146E-15,-1.,1.17357439125447E-15));
#5590=DIRECTION('center_axis',(0.,-1.,1.17357439125447E-15));
#5591=DIRECTION('ref_axis',(0.,-1.17357439125447E-15,-1.));
#5592=DIRECTION('',(0.,-1.17357439125447E-15,-1.));
#5593=DIRECTION('',(1.,0.,0.));
#5594=DIRECTION('',(1.,0.,0.));
#5595=DIRECTION('',(1.,0.,0.));
#5596=DIRECTION('',(1.,0.,0.));
#5597=DIRECTION('',(1.,0.,0.));
#5598=DIRECTION('',(1.,0.,0.));
#5599=DIRECTION('',(1.,0.,0.));
#5600=DIRECTION('center_axis',(0.,1.,-1.17357439125447E-15));
#5601=DIRECTION('ref_axis',(0.,1.17357439125447E-15,1.));
#5602=DIRECTION('',(0.,1.17357439125447E-15,1.));
#5603=DIRECTION('',(1.,0.,0.));
#5604=DIRECTION('center_axis',(0.,1.17357439125447E-15,1.));
#5605=DIRECTION('ref_axis',(1.,0.,0.));
#5606=DIRECTION('',(0.,-1.,1.17357439125447E-15));
#5607=DIRECTION('',(1.,0.,0.));
#5608=DIRECTION('center_axis',(0.,-1.,1.17357439125447E-15));
#5609=DIRECTION('ref_axis',(0.,-1.17357439125447E-15,-1.));
#5610=DIRECTION('',(0.,-1.17357439125447E-15,-1.));
#5611=DIRECTION('',(1.,0.,0.));
#5612=DIRECTION('',(1.,0.,0.));
#5613=DIRECTION('',(1.,0.,0.));
#5614=DIRECTION('',(1.,0.,0.));
#5615=DIRECTION('',(1.,0.,0.));
#5616=DIRECTION('',(1.,0.,0.));
#5617=DIRECTION('center_axis',(0.,-1.,1.17357439125447E-15));
#5618=DIRECTION('ref_axis',(0.,-1.17357439125447E-15,-1.));
#5619=DIRECTION('',(0.,-1.17357439125447E-15,-1.));
#5620=DIRECTION('',(1.,0.,0.));
#5621=DIRECTION('center_axis',(0.,-1.17357439125447E-15,-1.));
#5622=DIRECTION('ref_axis',(-1.,0.,0.));
#5623=DIRECTION('',(0.,1.,-1.17357439125447E-15));
#5624=DIRECTION('',(1.,0.,0.));
#5625=DIRECTION('center_axis',(0.,1.,-1.17357439125447E-15));
#5626=DIRECTION('ref_axis',(0.,1.17357439125447E-15,1.));
#5627=DIRECTION('',(0.,1.17357439125447E-15,1.));
#5628=DIRECTION('',(1.,0.,0.));
#5629=DIRECTION('center_axis',(0.,1.17357439125447E-15,1.));
#5630=DIRECTION('ref_axis',(1.,0.,0.));
#5631=DIRECTION('',(0.,-1.,1.17357439125447E-15));
#5632=DIRECTION('center_axis',(-1.,-1.38161087508908E-15,4.99600361081322E-16));
#5633=DIRECTION('ref_axis',(-4.99600361081324E-16,1.17357439222554E-15,
-1.));
#5634=DIRECTION('',(1.38161087508908E-15,-1.,-1.17190208154878E-15));
#5635=DIRECTION('',(-4.99600361081322E-16,4.09348947589318E-32,-1.));
#5636=DIRECTION('center_axis',(1.,1.38161087508908E-15,-4.99600361081322E-16));
#5637=DIRECTION('ref_axis',(4.99600361081324E-16,-1.17357439222554E-15,
1.));
#5638=DIRECTION('',(1.76607693640069E-15,-1.44704005760259E-31,1.));
#5639=DIRECTION('',(1.38161087508908E-15,-1.,-1.17190208154878E-15));
#5640=DIRECTION('center_axis',(0.,0.,1.));
#5641=DIRECTION('ref_axis',(1.,0.,0.));
#5642=DIRECTION('',(0.,-1.,0.));
#5643=DIRECTION('',(1.,0.,0.));
#5644=DIRECTION('',(0.,1.,0.));
#5645=DIRECTION('',(1.,-8.19352785701222E-17,-4.99600361081324E-16));
#5646=DIRECTION('center_axis',(-1.,0.,0.));
#5647=DIRECTION('ref_axis',(0.,-1.,0.));
#5648=DIRECTION('',(0.,0.,1.));
#5649=DIRECTION('center_axis',(1.,0.,0.));
#5650=DIRECTION('ref_axis',(0.,1.,0.));
#5651=DIRECTION('',(0.,0.,1.));
#5652=DIRECTION('center_axis',(0.,1.,0.));
#5653=DIRECTION('ref_axis',(-1.,0.,0.));
#5654=DIRECTION('center_axis',(0.,0.,1.));
#5655=DIRECTION('ref_axis',(1.,0.,0.));
#5656=DIRECTION('',(0.,0.,-1.));
#5657=DIRECTION('center_axis',(0.,0.,-1.));
#5658=DIRECTION('ref_axis',(1.,0.,0.));
#5659=DIRECTION('center_axis',(0.,0.,1.));
#5660=DIRECTION('ref_axis',(1.,0.,0.));
#5661=DIRECTION('',(0.,0.,-1.));
#5662=DIRECTION('center_axis',(0.,0.,-1.));
#5663=DIRECTION('ref_axis',(1.,0.,0.));
#5664=DIRECTION('center_axis',(0.,0.,1.));
#5665=DIRECTION('ref_axis',(1.,0.,0.));
#5666=DIRECTION('',(0.,0.,-1.));
#5667=DIRECTION('center_axis',(0.,0.,-1.));
#5668=DIRECTION('ref_axis',(1.,0.,0.));
#5669=DIRECTION('center_axis',(0.,0.,1.));
#5670=DIRECTION('ref_axis',(1.,0.,0.));
#5671=DIRECTION('',(0.,0.,-1.));
#5672=DIRECTION('center_axis',(0.,0.,-1.));
#5673=DIRECTION('ref_axis',(1.,0.,0.));
#5674=DIRECTION('center_axis',(1.,0.,0.));
#5675=DIRECTION('ref_axis',(0.,1.,0.));
#5676=DIRECTION('',(0.,-1.,0.));
#5677=DIRECTION('',(0.,0.,1.));
#5678=DIRECTION('',(0.,0.,1.));
#5679=DIRECTION('center_axis',(0.,-1.,0.));
#5680=DIRECTION('ref_axis',(1.,0.,0.));
#5681=DIRECTION('',(-1.,0.,0.));
#5682=DIRECTION('',(0.,0.,1.));
#5683=DIRECTION('center_axis',(-1.,0.,0.));
#5684=DIRECTION('ref_axis',(0.,-1.,0.));
#5685=DIRECTION('',(0.,1.,0.));
#5686=DIRECTION('',(0.,0.,1.));
#5687=DIRECTION('center_axis',(8.19352785701222E-17,1.,0.));
#5688=DIRECTION('ref_axis',(-1.,8.19352785701222E-17,0.));
#5689=DIRECTION('',(1.,-8.19352785701222E-17,0.));
#5690=DIRECTION('center_axis',(0.,0.,1.));
#5691=DIRECTION('ref_axis',(1.,0.,0.));
#5692=DIRECTION('',(0.,0.,1.));
#5693=DIRECTION('',(1.,0.,0.));
#5694=DIRECTION('',(0.,0.,1.));
#5695=DIRECTION('',(1.,0.,0.));
#5696=DIRECTION('',(1.26647657531937E-15,1.18862517860563E-16,0.999999999999995));
#5697=DIRECTION('',(1.,-2.77555756156289E-15,4.99600361081312E-16));
#5698=CARTESIAN_POINT('',(0.,0.,0.));
#5699=CARTESIAN_POINT('',(0.,0.,0.));
#5700=CARTESIAN_POINT('',(0.,0.,0.));
#5701=CARTESIAN_POINT('Origin',(-5.42627380165888,-58.5144718355632,3.));
#5702=CARTESIAN_POINT('',(-5.42627380165888,-13.5510910389447,0.));
#5703=CARTESIAN_POINT('',(-5.42627380165888,-58.5144718355632,0.));
#5704=CARTESIAN_POINT('',(-5.42627380165888,-31.1990690135515,0.));
#5705=CARTESIAN_POINT('',(-5.42627380165888,-13.5510910389447,3.));
#5706=CARTESIAN_POINT('',(-5.42627380165888,-13.5510910389447,3.));
#5707=CARTESIAN_POINT('',(-5.42627380165888,-58.5144718355632,3.));
#5708=CARTESIAN_POINT('',(-5.42627380165888,-42.6072358432758,3.));
#5709=CARTESIAN_POINT('',(-5.42627380165888,-58.5144718355632,3.));
#5710=CARTESIAN_POINT('Origin',(15.0552662053417,-58.5144718355632,3.));
#5711=CARTESIAN_POINT('',(15.0552662053417,-58.5144718355632,0.));
#5712=CARTESIAN_POINT('',(25.1163152968309,-58.5144718355632,0.));
#5713=CARTESIAN_POINT('',(15.0552662053417,-58.5144718355632,3.));
#5714=CARTESIAN_POINT('',(24.627633028165,-58.5144718355632,3.));
#5715=CARTESIAN_POINT('',(15.0552662053417,-58.5144718355632,3.));
#5716=CARTESIAN_POINT('Origin',(15.0552662053417,-13.5510910389447,3.));
#5717=CARTESIAN_POINT('',(15.0552662053417,-13.5510910389447,0.));
#5718=CARTESIAN_POINT('',(15.0552662053417,-8.71737861524232,0.));
#5719=CARTESIAN_POINT('',(15.0552662053417,-13.5510910389447,3.));
#5720=CARTESIAN_POINT('',(15.0552662053417,-20.1255454449666,3.));
#5721=CARTESIAN_POINT('',(15.0552662053417,-13.5510910389447,3.));
#5722=CARTESIAN_POINT('Origin',(-5.42627380165888,-13.5510910389447,3.));
#5723=CARTESIAN_POINT('',(14.8755452933306,-13.5510910389447,0.));
#5724=CARTESIAN_POINT('',(14.3868630246648,-13.5510910389447,3.));
#5725=CARTESIAN_POINT('Origin',(71.2196809138646,-36.7400668541129,80.));
#5726=CARTESIAN_POINT('',(71.2196809138646,-49.7400668541129,3.));
#5727=CARTESIAN_POINT('',(71.2196809138646,-36.7400668541129,3.));
#5728=CARTESIAN_POINT('',(71.2196809138646,-38.2200333525506,3.));
#5729=CARTESIAN_POINT('',(71.2196809138646,-36.7400668541129,0.));
#5730=CARTESIAN_POINT('',(71.2196809138646,-36.7400668541129,80.));
#5731=CARTESIAN_POINT('',(71.2196809138646,-49.7400668541129,0.));
#5732=CARTESIAN_POINT('',(71.2196809138646,-20.3118665228264,0.));
#5733=CARTESIAN_POINT('',(71.2196809138646,-49.7400668541129,80.));
#5734=CARTESIAN_POINT('Origin',(70.7196809138646,-49.7400668541129,80.));
#5735=CARTESIAN_POINT('',(70.7196809138646,-50.2400668541129,3.));
#5736=CARTESIAN_POINT('Origin',(70.7196809138646,-49.7400668541129,3.));
#5737=CARTESIAN_POINT('',(70.7196809138646,-50.2400668541129,0.));
#5738=CARTESIAN_POINT('Origin',(70.7196809138646,-49.7400668541129,0.));
#5739=CARTESIAN_POINT('',(70.7196809138646,-50.2400668541129,80.));
#5740=CARTESIAN_POINT('Origin',(70.7196809138646,-50.2400668541129,80.));
#5741=CARTESIAN_POINT('',(57.7196809138646,-50.2400668541129,3.));
#5742=CARTESIAN_POINT('',(45.9598403824265,-50.2400668541129,3.));
#5743=CARTESIAN_POINT('',(57.7196809138646,-50.2400668541129,0.));
#5744=CARTESIAN_POINT('',(52.9485226510924,-50.2400668541129,0.));
#5745=CARTESIAN_POINT('',(57.7196809138646,-50.2400668541129,80.));
#5746=CARTESIAN_POINT('Origin',(57.7196809138646,-49.7400668541129,80.));
#5747=CARTESIAN_POINT('',(57.2196809138646,-49.7400668541129,3.));
#5748=CARTESIAN_POINT('Origin',(57.7196809138646,-49.7400668541129,3.));
#5749=CARTESIAN_POINT('',(57.2196809138646,-49.7400668541129,0.));
#5750=CARTESIAN_POINT('Origin',(57.7196809138646,-49.7400668541129,0.));
#5751=CARTESIAN_POINT('',(57.2196809138646,-49.7400668541129,80.));
#5752=CARTESIAN_POINT('Origin',(57.2196809138646,-49.7400668541129,80.));
#5753=CARTESIAN_POINT('',(57.2196809138646,-36.7400668541129,3.));
#5754=CARTESIAN_POINT('',(57.2196809138646,-31.7200333525506,3.));
#5755=CARTESIAN_POINT('',(57.2196809138646,-36.7400668541129,0.));
#5756=CARTESIAN_POINT('',(57.2196809138646,-26.8118665228264,0.));
#5757=CARTESIAN_POINT('',(57.2196809138646,-36.7400668541129,80.));
#5758=CARTESIAN_POINT('Origin',(70.7196809138646,-36.7400668541129,80.));
#5759=CARTESIAN_POINT('',(70.7196809138646,-36.2400668541129,3.));
#5760=CARTESIAN_POINT('Origin',(70.7196809138646,-36.7400668541129,3.));
#5761=CARTESIAN_POINT('',(70.7196809138646,-36.2400668541129,0.));
#5762=CARTESIAN_POINT('',(70.7196809138646,-36.2400668541129,80.));
#5763=CARTESIAN_POINT('Origin',(70.7196809138646,-36.7400668541129,0.));
#5764=CARTESIAN_POINT('Origin',(57.7196809138646,-36.2400668541129,80.));
#5765=CARTESIAN_POINT('',(57.7196809138646,-36.2400668541129,3.));
#5766=CARTESIAN_POINT('',(52.4598403824265,-36.2400668541129,3.));
#5767=CARTESIAN_POINT('',(57.7196809138646,-36.2400668541129,0.));
#5768=CARTESIAN_POINT('',(57.7196809138646,-36.2400668541129,80.));
#5769=CARTESIAN_POINT('',(46.4485226510924,-36.2400668541129,0.));
#5770=CARTESIAN_POINT('Origin',(57.7196809138646,-36.7400668541129,80.));
#5771=CARTESIAN_POINT('Origin',(57.7196809138646,-36.7400668541129,3.));
#5772=CARTESIAN_POINT('Origin',(57.7196809138646,-36.7400668541129,0.));
#5773=CARTESIAN_POINT('Origin',(33.1196809138646,-17.6900668541129,80.));
#5774=CARTESIAN_POINT('',(33.1196809138646,-30.6900668541129,3.));
#5775=CARTESIAN_POINT('',(33.1196809138646,-17.6900668541129,3.));
#5776=CARTESIAN_POINT('',(33.1196809138646,-28.6950333525506,3.));
#5777=CARTESIAN_POINT('',(33.1196809138646,-17.6900668541129,0.));
#5778=CARTESIAN_POINT('',(33.1196809138646,-17.6900668541129,80.));
#5779=CARTESIAN_POINT('',(33.1196809138646,-30.6900668541129,0.));
#5780=CARTESIAN_POINT('',(33.1196809138646,-10.7868665228264,0.));
#5781=CARTESIAN_POINT('',(33.1196809138646,-30.6900668541129,80.));
#5782=CARTESIAN_POINT('Origin',(32.6196809138646,-30.6900668541129,80.));
#5783=CARTESIAN_POINT('',(32.6196809138646,-31.1900668541129,3.));
#5784=CARTESIAN_POINT('Origin',(32.6196809138646,-30.6900668541129,3.));
#5785=CARTESIAN_POINT('',(32.6196809138646,-31.1900668541129,0.));
#5786=CARTESIAN_POINT('Origin',(32.6196809138646,-30.6900668541129,0.));
#5787=CARTESIAN_POINT('',(32.6196809138646,-31.1900668541129,80.));
#5788=CARTESIAN_POINT('Origin',(32.6196809138646,-31.1900668541129,80.));
#5789=CARTESIAN_POINT('',(19.6196809138646,-31.1900668541129,3.));
#5790=CARTESIAN_POINT('',(26.9098403824265,-31.1900668541129,3.));
#5791=CARTESIAN_POINT('',(19.6196809138646,-31.1900668541129,0.));
#5792=CARTESIAN_POINT('',(33.8985226510924,-31.1900668541129,0.));
#5793=CARTESIAN_POINT('',(19.6196809138646,-31.1900668541129,80.));
#5794=CARTESIAN_POINT('Origin',(19.6196809138646,-30.6900668541129,80.));
#5795=CARTESIAN_POINT('',(19.1196809138646,-30.6900668541129,3.));
#5796=CARTESIAN_POINT('Origin',(19.6196809138646,-30.6900668541129,3.));
#5797=CARTESIAN_POINT('',(19.1196809138646,-30.6900668541129,0.));
#5798=CARTESIAN_POINT('Origin',(19.6196809138646,-30.6900668541129,0.));
#5799=CARTESIAN_POINT('',(19.1196809138646,-30.6900668541129,80.));
#5800=CARTESIAN_POINT('Origin',(19.1196809138646,-30.6900668541129,80.));
#5801=CARTESIAN_POINT('',(19.1196809138646,-17.6900668541129,3.));
#5802=CARTESIAN_POINT('',(19.1196809138646,-22.1950333525506,3.));
#5803=CARTESIAN_POINT('',(19.1196809138646,-17.6900668541129,0.));
#5804=CARTESIAN_POINT('',(19.1196809138646,-17.2868665228264,0.));
#5805=CARTESIAN_POINT('',(19.1196809138646,-17.6900668541129,80.));
#5806=CARTESIAN_POINT('Origin',(32.6196809138646,-17.6900668541129,80.));
#5807=CARTESIAN_POINT('',(32.6196809138646,-17.1900668541129,3.));
#5808=CARTESIAN_POINT('Origin',(32.6196809138646,-17.6900668541129,3.));
#5809=CARTESIAN_POINT('',(32.6196809138646,-17.1900668541129,0.));
#5810=CARTESIAN_POINT('',(32.6196809138646,-17.1900668541129,80.));
#5811=CARTESIAN_POINT('Origin',(32.6196809138646,-17.6900668541129,0.));
#5812=CARTESIAN_POINT('Origin',(19.6196809138646,-17.1900668541129,80.));
#5813=CARTESIAN_POINT('',(19.6196809138646,-17.1900668541129,3.));
#5814=CARTESIAN_POINT('',(33.4098403824265,-17.1900668541129,3.));
#5815=CARTESIAN_POINT('',(19.6196809138646,-17.1900668541129,0.));
#5816=CARTESIAN_POINT('',(19.6196809138646,-17.1900668541129,80.));
#5817=CARTESIAN_POINT('',(27.3985226510924,-17.1900668541129,0.));
#5818=CARTESIAN_POINT('Origin',(19.6196809138646,-17.6900668541129,80.));
#5819=CARTESIAN_POINT('Origin',(19.6196809138646,-17.6900668541129,3.));
#5820=CARTESIAN_POINT('Origin',(19.6196809138646,-17.6900668541129,0.));
#5821=CARTESIAN_POINT('Origin',(71.2196809138646,-17.6900668541129,80.));
#5822=CARTESIAN_POINT('',(71.2196809138646,-30.6900668541129,3.));
#5823=CARTESIAN_POINT('',(71.2196809138646,-17.6900668541129,3.));
#5824=CARTESIAN_POINT('',(71.2196809138646,-28.6950333525506,3.));
#5825=CARTESIAN_POINT('',(71.2196809138646,-17.6900668541129,0.));
#5826=CARTESIAN_POINT('',(71.2196809138646,-17.6900668541129,80.));
#5827=CARTESIAN_POINT('',(71.2196809138646,-30.6900668541129,0.));
#5828=CARTESIAN_POINT('',(71.2196809138646,-10.7868665228264,0.));
#5829=CARTESIAN_POINT('',(71.2196809138646,-30.6900668541129,80.));
#5830=CARTESIAN_POINT('Origin',(70.7196809138646,-30.6900668541129,80.));
#5831=CARTESIAN_POINT('',(70.7196809138646,-31.1900668541129,3.));
#5832=CARTESIAN_POINT('Origin',(70.7196809138646,-30.6900668541129,3.));
#5833=CARTESIAN_POINT('',(70.7196809138646,-31.1900668541129,0.));
#5834=CARTESIAN_POINT('Origin',(70.7196809138646,-30.6900668541129,0.));
#5835=CARTESIAN_POINT('',(70.7196809138646,-31.1900668541129,80.));
#5836=CARTESIAN_POINT('Origin',(70.7196809138646,-31.1900668541129,80.));
#5837=CARTESIAN_POINT('',(57.7196809138646,-31.1900668541129,3.));
#5838=CARTESIAN_POINT('',(45.9598403824265,-31.1900668541129,3.));
#5839=CARTESIAN_POINT('',(57.7196809138646,-31.1900668541129,0.));
#5840=CARTESIAN_POINT('',(52.9485226510924,-31.1900668541129,0.));
#5841=CARTESIAN_POINT('',(57.7196809138646,-31.1900668541129,80.));
#5842=CARTESIAN_POINT('Origin',(57.7196809138646,-30.6900668541129,80.));
#5843=CARTESIAN_POINT('',(57.2196809138646,-30.6900668541129,3.));
#5844=CARTESIAN_POINT('Origin',(57.7196809138646,-30.6900668541129,3.));
#5845=CARTESIAN_POINT('',(57.2196809138646,-30.6900668541129,0.));
#5846=CARTESIAN_POINT('Origin',(57.7196809138646,-30.6900668541129,0.));
#5847=CARTESIAN_POINT('',(57.2196809138646,-30.6900668541129,80.));
#5848=CARTESIAN_POINT('Origin',(57.2196809138646,-30.6900668541129,80.));
#5849=CARTESIAN_POINT('',(57.2196809138646,-17.6900668541129,3.));
#5850=CARTESIAN_POINT('',(57.2196809138646,-22.1950333525506,3.));
#5851=CARTESIAN_POINT('',(57.2196809138646,-17.6900668541129,0.));
#5852=CARTESIAN_POINT('',(57.2196809138646,-17.2868665228264,0.));
#5853=CARTESIAN_POINT('',(57.2196809138646,-17.6900668541129,80.));
#5854=CARTESIAN_POINT('Origin',(70.7196809138646,-17.6900668541129,80.));
#5855=CARTESIAN_POINT('',(70.7196809138646,-17.1900668541129,3.));
#5856=CARTESIAN_POINT('Origin',(70.7196809138646,-17.6900668541129,3.));
#5857=CARTESIAN_POINT('',(70.7196809138646,-17.1900668541129,0.));
#5858=CARTESIAN_POINT('',(70.7196809138646,-17.1900668541129,80.));
#5859=CARTESIAN_POINT('Origin',(70.7196809138646,-17.6900668541129,0.));
#5860=CARTESIAN_POINT('Origin',(57.7196809138646,-17.1900668541129,80.));
#5861=CARTESIAN_POINT('',(57.7196809138646,-17.1900668541129,3.));
#5862=CARTESIAN_POINT('',(52.4598403824265,-17.1900668541129,3.));
#5863=CARTESIAN_POINT('',(57.7196809138646,-17.1900668541129,0.));
#5864=CARTESIAN_POINT('',(57.7196809138646,-17.1900668541129,80.));
#5865=CARTESIAN_POINT('',(46.4485226510924,-17.1900668541129,0.));
#5866=CARTESIAN_POINT('Origin',(57.7196809138646,-17.6900668541129,80.));
#5867=CARTESIAN_POINT('Origin',(57.7196809138646,-17.6900668541129,3.));
#5868=CARTESIAN_POINT('Origin',(57.7196809138646,-17.6900668541129,0.));
#5869=CARTESIAN_POINT('Origin',(16.2860011168089,-10.1084095598183,80.));
#5870=CARTESIAN_POINT('',(16.2860011168089,2.34107717673846,3.));
#5871=CARTESIAN_POINT('',(16.2860011168089,-10.1084095598183,3.));
#5872=CARTESIAN_POINT('',(16.2860011168089,-12.179461337125,3.));
#5873=CARTESIAN_POINT('',(16.2860011168089,-10.1084095598183,0.));
#5874=CARTESIAN_POINT('',(16.2860011168089,-10.1084095598183,80.));
#5875=CARTESIAN_POINT('',(16.2860011168089,2.34107717673846,0.));
#5876=CARTESIAN_POINT('',(16.2860011168089,-6.9960378756791,0.));
#5877=CARTESIAN_POINT('',(16.2860011168089,2.34107717673846,80.));
#5878=CARTESIAN_POINT('Origin',(16.2860011168089,2.34107717673846,80.));
#5879=CARTESIAN_POINT('',(54.0687276598314,2.34107717673846,3.));
#5880=CARTESIAN_POINT('',(44.1343637554099,2.34107717673846,3.));
#5881=CARTESIAN_POINT('',(54.0687276598314,2.34107717673846,0.));
#5882=CARTESIAN_POINT('',(25.7316827525645,2.34107717673846,0.));
#5883=CARTESIAN_POINT('',(54.0687276598314,2.34107717673846,80.));
#5884=CARTESIAN_POINT('Origin',(54.0687276598314,2.34107717673846,80.));
#5885=CARTESIAN_POINT('',(54.0687276598314,-10.1084095598183,3.));
#5886=CARTESIAN_POINT('',(54.0687276598314,-18.4042047054033,3.));
#5887=CARTESIAN_POINT('',(54.0687276598314,-10.1084095598183,0.));
#5888=CARTESIAN_POINT('',(54.0687276598314,-0.771294507400729,0.));
#5889=CARTESIAN_POINT('',(54.0687276598314,-10.1084095598183,80.));
#5890=CARTESIAN_POINT('Origin',(54.0687276598314,-10.1084095598183,80.));
#5891=CARTESIAN_POINT('',(25.2430004838987,-10.1084095598183,3.));
#5892=CARTESIAN_POINT('',(44.6230460240758,-10.1084095598183,0.));
#5893=CARTESIAN_POINT('Origin',(56.4999987371266,-10.2999997697771,80.));
#5894=CARTESIAN_POINT('',(56.4999987371266,3.79999991506338,3.));
#5895=CARTESIAN_POINT('',(56.4999987371266,-10.2999997697771,3.));
#5896=CARTESIAN_POINT('',(56.4999987371266,-11.4499999679625,3.));
#5897=CARTESIAN_POINT('',(56.4999987371266,-10.2999997697771,0.));
#5898=CARTESIAN_POINT('',(56.4999987371266,-10.2999997697771,80.));
#5899=CARTESIAN_POINT('',(56.4999987371266,3.79999991506338,0.));
#5900=CARTESIAN_POINT('',(56.4999987371266,-7.09183298065849,0.));
#5901=CARTESIAN_POINT('',(56.4999987371266,3.79999991506338,80.));
#5902=CARTESIAN_POINT('Origin',(56.4999987371266,3.79999991506338,80.));
#5903=CARTESIAN_POINT('',(73.8999983482063,3.79999991506338,3.));
#5904=CARTESIAN_POINT('',(54.0499990995973,3.79999991506338,3.));
#5905=CARTESIAN_POINT('',(73.8999983482063,3.79999991506338,0.));
#5906=CARTESIAN_POINT('',(45.8386815627234,3.79999991506338,0.));
#5907=CARTESIAN_POINT('',(73.8999983482063,3.79999991506338,80.));
#5908=CARTESIAN_POINT('Origin',(73.8999983482063,3.79999991506338,80.));
#5909=CARTESIAN_POINT('',(73.8999983482063,-10.2999997697771,3.));
#5910=CARTESIAN_POINT('',(73.8999983482063,-18.4999998103827,3.));
#5911=CARTESIAN_POINT('',(73.8999983482063,-10.2999997697771,0.));
#5912=CARTESIAN_POINT('',(73.8999983482063,-0.041833138238267,0.));
#5913=CARTESIAN_POINT('',(73.8999983482063,-10.2999997697771,80.));
#5914=CARTESIAN_POINT('Origin',(73.8999983482063,-10.2999997697771,80.));
#5915=CARTESIAN_POINT('',(45.3499992940575,-10.2999997697771,3.));
#5916=CARTESIAN_POINT('',(54.5386813682632,-10.2999997697771,0.));
#5917=CARTESIAN_POINT('Origin',(52.1696809138646,-17.6900668541129,80.));
#5918=CARTESIAN_POINT('',(52.1696809138646,-30.6900668541129,3.));
#5919=CARTESIAN_POINT('',(52.1696809138646,-17.6900668541129,3.));
#5920=CARTESIAN_POINT('',(52.1696809138646,-28.6950333525506,3.));
#5921=CARTESIAN_POINT('',(52.1696809138646,-17.6900668541129,0.));
#5922=CARTESIAN_POINT('',(52.1696809138646,-17.6900668541129,80.));
#5923=CARTESIAN_POINT('',(52.1696809138646,-30.6900668541129,0.));
#5924=CARTESIAN_POINT('',(52.1696809138646,-10.7868665228264,0.));
#5925=CARTESIAN_POINT('',(52.1696809138646,-30.6900668541129,80.));
#5926=CARTESIAN_POINT('Origin',(51.6696809138646,-30.6900668541129,80.));
#5927=CARTESIAN_POINT('',(51.6696809138646,-31.1900668541129,3.));
#5928=CARTESIAN_POINT('Origin',(51.6696809138646,-30.6900668541129,3.));
#5929=CARTESIAN_POINT('',(51.6696809138646,-31.1900668541129,0.));
#5930=CARTESIAN_POINT('Origin',(51.6696809138646,-30.6900668541129,0.));
#5931=CARTESIAN_POINT('',(51.6696809138646,-31.1900668541129,80.));
#5932=CARTESIAN_POINT('Origin',(51.6696809138646,-31.1900668541129,80.));
#5933=CARTESIAN_POINT('',(38.6696809138646,-31.1900668541129,3.));
#5934=CARTESIAN_POINT('',(36.4348403824265,-31.1900668541129,3.));
#5935=CARTESIAN_POINT('',(38.6696809138646,-31.1900668541129,0.));
#5936=CARTESIAN_POINT('',(43.4235226510924,-31.1900668541129,0.));
#5937=CARTESIAN_POINT('',(38.6696809138646,-31.1900668541129,80.));
#5938=CARTESIAN_POINT('Origin',(38.6696809138646,-30.6900668541129,80.));
#5939=CARTESIAN_POINT('',(38.1696809138646,-30.6900668541129,3.));
#5940=CARTESIAN_POINT('Origin',(38.6696809138646,-30.6900668541129,3.));
#5941=CARTESIAN_POINT('',(38.1696809138646,-30.6900668541129,0.));
#5942=CARTESIAN_POINT('Origin',(38.6696809138646,-30.6900668541129,0.));
#5943=CARTESIAN_POINT('',(38.1696809138646,-30.6900668541129,80.));
#5944=CARTESIAN_POINT('Origin',(38.1696809138646,-30.6900668541129,80.));
#5945=CARTESIAN_POINT('',(38.1696809138646,-17.6900668541129,3.));
#5946=CARTESIAN_POINT('',(38.1696809138646,-22.1950333525506,3.));
#5947=CARTESIAN_POINT('',(38.1696809138646,-17.6900668541129,0.));
#5948=CARTESIAN_POINT('',(38.1696809138646,-17.2868665228264,0.));
#5949=CARTESIAN_POINT('',(38.1696809138646,-17.6900668541129,80.));
#5950=CARTESIAN_POINT('Origin',(51.6696809138646,-17.6900668541129,80.));
#5951=CARTESIAN_POINT('',(51.6696809138646,-17.1900668541129,3.));
#5952=CARTESIAN_POINT('Origin',(51.6696809138646,-17.6900668541129,3.));
#5953=CARTESIAN_POINT('',(51.6696809138646,-17.1900668541129,0.));
#5954=CARTESIAN_POINT('',(51.6696809138646,-17.1900668541129,80.));
#5955=CARTESIAN_POINT('Origin',(51.6696809138646,-17.6900668541129,0.));
#5956=CARTESIAN_POINT('Origin',(38.6696809138646,-17.1900668541129,80.));
#5957=CARTESIAN_POINT('',(38.6696809138646,-17.1900668541129,3.));
#5958=CARTESIAN_POINT('',(42.9348403824265,-17.1900668541129,3.));
#5959=CARTESIAN_POINT('',(38.6696809138646,-17.1900668541129,0.));
#5960=CARTESIAN_POINT('',(38.6696809138646,-17.1900668541129,80.));
#5961=CARTESIAN_POINT('',(36.9235226510924,-17.1900668541129,0.));
#5962=CARTESIAN_POINT('Origin',(38.6696809138646,-17.6900668541129,80.));
#5963=CARTESIAN_POINT('Origin',(38.6696809138646,-17.6900668541129,3.));
#5964=CARTESIAN_POINT('Origin',(38.6696809138646,-17.6900668541129,0.));
#5965=CARTESIAN_POINT('Origin',(51.6696809138646,-50.2400668541129,80.));
#5966=CARTESIAN_POINT('',(38.6696809138646,-50.2400668541129,3.));
#5967=CARTESIAN_POINT('',(51.6696809138646,-50.2400668541129,3.));
#5968=CARTESIAN_POINT('',(36.4348403824265,-50.2400668541129,3.));
#5969=CARTESIAN_POINT('',(51.6696809138646,-50.2400668541129,0.));
#5970=CARTESIAN_POINT('',(51.6696809138646,-50.2400668541129,80.));
#5971=CARTESIAN_POINT('',(38.6696809138646,-50.2400668541129,0.));
#5972=CARTESIAN_POINT('',(43.4235226510924,-50.2400668541129,0.));
#5973=CARTESIAN_POINT('',(38.6696809138646,-50.2400668541129,80.));
#5974=CARTESIAN_POINT('Origin',(38.6696809138646,-49.7400668541129,80.));
#5975=CARTESIAN_POINT('',(38.1696809138646,-49.7400668541129,3.));
#5976=CARTESIAN_POINT('Origin',(38.6696809138646,-49.7400668541129,3.));
#5977=CARTESIAN_POINT('',(38.1696809138646,-49.7400668541129,0.));
#5978=CARTESIAN_POINT('Origin',(38.6696809138646,-49.7400668541129,0.));
#5979=CARTESIAN_POINT('',(38.1696809138646,-49.7400668541129,80.));
#5980=CARTESIAN_POINT('Origin',(38.1696809138646,-49.7400668541129,80.));
#5981=CARTESIAN_POINT('',(38.1696809138646,-36.7400668541129,3.));
#5982=CARTESIAN_POINT('',(38.1696809138646,-31.7200333525506,3.));
#5983=CARTESIAN_POINT('',(38.1696809138646,-36.7400668541129,0.));
#5984=CARTESIAN_POINT('',(38.1696809138646,-26.8118665228264,0.));
#5985=CARTESIAN_POINT('',(38.1696809138646,-36.7400668541129,80.));
#5986=CARTESIAN_POINT('Origin',(38.6696809138646,-36.7400668541129,80.));
#5987=CARTESIAN_POINT('',(38.6696809138646,-36.2400668541129,3.));
#5988=CARTESIAN_POINT('Origin',(38.6696809138646,-36.7400668541129,3.));
#5989=CARTESIAN_POINT('',(38.6696809138646,-36.2400668541129,0.));
#5990=CARTESIAN_POINT('Origin',(38.6696809138646,-36.7400668541129,0.));
#5991=CARTESIAN_POINT('',(38.6696809138646,-36.2400668541129,80.));
#5992=CARTESIAN_POINT('Origin',(38.6696809138646,-36.2400668541129,80.));
#5993=CARTESIAN_POINT('',(51.6696809138646,-36.2400668541129,3.));
#5994=CARTESIAN_POINT('',(42.9348403824265,-36.2400668541129,3.));
#5995=CARTESIAN_POINT('',(51.6696809138646,-36.2400668541129,0.));
#5996=CARTESIAN_POINT('',(36.9235226510924,-36.2400668541129,0.));
#5997=CARTESIAN_POINT('',(51.6696809138646,-36.2400668541129,80.));
#5998=CARTESIAN_POINT('Origin',(51.6696809138646,-49.7400668541129,80.));
#5999=CARTESIAN_POINT('',(52.1696809138646,-49.7400668541129,3.));
#6000=CARTESIAN_POINT('Origin',(51.6696809138646,-49.7400668541129,3.));
#6001=CARTESIAN_POINT('',(52.1696809138646,-49.7400668541129,0.));
#6002=CARTESIAN_POINT('',(52.1696809138646,-49.7400668541129,80.));
#6003=CARTESIAN_POINT('Origin',(51.6696809138646,-49.7400668541129,0.));
#6004=CARTESIAN_POINT('Origin',(52.1696809138646,-36.7400668541129,80.));
#6005=CARTESIAN_POINT('',(52.1696809138646,-36.7400668541129,3.));
#6006=CARTESIAN_POINT('',(52.1696809138646,-38.2200333525506,3.));
#6007=CARTESIAN_POINT('',(52.1696809138646,-36.7400668541129,0.));
#6008=CARTESIAN_POINT('',(52.1696809138646,-36.7400668541129,80.));
#6009=CARTESIAN_POINT('',(52.1696809138646,-20.3118665228264,0.));
#6010=CARTESIAN_POINT('Origin',(51.6696809138646,-36.7400668541129,80.));
#6011=CARTESIAN_POINT('Origin',(51.6696809138646,-36.7400668541129,3.));
#6012=CARTESIAN_POINT('Origin',(51.6696809138646,-36.7400668541129,0.));
#6013=CARTESIAN_POINT('Origin',(33.1196809138646,-36.7400668541129,80.));
#6014=CARTESIAN_POINT('',(33.1196809138646,-49.7400668541129,3.));
#6015=CARTESIAN_POINT('',(33.1196809138646,-36.7400668541129,3.));
#6016=CARTESIAN_POINT('',(33.1196809138646,-38.2200333525506,3.));
#6017=CARTESIAN_POINT('',(33.1196809138646,-36.7400668541129,0.));
#6018=CARTESIAN_POINT('',(33.1196809138646,-36.7400668541129,80.));
#6019=CARTESIAN_POINT('',(33.1196809138646,-49.7400668541129,0.));
#6020=CARTESIAN_POINT('',(33.1196809138646,-20.3118665228264,0.));
#6021=CARTESIAN_POINT('',(33.1196809138646,-49.7400668541129,80.));
#6022=CARTESIAN_POINT('Origin',(32.6196809138646,-49.7400668541129,80.));
#6023=CARTESIAN_POINT('',(32.6196809138646,-50.2400668541129,3.));
#6024=CARTESIAN_POINT('Origin',(32.6196809138646,-49.7400668541129,3.));
#6025=CARTESIAN_POINT('',(32.6196809138646,-50.2400668541129,0.));
#6026=CARTESIAN_POINT('Origin',(32.6196809138646,-49.7400668541129,0.));
#6027=CARTESIAN_POINT('',(32.6196809138646,-50.2400668541129,80.));
#6028=CARTESIAN_POINT('Origin',(32.6196809138646,-50.2400668541129,80.));
#6029=CARTESIAN_POINT('',(19.6196809138646,-50.2400668541129,3.));
#6030=CARTESIAN_POINT('',(26.9098403824265,-50.2400668541129,3.));
#6031=CARTESIAN_POINT('',(19.6196809138646,-50.2400668541129,0.));
#6032=CARTESIAN_POINT('',(33.8985226510924,-50.2400668541129,0.));
#6033=CARTESIAN_POINT('',(19.6196809138646,-50.2400668541129,80.));
#6034=CARTESIAN_POINT('Origin',(19.6196809138646,-49.7400668541129,80.));
#6035=CARTESIAN_POINT('',(19.1196809138646,-49.7400668541129,3.));
#6036=CARTESIAN_POINT('Origin',(19.6196809138646,-49.7400668541129,3.));
#6037=CARTESIAN_POINT('',(19.1196809138646,-49.7400668541129,0.));
#6038=CARTESIAN_POINT('Origin',(19.6196809138646,-49.7400668541129,0.));
#6039=CARTESIAN_POINT('',(19.1196809138646,-49.7400668541129,80.));
#6040=CARTESIAN_POINT('Origin',(19.1196809138646,-49.7400668541129,80.));
#6041=CARTESIAN_POINT('',(19.1196809138646,-36.7400668541129,3.));
#6042=CARTESIAN_POINT('',(19.1196809138646,-31.7200333525506,3.));
#6043=CARTESIAN_POINT('',(19.1196809138646,-36.7400668541129,0.));
#6044=CARTESIAN_POINT('',(19.1196809138646,-26.8118665228264,0.));
#6045=CARTESIAN_POINT('',(19.1196809138646,-36.7400668541129,80.));
#6046=CARTESIAN_POINT('Origin',(32.6196809138646,-36.7400668541129,80.));
#6047=CARTESIAN_POINT('',(32.6196809138646,-36.2400668541129,3.));
#6048=CARTESIAN_POINT('Origin',(32.6196809138646,-36.7400668541129,3.));
#6049=CARTESIAN_POINT('',(32.6196809138646,-36.2400668541129,0.));
#6050=CARTESIAN_POINT('',(32.6196809138646,-36.2400668541129,80.));
#6051=CARTESIAN_POINT('Origin',(32.6196809138646,-36.7400668541129,0.));
#6052=CARTESIAN_POINT('Origin',(19.6196809138646,-36.2400668541129,80.));
#6053=CARTESIAN_POINT('',(19.6196809138646,-36.2400668541129,3.));
#6054=CARTESIAN_POINT('',(33.4098403824265,-36.2400668541129,3.));
#6055=CARTESIAN_POINT('',(19.6196809138646,-36.2400668541129,0.));
#6056=CARTESIAN_POINT('',(19.6196809138646,-36.2400668541129,80.));
#6057=CARTESIAN_POINT('',(27.3985226510924,-36.2400668541129,0.));
#6058=CARTESIAN_POINT('Origin',(19.6196809138646,-36.7400668541129,80.));
#6059=CARTESIAN_POINT('Origin',(19.6196809138646,-36.7400668541129,3.));
#6060=CARTESIAN_POINT('Origin',(19.6196809138646,-36.7400668541129,0.));
#6061=CARTESIAN_POINT('Origin',(83.3999998509884,-68.3999998509884,0.));
#6062=CARTESIAN_POINT('',(80.8999998509884,-68.3999998509884,3.));
#6063=CARTESIAN_POINT('Origin',(83.3999998509884,-68.3999998509884,3.));
#6064=CARTESIAN_POINT('',(80.8999998509884,-68.3999998509884,0.));
#6065=CARTESIAN_POINT('',(80.8999998509884,-68.3999998509884,0.));
#6066=CARTESIAN_POINT('Origin',(83.3999998509884,-68.3999998509884,0.));
#6067=CARTESIAN_POINT('Origin',(83.3999998509884,15.0000001490116,0.));
#6068=CARTESIAN_POINT('',(80.8999998509884,15.0000001490116,3.));
#6069=CARTESIAN_POINT('Origin',(83.3999998509884,15.0000001490116,3.));
#6070=CARTESIAN_POINT('',(80.8999998509884,15.0000001490116,0.));
#6071=CARTESIAN_POINT('',(80.8999998509884,15.0000001490116,0.));
#6072=CARTESIAN_POINT('Origin',(83.3999998509884,15.0000001490116,0.));
#6073=CARTESIAN_POINT('Origin',(-15.0000001490116,-68.3999998509884,0.));
#6074=CARTESIAN_POINT('',(-17.5000001490116,-68.3999998509884,3.));
#6075=CARTESIAN_POINT('Origin',(-15.0000001490116,-68.3999998509884,3.));
#6076=CARTESIAN_POINT('',(-17.5000001490116,-68.3999998509884,0.));
#6077=CARTESIAN_POINT('',(-17.5000001490116,-68.3999998509884,0.));
#6078=CARTESIAN_POINT('Origin',(-15.0000001490116,-68.3999998509884,0.));
#6079=CARTESIAN_POINT('Origin',(-15.0000001490116,15.0000001490116,0.));
#6080=CARTESIAN_POINT('',(-17.5000001490116,15.0000001490116,3.));
#6081=CARTESIAN_POINT('Origin',(-15.0000001490116,15.0000001490116,3.));
#6082=CARTESIAN_POINT('',(-17.5000001490116,15.0000001490116,0.));
#6083=CARTESIAN_POINT('',(-17.5000001490116,15.0000001490116,0.));
#6084=CARTESIAN_POINT('Origin',(-15.0000001490116,15.0000001490116,0.));
#6085=CARTESIAN_POINT('Origin',(-20.0000001490116,20.0000001490116,0.));
#6086=CARTESIAN_POINT('',(-20.0000001490116,-73.3999998509884,0.));
#6087=CARTESIAN_POINT('',(-20.0000001490116,20.0000001490116,0.));
#6088=CARTESIAN_POINT('',(-20.0000001490116,-73.3999998509884,0.));
#6089=CARTESIAN_POINT('',(-20.0000001490116,-73.3999998509884,3.));
#6090=CARTESIAN_POINT('',(-20.0000001490116,-73.3999998509884,0.));
#6091=CARTESIAN_POINT('',(-20.0000001490116,20.0000001490116,3.));
#6092=CARTESIAN_POINT('',(-20.0000001490116,-73.3999998509884,3.));
#6093=CARTESIAN_POINT('',(-20.0000001490116,20.0000001490116,0.));
#6094=CARTESIAN_POINT('Origin',(88.3999998509884,20.0000001490116,0.));
#6095=CARTESIAN_POINT('',(88.3999998509884,20.0000001490116,0.));
#6096=CARTESIAN_POINT('',(-20.0000001490116,20.0000001490116,0.));
#6097=CARTESIAN_POINT('',(88.3999998509884,20.0000001490116,3.));
#6098=CARTESIAN_POINT('',(-20.0000001490116,20.0000001490116,3.));
#6099=CARTESIAN_POINT('',(88.3999998509884,20.0000001490116,0.));
#6100=CARTESIAN_POINT('Origin',(88.3999998509884,-73.3999998509884,0.));
#6101=CARTESIAN_POINT('',(88.3999998509884,-73.3999998509884,0.));
#6102=CARTESIAN_POINT('',(88.3999998509884,20.0000001490116,0.));
#6103=CARTESIAN_POINT('',(88.3999998509884,-73.3999998509884,3.));
#6104=CARTESIAN_POINT('',(88.3999998509884,20.0000001490116,3.));
#6105=CARTESIAN_POINT('',(88.3999998509884,-73.3999998509884,0.));
#6106=CARTESIAN_POINT('Origin',(-20.0000001490116,-73.3999998509884,0.));
#6107=CARTESIAN_POINT('',(88.3999998509884,-73.3999998509884,0.));
#6108=CARTESIAN_POINT('',(88.3999998509884,-73.3999998509884,3.));
#6109=CARTESIAN_POINT('Origin',(34.1999998509884,-26.6999998509884,3.));
#6110=CARTESIAN_POINT('Origin',(35.1773643883202,-3.88366619153992,0.));
#6111=CARTESIAN_POINT('',(0.,0.,0.));
#6112=CARTESIAN_POINT('Origin',(-9.20000000000001,6.70000000000001,15.));
#6113=CARTESIAN_POINT('',(-31.8316476047039,53.4,15.0000000000001));
#6114=CARTESIAN_POINT('',(-31.8316476047039,43.4,15.));
#6115=CARTESIAN_POINT('',(-31.8316476047039,30.05,15.));
#6116=CARTESIAN_POINT('',(35.,43.4,15.));
#6117=CARTESIAN_POINT('',(-53.4,43.4,15.));
#6118=CARTESIAN_POINT('',(35.,-30.,15.));
#6119=CARTESIAN_POINT('',(35.,43.4,15.));
#6120=CARTESIAN_POINT('',(-53.4,-30.,15.));
#6121=CARTESIAN_POINT('',(35.,-30.,15.));
#6122=CARTESIAN_POINT('',(-53.4,43.4,15.));
#6123=CARTESIAN_POINT('',(-53.4,-30.,15.));
#6124=CARTESIAN_POINT('',(-48.8316478580236,43.4,15.0000000000001));
#6125=CARTESIAN_POINT('',(-53.4,43.4,15.));
#6126=CARTESIAN_POINT('',(-48.8316478580237,53.3999999999999,15.0000000000001));
#6127=CARTESIAN_POINT('',(-48.8316478580236,30.05,15.));
#6128=CARTESIAN_POINT('',(-63.4,53.4,15.));
#6129=CARTESIAN_POINT('',(45.,53.4,15.));
#6130=CARTESIAN_POINT('',(-63.4,-40.,15.));
#6131=CARTESIAN_POINT('',(-63.4,53.4,15.));
#6132=CARTESIAN_POINT('',(45.,-40.,15.));
#6133=CARTESIAN_POINT('',(-63.4,-40.,15.));
#6134=CARTESIAN_POINT('',(45.,53.4,15.));
#6135=CARTESIAN_POINT('',(45.,-40.,15.));
#6136=CARTESIAN_POINT('',(45.,53.4,15.));
#6137=CARTESIAN_POINT('',(-60.9,-35.,15.));
#6138=CARTESIAN_POINT('Origin',(-58.4,-35.,15.));
#6139=CARTESIAN_POINT('',(37.5,48.4,15.));
#6140=CARTESIAN_POINT('Origin',(40.,48.4,15.));
#6141=CARTESIAN_POINT('',(-60.9,48.4,15.));
#6142=CARTESIAN_POINT('Origin',(-58.4,48.4,15.));
#6143=CARTESIAN_POINT('',(37.5,-35.,15.));
#6144=CARTESIAN_POINT('Origin',(40.,-35.,15.));
#6145=CARTESIAN_POINT('Origin',(-53.4,43.4,4.));
#6146=CARTESIAN_POINT('',(-48.8316478580237,43.4,4.00000005960462));
#6147=CARTESIAN_POINT('',(-48.8316478580237,43.4,8.00000008940696));
#6148=CARTESIAN_POINT('',(-53.4,43.4,4.));
#6149=CARTESIAN_POINT('',(-53.4,43.4,4.));
#6150=CARTESIAN_POINT('',(-31.3,43.4,4.));
#6151=CARTESIAN_POINT('Origin',(-53.4,43.4,4.));
#6152=CARTESIAN_POINT('',(-31.8316476047039,43.4,4.00000005960461));
#6153=CARTESIAN_POINT('',(-31.8316476047039,43.4,8.00000008940697));
#6154=CARTESIAN_POINT('',(35.,43.4,4.));
#6155=CARTESIAN_POINT('',(-31.3,43.4,4.));
#6156=CARTESIAN_POINT('',(35.,43.4,4.));
#6157=CARTESIAN_POINT('Origin',(46.,-40.,0.));
#6158=CARTESIAN_POINT('',(46.,-5.52446753717958,8.02346419600149));
#6159=CARTESIAN_POINT('',(46.,-5.52446753717958,4.98935770300528));
#6160=CARTESIAN_POINT('',(46.,-5.52446753717958,8.02346419600149));
#6161=CARTESIAN_POINT('',(46.,-5.36075622774659,9.16943978575369));
#6162=CARTESIAN_POINT('Ctrl Pts',(46.,-5.36075622774659,9.16943978575369));
#6163=CARTESIAN_POINT('Ctrl Pts',(46.,-5.40849182980519,8.98761873676772));
#6164=CARTESIAN_POINT('Ctrl Pts',(46.,-5.5071003505222,8.61202685350811));
#6165=CARTESIAN_POINT('Ctrl Pts',(46.,-5.51855697411678,8.22376933305274));
#6166=CARTESIAN_POINT('Ctrl Pts',(46.,-5.52446753717958,8.02346419600149));
#6167=CARTESIAN_POINT('',(46.,-4.99513537622987,9.70695685652395));
#6168=CARTESIAN_POINT('Ctrl Pts',(46.,-4.99513537622987,9.70695685652395));
#6169=CARTESIAN_POINT('Ctrl Pts',(46.,-5.07500705796224,9.63445207292981));
#6170=CARTESIAN_POINT('Ctrl Pts',(46.,-5.23984754984608,9.48481550672308));
#6171=CARTESIAN_POINT('Ctrl Pts',(46.,-5.31963099175862,9.27671000965289));
#6172=CARTESIAN_POINT('Ctrl Pts',(46.,-5.36075622774659,9.16943978575369));
#6173=CARTESIAN_POINT('',(46.,-4.41669137217103,9.90068089274069));
#6174=CARTESIAN_POINT('Ctrl Pts',(46.,-4.41669137217103,9.90068089274069));
#6175=CARTESIAN_POINT('Ctrl Pts',(46.,-4.52126466751413,9.89262403959878));
#6176=CARTESIAN_POINT('Ctrl Pts',(46.,-4.73031576916736,9.87651769027081));
#6177=CARTESIAN_POINT('Ctrl Pts',(46.,-4.9068890585505,9.76345992050317));
#6178=CARTESIAN_POINT('Ctrl Pts',(46.,-4.99513537622987,9.70695685652395));
#6179=CARTESIAN_POINT('',(46.,-3.69636447168886,9.68785714415212));
#6180=CARTESIAN_POINT('Ctrl Pts',(46.,-3.69636447168886,9.68785714415212));
#6181=CARTESIAN_POINT('Ctrl Pts',(46.,-3.81385851111772,9.74990198430369));
#6182=CARTESIAN_POINT('Ctrl Pts',(46.,-4.03993670114697,9.86928663760446));
#6183=CARTESIAN_POINT('Ctrl Pts',(46.,-4.29444999341025,9.89049474953352));
#6184=CARTESIAN_POINT('Ctrl Pts',(46.,-4.41669137217103,9.90068089274069));
#6185=CARTESIAN_POINT('',(46.,-3.35802943445741,10.5991799762597));
#6186=CARTESIAN_POINT('',(46.,-3.35802943445741,10.5991799762597));
#6187=CARTESIAN_POINT('',(46.,-4.36757714487611,10.9156877925744));
#6188=CARTESIAN_POINT('Ctrl Pts',(46.,-4.36757714487611,10.9156877925744));
#6189=CARTESIAN_POINT('Ctrl Pts',(46.,-4.19741680658577,10.9000000992171));
#6190=CARTESIAN_POINT('Ctrl Pts',(46.,-3.83876215201515,10.8669344371564));
#6191=CARTESIAN_POINT('Ctrl Pts',(46.,-3.52364316990625,10.6914221200386));
#6192=CARTESIAN_POINT('Ctrl Pts',(46.,-3.35802943445741,10.5991799762597));
#6193=CARTESIAN_POINT('',(46.,-4.99786407686768,10.7192350557198));
#6194=CARTESIAN_POINT('Ctrl Pts',(46.,-4.99786407686768,10.7192350557198));
#6195=CARTESIAN_POINT('Ctrl Pts',(46.,-4.90013861711454,10.776533718676));
#6196=CARTESIAN_POINT('Ctrl Pts',(46.,-4.70522896825976,10.8908136852769));
#6197=CARTESIAN_POINT('Ctrl Pts',(46.,-4.47991918839133,10.9074117879717));
#6198=CARTESIAN_POINT('Ctrl Pts',(46.,-4.36757714487611,10.9156877925744));
#6199=CARTESIAN_POINT('',(46.,-5.62269360758363,9.90613769796987));
#6200=CARTESIAN_POINT('Ctrl Pts',(46.,-5.62269360758363,9.90613769796987));
#6201=CARTESIAN_POINT('Ctrl Pts',(46.,-5.52421811337035,10.0846479070076));
#6202=CARTESIAN_POINT('Ctrl Pts',(46.,-5.35672344397826,10.3882717545928));
#6203=CARTESIAN_POINT('Ctrl Pts',(46.,-5.10258596986342,10.6226537579117));
#6204=CARTESIAN_POINT('Ctrl Pts',(46.,-4.99786407686768,10.7192350557198));
#6205=CARTESIAN_POINT('',(46.,-5.62269360758363,10.7847191026558));
#6206=CARTESIAN_POINT('',(46.,-5.62269360758363,10.7847191026558));
#6207=CARTESIAN_POINT('',(46.,-6.50673181749879,10.7847191026559));
#6208=CARTESIAN_POINT('',(46.,-6.50673181749879,10.7847191026558));
#6209=CARTESIAN_POINT('',(46.,-6.5067318174988,4.98935770300528));
#6210=CARTESIAN_POINT('',(46.,-6.5067318174988,4.98935770300528));
#6211=CARTESIAN_POINT('',(46.,-5.52446753717958,4.98935770300528));
#6212=CARTESIAN_POINT('Origin',(45.,-5.52446753717958,6.50641094950338));
#6213=CARTESIAN_POINT('',(45.,-5.52446753717958,8.02346419600149));
#6214=CARTESIAN_POINT('',(45.,-5.52446753717958,4.98935770300528));
#6215=CARTESIAN_POINT('',(45.,-5.52446753717958,3.25320547475167));
#6216=CARTESIAN_POINT('',(45.,-5.52446753717958,8.02346419600149));
#6217=CARTESIAN_POINT('',(45.,-5.52446753717958,4.98935770300528));
#6218=CARTESIAN_POINT('Ctrl Pts',(45.,-5.36075622774659,9.16943978575369));
#6219=CARTESIAN_POINT('Ctrl Pts',(46.,-5.36075622774659,9.16943978575369));
#6220=CARTESIAN_POINT('Ctrl Pts',(45.,-5.40849182980519,8.98761873676772));
#6221=CARTESIAN_POINT('Ctrl Pts',(46.,-5.40849182980519,8.98761873676772));
#6222=CARTESIAN_POINT('Ctrl Pts',(45.,-5.5071003505222,8.61202685350811));
#6223=CARTESIAN_POINT('Ctrl Pts',(46.,-5.5071003505222,8.61202685350811));
#6224=CARTESIAN_POINT('Ctrl Pts',(45.,-5.51855697411678,8.22376933305274));
#6225=CARTESIAN_POINT('Ctrl Pts',(46.,-5.51855697411678,8.22376933305274));
#6226=CARTESIAN_POINT('Ctrl Pts',(45.,-5.52446753717958,8.02346419600149));
#6227=CARTESIAN_POINT('Ctrl Pts',(46.,-5.52446753717958,8.02346419600149));
#6228=CARTESIAN_POINT('',(45.,-5.36075622774659,9.16943978575369));
#6229=CARTESIAN_POINT('Ctrl Pts',(45.,-5.36075622774659,9.16943978575369));
#6230=CARTESIAN_POINT('Ctrl Pts',(45.,-5.40849182980519,8.98761873676772));
#6231=CARTESIAN_POINT('Ctrl Pts',(45.,-5.5071003505222,8.61202685350811));
#6232=CARTESIAN_POINT('Ctrl Pts',(45.,-5.51855697411678,8.22376933305274));
#6233=CARTESIAN_POINT('Ctrl Pts',(45.,-5.52446753717958,8.02346419600149));
#6234=CARTESIAN_POINT('',(45.,-5.36075622774659,9.16943978575369));
#6235=CARTESIAN_POINT('Ctrl Pts',(45.,-4.99513537622987,9.70695685652395));
#6236=CARTESIAN_POINT('Ctrl Pts',(46.,-4.99513537622987,9.70695685652395));
#6237=CARTESIAN_POINT('Ctrl Pts',(45.,-5.07500705796224,9.63445207292981));
#6238=CARTESIAN_POINT('Ctrl Pts',(46.,-5.07500705796224,9.63445207292981));
#6239=CARTESIAN_POINT('Ctrl Pts',(45.,-5.23984754984608,9.48481550672308));
#6240=CARTESIAN_POINT('Ctrl Pts',(46.,-5.23984754984608,9.48481550672308));
#6241=CARTESIAN_POINT('Ctrl Pts',(45.,-5.31963099175862,9.27671000965289));
#6242=CARTESIAN_POINT('Ctrl Pts',(46.,-5.31963099175862,9.27671000965289));
#6243=CARTESIAN_POINT('Ctrl Pts',(45.,-5.36075622774659,9.16943978575369));
#6244=CARTESIAN_POINT('Ctrl Pts',(46.,-5.36075622774659,9.16943978575369));
#6245=CARTESIAN_POINT('',(45.,-4.99513537622987,9.70695685652395));
#6246=CARTESIAN_POINT('Ctrl Pts',(45.,-4.99513537622987,9.70695685652395));
#6247=CARTESIAN_POINT('Ctrl Pts',(45.,-5.07500705796224,9.63445207292981));
#6248=CARTESIAN_POINT('Ctrl Pts',(45.,-5.23984754984608,9.48481550672308));
#6249=CARTESIAN_POINT('Ctrl Pts',(45.,-5.31963099175862,9.27671000965289));
#6250=CARTESIAN_POINT('Ctrl Pts',(45.,-5.36075622774659,9.16943978575369));
#6251=CARTESIAN_POINT('',(45.,-4.99513537622987,9.70695685652395));
#6252=CARTESIAN_POINT('Ctrl Pts',(45.,-4.41669137217103,9.90068089274069));
#6253=CARTESIAN_POINT('Ctrl Pts',(46.,-4.41669137217103,9.90068089274069));
#6254=CARTESIAN_POINT('Ctrl Pts',(45.,-4.52126466751413,9.89262403959878));
#6255=CARTESIAN_POINT('Ctrl Pts',(46.,-4.52126466751413,9.89262403959878));
#6256=CARTESIAN_POINT('Ctrl Pts',(45.,-4.73031576916736,9.87651769027081));
#6257=CARTESIAN_POINT('Ctrl Pts',(46.,-4.73031576916736,9.87651769027081));
#6258=CARTESIAN_POINT('Ctrl Pts',(45.,-4.9068890585505,9.76345992050317));
#6259=CARTESIAN_POINT('Ctrl Pts',(46.,-4.9068890585505,9.76345992050317));
#6260=CARTESIAN_POINT('Ctrl Pts',(45.,-4.99513537622987,9.70695685652395));
#6261=CARTESIAN_POINT('Ctrl Pts',(46.,-4.99513537622987,9.70695685652395));
#6262=CARTESIAN_POINT('',(45.,-4.41669137217103,9.90068089274069));
#6263=CARTESIAN_POINT('Ctrl Pts',(45.,-4.41669137217103,9.90068089274069));
#6264=CARTESIAN_POINT('Ctrl Pts',(45.,-4.52126466751413,9.89262403959878));
#6265=CARTESIAN_POINT('Ctrl Pts',(45.,-4.73031576916736,9.87651769027081));
#6266=CARTESIAN_POINT('Ctrl Pts',(45.,-4.9068890585505,9.76345992050317));
#6267=CARTESIAN_POINT('Ctrl Pts',(45.,-4.99513537622987,9.70695685652395));
#6268=CARTESIAN_POINT('',(45.,-4.41669137217103,9.90068089274069));
#6269=CARTESIAN_POINT('Ctrl Pts',(45.,-3.69636447168886,9.68785714415212));
#6270=CARTESIAN_POINT('Ctrl Pts',(46.,-3.69636447168886,9.68785714415212));
#6271=CARTESIAN_POINT('Ctrl Pts',(45.,-3.81385851111772,9.74990198430369));
#6272=CARTESIAN_POINT('Ctrl Pts',(46.,-3.81385851111772,9.74990198430369));
#6273=CARTESIAN_POINT('Ctrl Pts',(45.,-4.03993670114697,9.86928663760446));
#6274=CARTESIAN_POINT('Ctrl Pts',(46.,-4.03993670114697,9.86928663760446));
#6275=CARTESIAN_POINT('Ctrl Pts',(45.,-4.29444999341025,9.89049474953352));
#6276=CARTESIAN_POINT('Ctrl Pts',(46.,-4.29444999341025,9.89049474953352));
#6277=CARTESIAN_POINT('Ctrl Pts',(45.,-4.41669137217103,9.90068089274069));
#6278=CARTESIAN_POINT('Ctrl Pts',(46.,-4.41669137217103,9.90068089274069));
#6279=CARTESIAN_POINT('',(45.,-3.69636447168886,9.68785714415212));
#6280=CARTESIAN_POINT('Ctrl Pts',(45.,-3.69636447168886,9.68785714415212));
#6281=CARTESIAN_POINT('Ctrl Pts',(45.,-3.81385851111772,9.74990198430369));
#6282=CARTESIAN_POINT('Ctrl Pts',(45.,-4.03993670114697,9.86928663760446));
#6283=CARTESIAN_POINT('Ctrl Pts',(45.,-4.29444999341025,9.89049474953352));
#6284=CARTESIAN_POINT('Ctrl Pts',(45.,-4.41669137217103,9.90068089274069));
#6285=CARTESIAN_POINT('',(45.,-3.69636447168886,9.68785714415212));
#6286=CARTESIAN_POINT('Origin',(45.,-3.52719695307313,10.1435185602059));
#6287=CARTESIAN_POINT('',(45.,-3.35802943445741,10.5991799762597));
#6288=CARTESIAN_POINT('',(45.,-7.39110951494473,-0.264128746188582));
#6289=CARTESIAN_POINT('',(45.,-3.35802943445741,10.5991799762597));
#6290=CARTESIAN_POINT('Ctrl Pts',(45.,-4.36757714487611,10.9156877925744));
#6291=CARTESIAN_POINT('Ctrl Pts',(46.,-4.36757714487611,10.9156877925744));
#6292=CARTESIAN_POINT('Ctrl Pts',(45.,-4.19741680658577,10.9000000992171));
#6293=CARTESIAN_POINT('Ctrl Pts',(46.,-4.19741680658577,10.9000000992171));
#6294=CARTESIAN_POINT('Ctrl Pts',(45.,-3.83876215201515,10.8669344371564));
#6295=CARTESIAN_POINT('Ctrl Pts',(46.,-3.83876215201515,10.8669344371564));
#6296=CARTESIAN_POINT('Ctrl Pts',(45.,-3.52364316990625,10.6914221200386));
#6297=CARTESIAN_POINT('Ctrl Pts',(46.,-3.52364316990625,10.6914221200386));
#6298=CARTESIAN_POINT('Ctrl Pts',(45.,-3.35802943445741,10.5991799762597));
#6299=CARTESIAN_POINT('Ctrl Pts',(46.,-3.35802943445741,10.5991799762597));
#6300=CARTESIAN_POINT('',(45.,-4.36757714487611,10.9156877925744));
#6301=CARTESIAN_POINT('Ctrl Pts',(45.,-4.36757714487611,10.9156877925744));
#6302=CARTESIAN_POINT('Ctrl Pts',(45.,-4.19741680658577,10.9000000992171));
#6303=CARTESIAN_POINT('Ctrl Pts',(45.,-3.83876215201515,10.8669344371564));
#6304=CARTESIAN_POINT('Ctrl Pts',(45.,-3.52364316990625,10.6914221200386));
#6305=CARTESIAN_POINT('Ctrl Pts',(45.,-3.35802943445741,10.5991799762597));
#6306=CARTESIAN_POINT('',(45.,-4.36757714487611,10.9156877925744));
#6307=CARTESIAN_POINT('Ctrl Pts',(45.,-4.99786407686768,10.7192350557198));
#6308=CARTESIAN_POINT('Ctrl Pts',(46.,-4.99786407686768,10.7192350557198));
#6309=CARTESIAN_POINT('Ctrl Pts',(45.,-4.90013861711454,10.776533718676));
#6310=CARTESIAN_POINT('Ctrl Pts',(46.,-4.90013861711454,10.776533718676));
#6311=CARTESIAN_POINT('Ctrl Pts',(45.,-4.70522896825976,10.8908136852769));
#6312=CARTESIAN_POINT('Ctrl Pts',(46.,-4.70522896825976,10.8908136852769));
#6313=CARTESIAN_POINT('Ctrl Pts',(45.,-4.47991918839133,10.9074117879717));
#6314=CARTESIAN_POINT('Ctrl Pts',(46.,-4.47991918839133,10.9074117879717));
#6315=CARTESIAN_POINT('Ctrl Pts',(45.,-4.36757714487611,10.9156877925744));
#6316=CARTESIAN_POINT('Ctrl Pts',(46.,-4.36757714487611,10.9156877925744));
#6317=CARTESIAN_POINT('',(45.,-4.99786407686768,10.7192350557198));
#6318=CARTESIAN_POINT('Ctrl Pts',(45.,-4.99786407686768,10.7192350557198));
#6319=CARTESIAN_POINT('Ctrl Pts',(45.,-4.90013861711454,10.776533718676));
#6320=CARTESIAN_POINT('Ctrl Pts',(45.,-4.70522896825976,10.8908136852769));
#6321=CARTESIAN_POINT('Ctrl Pts',(45.,-4.47991918839133,10.9074117879717));
#6322=CARTESIAN_POINT('Ctrl Pts',(45.,-4.36757714487611,10.9156877925744));
#6323=CARTESIAN_POINT('',(45.,-4.99786407686768,10.7192350557198));
#6324=CARTESIAN_POINT('Ctrl Pts',(45.,-5.62269360758363,9.90613769796987));
#6325=CARTESIAN_POINT('Ctrl Pts',(46.,-5.62269360758363,9.90613769796987));
#6326=CARTESIAN_POINT('Ctrl Pts',(45.,-5.52421811337035,10.0846479070076));
#6327=CARTESIAN_POINT('Ctrl Pts',(46.,-5.52421811337035,10.0846479070076));
#6328=CARTESIAN_POINT('Ctrl Pts',(45.,-5.35672344397826,10.3882717545928));
#6329=CARTESIAN_POINT('Ctrl Pts',(46.,-5.35672344397826,10.3882717545928));
#6330=CARTESIAN_POINT('Ctrl Pts',(45.,-5.10258596986342,10.6226537579117));
#6331=CARTESIAN_POINT('Ctrl Pts',(46.,-5.10258596986342,10.6226537579117));
#6332=CARTESIAN_POINT('Ctrl Pts',(45.,-4.99786407686768,10.7192350557198));
#6333=CARTESIAN_POINT('Ctrl Pts',(46.,-4.99786407686768,10.7192350557198));
#6334=CARTESIAN_POINT('',(45.,-5.62269360758363,9.90613769796987));
#6335=CARTESIAN_POINT('Ctrl Pts',(45.,-5.62269360758363,9.90613769796987));
#6336=CARTESIAN_POINT('Ctrl Pts',(45.,-5.52421811337035,10.0846479070076));
#6337=CARTESIAN_POINT('Ctrl Pts',(45.,-5.35672344397826,10.3882717545928));
#6338=CARTESIAN_POINT('Ctrl Pts',(45.,-5.10258596986342,10.6226537579117));
#6339=CARTESIAN_POINT('Ctrl Pts',(45.,-4.99786407686768,10.7192350557198));
#6340=CARTESIAN_POINT('',(45.,-5.62269360758363,9.90613769796987));
#6341=CARTESIAN_POINT('Origin',(45.,-5.62269360758363,10.3454284003129));
#6342=CARTESIAN_POINT('',(45.,-5.62269360758363,10.7847191026558));
#6343=CARTESIAN_POINT('',(45.,-5.62269360758363,5.17271420015641));
#6344=CARTESIAN_POINT('',(45.,-5.62269360758363,10.7847191026558));
#6345=CARTESIAN_POINT('Origin',(45.,-6.06471271254121,10.7847191026558));
#6346=CARTESIAN_POINT('',(45.,-6.50673181749879,10.7847191026559));
#6347=CARTESIAN_POINT('',(45.,-23.0323563562706,10.7847191026559));
#6348=CARTESIAN_POINT('',(45.,-6.50673181749879,10.7847191026559));
#6349=CARTESIAN_POINT('Origin',(45.,-6.50673181749879,7.88703840283056));
#6350=CARTESIAN_POINT('',(45.,-6.5067318174988,4.98935770300528));
#6351=CARTESIAN_POINT('',(45.,-6.5067318174988,3.94351920141526));
#6352=CARTESIAN_POINT('',(45.,-6.5067318174988,4.98935770300528));
#6353=CARTESIAN_POINT('Origin',(45.,-6.01559967733919,4.98935770300528));
#6354=CARTESIAN_POINT('',(45.,-23.0077998386696,4.9893577030053));
#6355=CARTESIAN_POINT('Origin',(46.,-40.,0.));
#6356=CARTESIAN_POINT('',(46.,28.1213721539825,12.9893572261681));
#6357=CARTESIAN_POINT('',(46.,28.1213721539825,4.98935770300524));
#6358=CARTESIAN_POINT('',(46.,28.1213721539825,12.9893572261681));
#6359=CARTESIAN_POINT('',(46.,27.1445664670319,12.9893572261681));
#6360=CARTESIAN_POINT('',(46.,27.1445664670318,12.9893572261681));
#6361=CARTESIAN_POINT('',(46.,27.1445664670318,10.1189620426048));
#6362=CARTESIAN_POINT('',(46.,27.1445664670318,10.1189620426048));
#6363=CARTESIAN_POINT('',(46.,26.4788064267486,10.6946779420723));
#6364=CARTESIAN_POINT('Ctrl Pts',(46.,26.4788064267486,10.6946779420723));
#6365=CARTESIAN_POINT('Ctrl Pts',(46.,26.6081671267106,10.6163968491639));
#6366=CARTESIAN_POINT('Ctrl Pts',(46.,26.8628713890142,10.4622655865207));
#6367=CARTESIAN_POINT('Ctrl Pts',(46.,27.0516606212852,10.2321869747541));
#6368=CARTESIAN_POINT('Ctrl Pts',(46.,27.1445664670318,10.1189620426048));
#6369=CARTESIAN_POINT('',(46.,25.5456551816315,10.9156877925743));
#6370=CARTESIAN_POINT('Ctrl Pts',(46.,25.5456551816315,10.9156877925743));
#6371=CARTESIAN_POINT('Ctrl Pts',(46.,25.71323996184,10.9076797971155));
#6372=CARTESIAN_POINT('Ctrl Pts',(46.,26.0383005526749,10.8921468606995));
#6373=CARTESIAN_POINT('Ctrl Pts',(46.,26.3350472836139,10.7591219465871));
#6374=CARTESIAN_POINT('Ctrl Pts',(46.,26.4788064267486,10.6946779420723));
#6375=CARTESIAN_POINT('',(46.,24.2523440625519,10.5391527345528));
#6376=CARTESIAN_POINT('Ctrl Pts',(46.,24.2523440625519,10.5391527345528));
#6377=CARTESIAN_POINT('Ctrl Pts',(46.,24.4519368150896,10.6489728189415));
#6378=CARTESIAN_POINT('Ctrl Pts',(46.,24.8548879545207,10.8706849180744));
#6379=CARTESIAN_POINT('Ctrl Pts',(46.,25.3139693793719,10.9005936672695));
#6380=CARTESIAN_POINT('Ctrl Pts',(46.,25.5456551816315,10.9156877925743));
#6381=CARTESIAN_POINT('',(46.,23.3846720959991,9.45593308714525));
#6382=CARTESIAN_POINT('Ctrl Pts',(46.,23.3846720959991,9.45593308714525));
#6383=CARTESIAN_POINT('Ctrl Pts',(46.,23.4903973581604,9.6759271956012));
#6384=CARTESIAN_POINT('Ctrl Pts',(46.,23.696282182629,10.1043342525118));
#6385=CARTESIAN_POINT('Ctrl Pts',(46.,24.0703609355433,10.3968490991122));
#6386=CARTESIAN_POINT('Ctrl Pts',(46.,24.2523440625519,10.5391527345528));
#6387=CARTESIAN_POINT('',(46.,23.0954512860626,7.88158129957812));
#6388=CARTESIAN_POINT('Ctrl Pts',(46.,23.0954512860626,7.88158129957812));
#6389=CARTESIAN_POINT('Ctrl Pts',(46.,23.1058408339379,8.15995330552529));
#6390=CARTESIAN_POINT('Ctrl Pts',(46.,23.1259596403595,8.69900587721606));
#6391=CARTESIAN_POINT('Ctrl Pts',(46.,23.3003423288003,9.20920551756614));
#6392=CARTESIAN_POINT('Ctrl Pts',(46.,23.3846720959991,9.45593308714525));
#6393=CARTESIAN_POINT('',(46.,23.4146842267364,6.30722951201098));
#6394=CARTESIAN_POINT('Ctrl Pts',(46.,23.4146842267364,6.30722951201098));
#6395=CARTESIAN_POINT('Ctrl Pts',(46.,23.3216200070013,6.54981604698122));
#6396=CARTESIAN_POINT('Ctrl Pts',(46.,23.1272975118151,7.0563482127069));
#6397=CARTESIAN_POINT('Ctrl Pts',(46.,23.1063609737678,7.59887793209721));
#6398=CARTESIAN_POINT('Ctrl Pts',(46.,23.0954512860626,7.88158129957812));
#6399=CARTESIAN_POINT('',(46.,24.3150958325714,5.24038087633745));
#6400=CARTESIAN_POINT('Ctrl Pts',(46.,24.3150958325714,5.24038087633745));
#6401=CARTESIAN_POINT('Ctrl Pts',(46.,24.131177966195,5.38274025927714));
#6402=CARTESIAN_POINT('Ctrl Pts',(46.,23.7550884584498,5.67384775909525));
#6403=CARTESIAN_POINT('Ctrl Pts',(46.,23.5298003842271,6.09303571878639));
#6404=CARTESIAN_POINT('Ctrl Pts',(46.,23.4146842267364,6.30722951201098));
#6405=CARTESIAN_POINT('',(46.,25.5893143918365,4.85838960913317));
#6406=CARTESIAN_POINT('Ctrl Pts',(46.,25.5893143918365,4.85838960913317));
#6407=CARTESIAN_POINT('Ctrl Pts',(46.,25.3628703081572,4.87436479883139));
#6408=CARTESIAN_POINT('Ctrl Pts',(46.,24.9095606760117,4.90634491174887));
#6409=CARTESIAN_POINT('Ctrl Pts',(46.,24.5133735654191,5.12896656062296));
#6410=CARTESIAN_POINT('Ctrl Pts',(46.,24.3150958325714,5.24038087633745));
#6411=CARTESIAN_POINT('',(46.,27.2100505139679,5.72059940603868));
#6412=CARTESIAN_POINT('Ctrl Pts',(46.,27.2100505139679,5.72059940603868));
#6413=CARTESIAN_POINT('Ctrl Pts',(46.,27.0024024342902,5.46913390850327));
#6414=CARTESIAN_POINT('Ctrl Pts',(46.,26.5814828442712,4.95939283942708));
#6415=CARTESIAN_POINT('Ctrl Pts',(46.,25.9229697588758,4.89235588753395));
#6416=CARTESIAN_POINT('Ctrl Pts',(46.,25.5893143918365,4.85838960913317));
#6417=CARTESIAN_POINT('',(46.,27.2100505139679,4.98935770300524));
#6418=CARTESIAN_POINT('',(46.,27.2100505139679,4.98935770300524));
#6419=CARTESIAN_POINT('',(46.,28.1213721539825,4.98935770300524));
#6420=CARTESIAN_POINT('',(46.,25.6384238507599,10.1025910308708));
#6421=CARTESIAN_POINT('',(46.,24.5442923810333,9.56780266073839));
#6422=CARTESIAN_POINT('Ctrl Pts',(46.,25.6384238507599,10.1025910308708));
#6423=CARTESIAN_POINT('Ctrl Pts',(46.,25.4279937485394,10.078914476144));
#6424=CARTESIAN_POINT('Ctrl Pts',(46.,25.0002829281943,10.0307905692587));
#6425=CARTESIAN_POINT('Ctrl Pts',(46.,24.6979036265083,9.72377113357289));
#6426=CARTESIAN_POINT('Ctrl Pts',(46.,24.5442923810333,9.56780266073839));
#6427=CARTESIAN_POINT('',(46.,26.7680320050567,9.54597424772875));
#6428=CARTESIAN_POINT('Ctrl Pts',(46.,26.7680320050567,9.54597424772875));
#6429=CARTESIAN_POINT('Ctrl Pts',(46.,26.608776788957,9.70830044433962));
#6430=CARTESIAN_POINT('Ctrl Pts',(46.,26.2967365442456,10.0263578829217));
#6431=CARTESIAN_POINT('Ctrl Pts',(46.,25.8548069294823,10.0775336935034));
#6432=CARTESIAN_POINT('Ctrl Pts',(46.,25.6384238507599,10.1025910308708));
#6433=CARTESIAN_POINT('',(46.,27.226420333609,7.79972624090807));
#6434=CARTESIAN_POINT('Ctrl Pts',(46.,27.226420333609,7.79972624090807));
#6435=CARTESIAN_POINT('Ctrl Pts',(46.,27.2198794221241,8.1526037000842));
#6436=CARTESIAN_POINT('Ctrl Pts',(46.,27.2083386080571,8.7752222990692));
#6437=CARTESIAN_POINT('Ctrl Pts',(46.,26.9011272129593,9.31299252510829));
#6438=CARTESIAN_POINT('Ctrl Pts',(46.,26.7680320050567,9.54597424772875));
#6439=CARTESIAN_POINT('',(46.,26.7762145306915,6.19263183382647));
#6440=CARTESIAN_POINT('Ctrl Pts',(46.,26.7762145306915,6.19263183382647));
#6441=CARTESIAN_POINT('Ctrl Pts',(46.,26.9070439309926,6.40878237962297));
#6442=CARTESIAN_POINT('Ctrl Pts',(46.,27.2042816492051,6.89986538447553));
#6443=CARTESIAN_POINT('Ctrl Pts',(46.,27.2184744849542,7.47675500896333));
#6444=CARTESIAN_POINT('Ctrl Pts',(46.,27.226420333609,7.79972624090807));
#6445=CARTESIAN_POINT('',(46.,25.6820830609649,5.66602896956102));
#6446=CARTESIAN_POINT('Ctrl Pts',(46.,25.6820830609649,5.66602896956102));
#6447=CARTESIAN_POINT('Ctrl Pts',(46.,25.8901596299347,5.68976125994522));
#6448=CARTESIAN_POINT('Ctrl Pts',(46.,26.315262270185,5.73824658124527));
#6449=CARTESIAN_POINT('Ctrl Pts',(46.,26.6204223096785,6.03905912411159));
#6450=CARTESIAN_POINT('Ctrl Pts',(46.,26.7762145306915,6.19263183382647));
#6451=CARTESIAN_POINT('',(46.,24.5743045117706,6.21718835142748));
#6452=CARTESIAN_POINT('Ctrl Pts',(46.,24.5743045117706,6.21718835142748));
#6453=CARTESIAN_POINT('Ctrl Pts',(46.,24.7336788575553,6.05649593302972));
#6454=CARTESIAN_POINT('Ctrl Pts',(46.,25.0413218360511,5.74630865681438));
#6455=CARTESIAN_POINT('Ctrl Pts',(46.,25.4736988295111,5.69213701149489));
#6456=CARTESIAN_POINT('Ctrl Pts',(46.,25.6820830609649,5.66602896956102));
#6457=CARTESIAN_POINT('',(46.,24.1050013806671,7.88158129957812));
#6458=CARTESIAN_POINT('Ctrl Pts',(46.,24.1050013806671,7.88158129957812));
#6459=CARTESIAN_POINT('Ctrl Pts',(46.,24.1136963444383,7.54808847192557));
#6460=CARTESIAN_POINT('Ctrl Pts',(46.,24.1292786866895,6.95043222912114));
#6461=CARTESIAN_POINT('Ctrl Pts',(46.,24.4378959943982,6.44194094912302));
#6462=CARTESIAN_POINT('Ctrl Pts',(46.,24.5743045117706,6.21718835142748));
#6463=CARTESIAN_POINT('Ctrl Pts',(46.,24.5442923810333,9.56780266073839));
#6464=CARTESIAN_POINT('Ctrl Pts',(46.,24.4167597874607,9.34320478261136));
#6465=CARTESIAN_POINT('Ctrl Pts',(46.,24.1216774971432,8.82353483454856));
#6466=CARTESIAN_POINT('Ctrl Pts',(46.,24.111040907411,8.2227250889089));
#6467=CARTESIAN_POINT('Ctrl Pts',(46.,24.1050013806671,7.88158129957812));
#6468=CARTESIAN_POINT('Origin',(45.,28.1213721539825,8.98935746458666));
#6469=CARTESIAN_POINT('',(45.,28.1213721539825,12.9893572261681));
#6470=CARTESIAN_POINT('',(45.,28.1213721539825,4.98935770300524));
#6471=CARTESIAN_POINT('',(45.,28.1213721539825,4.49467873229329));
#6472=CARTESIAN_POINT('',(45.,28.1213721539825,12.9893572261681));
#6473=CARTESIAN_POINT('',(45.,28.1213721539825,4.98935770300524));
#6474=CARTESIAN_POINT('Origin',(45.,27.6329693105072,12.9893572261681));
#6475=CARTESIAN_POINT('',(45.,27.1445664670319,12.9893572261681));
#6476=CARTESIAN_POINT('',(45.,-6.1835153447464,12.9893572261681));
#6477=CARTESIAN_POINT('',(45.,27.1445664670319,12.9893572261681));
#6478=CARTESIAN_POINT('Origin',(45.,27.1445664670318,11.5541596343865));
#6479=CARTESIAN_POINT('',(45.,27.1445664670318,10.1189620426048));
#6480=CARTESIAN_POINT('',(45.,27.1445664670318,5.77707981719319));
#6481=CARTESIAN_POINT('',(45.,27.1445664670318,10.1189620426048));
#6482=CARTESIAN_POINT('Ctrl Pts',(45.,26.4788064267486,10.6946779420723));
#6483=CARTESIAN_POINT('Ctrl Pts',(46.,26.4788064267486,10.6946779420723));
#6484=CARTESIAN_POINT('Ctrl Pts',(45.,26.6081671267106,10.6163968491639));
#6485=CARTESIAN_POINT('Ctrl Pts',(46.,26.6081671267106,10.6163968491639));
#6486=CARTESIAN_POINT('Ctrl Pts',(45.,26.8628713890142,10.4622655865207));
#6487=CARTESIAN_POINT('Ctrl Pts',(46.,26.8628713890142,10.4622655865207));
#6488=CARTESIAN_POINT('Ctrl Pts',(45.,27.0516606212852,10.2321869747541));
#6489=CARTESIAN_POINT('Ctrl Pts',(46.,27.0516606212852,10.2321869747541));
#6490=CARTESIAN_POINT('Ctrl Pts',(45.,27.1445664670318,10.1189620426048));
#6491=CARTESIAN_POINT('Ctrl Pts',(46.,27.1445664670318,10.1189620426048));
#6492=CARTESIAN_POINT('',(45.,26.4788064267486,10.6946779420723));
#6493=CARTESIAN_POINT('Ctrl Pts',(45.,26.4788064267486,10.6946779420723));
#6494=CARTESIAN_POINT('Ctrl Pts',(45.,26.6081671267106,10.6163968491639));
#6495=CARTESIAN_POINT('Ctrl Pts',(45.,26.8628713890142,10.4622655865207));
#6496=CARTESIAN_POINT('Ctrl Pts',(45.,27.0516606212852,10.2321869747541));
#6497=CARTESIAN_POINT('Ctrl Pts',(45.,27.1445664670318,10.1189620426048));
#6498=CARTESIAN_POINT('',(45.,26.4788064267486,10.6946779420723));
#6499=CARTESIAN_POINT('Ctrl Pts',(45.,25.5456551816315,10.9156877925743));
#6500=CARTESIAN_POINT('Ctrl Pts',(46.,25.5456551816315,10.9156877925743));
#6501=CARTESIAN_POINT('Ctrl Pts',(45.,25.71323996184,10.9076797971155));
#6502=CARTESIAN_POINT('Ctrl Pts',(46.,25.71323996184,10.9076797971155));
#6503=CARTESIAN_POINT('Ctrl Pts',(45.,26.0383005526749,10.8921468606995));
#6504=CARTESIAN_POINT('Ctrl Pts',(46.,26.0383005526749,10.8921468606995));
#6505=CARTESIAN_POINT('Ctrl Pts',(45.,26.3350472836139,10.7591219465871));
#6506=CARTESIAN_POINT('Ctrl Pts',(46.,26.3350472836139,10.7591219465871));
#6507=CARTESIAN_POINT('Ctrl Pts',(45.,26.4788064267486,10.6946779420723));
#6508=CARTESIAN_POINT('Ctrl Pts',(46.,26.4788064267486,10.6946779420723));
#6509=CARTESIAN_POINT('',(45.,25.5456551816315,10.9156877925743));
#6510=CARTESIAN_POINT('Ctrl Pts',(45.,25.5456551816315,10.9156877925743));
#6511=CARTESIAN_POINT('Ctrl Pts',(45.,25.71323996184,10.9076797971155));
#6512=CARTESIAN_POINT('Ctrl Pts',(45.,26.0383005526749,10.8921468606995));
#6513=CARTESIAN_POINT('Ctrl Pts',(45.,26.3350472836139,10.7591219465871));
#6514=CARTESIAN_POINT('Ctrl Pts',(45.,26.4788064267486,10.6946779420723));
#6515=CARTESIAN_POINT('',(45.,25.5456551816315,10.9156877925743));
#6516=CARTESIAN_POINT('Ctrl Pts',(45.,24.2523440625519,10.5391527345528));
#6517=CARTESIAN_POINT('Ctrl Pts',(46.,24.2523440625519,10.5391527345528));
#6518=CARTESIAN_POINT('Ctrl Pts',(45.,24.4519368150896,10.6489728189415));
#6519=CARTESIAN_POINT('Ctrl Pts',(46.,24.4519368150896,10.6489728189415));
#6520=CARTESIAN_POINT('Ctrl Pts',(45.,24.8548879545207,10.8706849180744));
#6521=CARTESIAN_POINT('Ctrl Pts',(46.,24.8548879545207,10.8706849180744));
#6522=CARTESIAN_POINT('Ctrl Pts',(45.,25.3139693793719,10.9005936672695));
#6523=CARTESIAN_POINT('Ctrl Pts',(46.,25.3139693793719,10.9005936672695));
#6524=CARTESIAN_POINT('Ctrl Pts',(45.,25.5456551816315,10.9156877925743));
#6525=CARTESIAN_POINT('Ctrl Pts',(46.,25.5456551816315,10.9156877925743));
#6526=CARTESIAN_POINT('',(45.,24.2523440625519,10.5391527345528));
#6527=CARTESIAN_POINT('Ctrl Pts',(45.,24.2523440625519,10.5391527345528));
#6528=CARTESIAN_POINT('Ctrl Pts',(45.,24.4519368150896,10.6489728189415));
#6529=CARTESIAN_POINT('Ctrl Pts',(45.,24.8548879545207,10.8706849180744));
#6530=CARTESIAN_POINT('Ctrl Pts',(45.,25.3139693793719,10.9005936672695));
#6531=CARTESIAN_POINT('Ctrl Pts',(45.,25.5456551816315,10.9156877925743));
#6532=CARTESIAN_POINT('',(45.,24.2523440625519,10.5391527345528));
#6533=CARTESIAN_POINT('Ctrl Pts',(45.,23.3846720959991,9.45593308714525));
#6534=CARTESIAN_POINT('Ctrl Pts',(46.,23.3846720959991,9.45593308714525));
#6535=CARTESIAN_POINT('Ctrl Pts',(45.,23.4903973581604,9.6759271956012));
#6536=CARTESIAN_POINT('Ctrl Pts',(46.,23.4903973581604,9.6759271956012));
#6537=CARTESIAN_POINT('Ctrl Pts',(45.,23.696282182629,10.1043342525118));
#6538=CARTESIAN_POINT('Ctrl Pts',(46.,23.696282182629,10.1043342525118));
#6539=CARTESIAN_POINT('Ctrl Pts',(45.,24.0703609355433,10.3968490991122));
#6540=CARTESIAN_POINT('Ctrl Pts',(46.,24.0703609355433,10.3968490991122));
#6541=CARTESIAN_POINT('Ctrl Pts',(45.,24.2523440625519,10.5391527345528));
#6542=CARTESIAN_POINT('Ctrl Pts',(46.,24.2523440625519,10.5391527345528));
#6543=CARTESIAN_POINT('',(45.,23.3846720959991,9.45593308714525));
#6544=CARTESIAN_POINT('Ctrl Pts',(45.,23.3846720959991,9.45593308714525));
#6545=CARTESIAN_POINT('Ctrl Pts',(45.,23.4903973581604,9.6759271956012));
#6546=CARTESIAN_POINT('Ctrl Pts',(45.,23.696282182629,10.1043342525118));
#6547=CARTESIAN_POINT('Ctrl Pts',(45.,24.0703609355433,10.3968490991122));
#6548=CARTESIAN_POINT('Ctrl Pts',(45.,24.2523440625519,10.5391527345528));
#6549=CARTESIAN_POINT('',(45.,23.3846720959991,9.45593308714525));
#6550=CARTESIAN_POINT('Ctrl Pts',(45.,23.0954512860626,7.88158129957812));
#6551=CARTESIAN_POINT('Ctrl Pts',(46.,23.0954512860626,7.88158129957812));
#6552=CARTESIAN_POINT('Ctrl Pts',(45.,23.1058408339379,8.15995330552529));
#6553=CARTESIAN_POINT('Ctrl Pts',(46.,23.1058408339379,8.15995330552529));
#6554=CARTESIAN_POINT('Ctrl Pts',(45.,23.1259596403595,8.69900587721606));
#6555=CARTESIAN_POINT('Ctrl Pts',(46.,23.1259596403595,8.69900587721606));
#6556=CARTESIAN_POINT('Ctrl Pts',(45.,23.3003423288003,9.20920551756614));
#6557=CARTESIAN_POINT('Ctrl Pts',(46.,23.3003423288003,9.20920551756614));
#6558=CARTESIAN_POINT('Ctrl Pts',(45.,23.3846720959991,9.45593308714525));
#6559=CARTESIAN_POINT('Ctrl Pts',(46.,23.3846720959991,9.45593308714525));
#6560=CARTESIAN_POINT('',(45.,23.0954512860626,7.88158129957812));
#6561=CARTESIAN_POINT('Ctrl Pts',(45.,23.0954512860626,7.88158129957812));
#6562=CARTESIAN_POINT('Ctrl Pts',(45.,23.1058408339379,8.15995330552529));
#6563=CARTESIAN_POINT('Ctrl Pts',(45.,23.1259596403595,8.69900587721606));
#6564=CARTESIAN_POINT('Ctrl Pts',(45.,23.3003423288003,9.20920551756614));
#6565=CARTESIAN_POINT('Ctrl Pts',(45.,23.3846720959991,9.45593308714525));
#6566=CARTESIAN_POINT('',(45.,23.0954512860626,7.88158129957812));
#6567=CARTESIAN_POINT('Ctrl Pts',(45.,23.4146842267364,6.30722951201098));
#6568=CARTESIAN_POINT('Ctrl Pts',(46.,23.4146842267364,6.30722951201098));
#6569=CARTESIAN_POINT('Ctrl Pts',(45.,23.3216200070013,6.54981604698122));
#6570=CARTESIAN_POINT('Ctrl Pts',(46.,23.3216200070013,6.54981604698122));
#6571=CARTESIAN_POINT('Ctrl Pts',(45.,23.1272975118151,7.0563482127069));
#6572=CARTESIAN_POINT('Ctrl Pts',(46.,23.1272975118151,7.0563482127069));
#6573=CARTESIAN_POINT('Ctrl Pts',(45.,23.1063609737678,7.59887793209721));
#6574=CARTESIAN_POINT('Ctrl Pts',(46.,23.1063609737678,7.59887793209721));
#6575=CARTESIAN_POINT('Ctrl Pts',(45.,23.0954512860626,7.88158129957812));
#6576=CARTESIAN_POINT('Ctrl Pts',(46.,23.0954512860626,7.88158129957812));
#6577=CARTESIAN_POINT('',(45.,23.4146842267364,6.30722951201098));
#6578=CARTESIAN_POINT('Ctrl Pts',(45.,23.4146842267364,6.30722951201098));
#6579=CARTESIAN_POINT('Ctrl Pts',(45.,23.3216200070013,6.54981604698122));
#6580=CARTESIAN_POINT('Ctrl Pts',(45.,23.1272975118151,7.0563482127069));
#6581=CARTESIAN_POINT('Ctrl Pts',(45.,23.1063609737678,7.59887793209721));
#6582=CARTESIAN_POINT('Ctrl Pts',(45.,23.0954512860626,7.88158129957812));
#6583=CARTESIAN_POINT('',(45.,23.4146842267364,6.30722951201098));
#6584=CARTESIAN_POINT('Ctrl Pts',(45.,24.3150958325714,5.24038087633745));
#6585=CARTESIAN_POINT('Ctrl Pts',(46.,24.3150958325714,5.24038087633745));
#6586=CARTESIAN_POINT('Ctrl Pts',(45.,24.131177966195,5.38274025927714));
#6587=CARTESIAN_POINT('Ctrl Pts',(46.,24.131177966195,5.38274025927714));
#6588=CARTESIAN_POINT('Ctrl Pts',(45.,23.7550884584498,5.67384775909525));
#6589=CARTESIAN_POINT('Ctrl Pts',(46.,23.7550884584498,5.67384775909525));
#6590=CARTESIAN_POINT('Ctrl Pts',(45.,23.5298003842271,6.09303571878639));
#6591=CARTESIAN_POINT('Ctrl Pts',(46.,23.5298003842271,6.09303571878639));
#6592=CARTESIAN_POINT('Ctrl Pts',(45.,23.4146842267364,6.30722951201098));
#6593=CARTESIAN_POINT('Ctrl Pts',(46.,23.4146842267364,6.30722951201098));
#6594=CARTESIAN_POINT('',(45.,24.3150958325714,5.24038087633745));
#6595=CARTESIAN_POINT('Ctrl Pts',(45.,24.3150958325714,5.24038087633745));
#6596=CARTESIAN_POINT('Ctrl Pts',(45.,24.131177966195,5.38274025927714));
#6597=CARTESIAN_POINT('Ctrl Pts',(45.,23.7550884584498,5.67384775909525));
#6598=CARTESIAN_POINT('Ctrl Pts',(45.,23.5298003842271,6.09303571878639));
#6599=CARTESIAN_POINT('Ctrl Pts',(45.,23.4146842267364,6.30722951201098));
#6600=CARTESIAN_POINT('',(45.,24.3150958325714,5.24038087633745));
#6601=CARTESIAN_POINT('Ctrl Pts',(45.,25.5893143918365,4.85838960913317));
#6602=CARTESIAN_POINT('Ctrl Pts',(46.,25.5893143918365,4.85838960913317));
#6603=CARTESIAN_POINT('Ctrl Pts',(45.,25.3628703081572,4.87436479883139));
#6604=CARTESIAN_POINT('Ctrl Pts',(46.,25.3628703081572,4.87436479883139));
#6605=CARTESIAN_POINT('Ctrl Pts',(45.,24.9095606760117,4.90634491174887));
#6606=CARTESIAN_POINT('Ctrl Pts',(46.,24.9095606760117,4.90634491174887));
#6607=CARTESIAN_POINT('Ctrl Pts',(45.,24.5133735654191,5.12896656062296));
#6608=CARTESIAN_POINT('Ctrl Pts',(46.,24.5133735654191,5.12896656062296));
#6609=CARTESIAN_POINT('Ctrl Pts',(45.,24.3150958325714,5.24038087633745));
#6610=CARTESIAN_POINT('Ctrl Pts',(46.,24.3150958325714,5.24038087633745));
#6611=CARTESIAN_POINT('',(45.,25.5893143918365,4.85838960913317));
#6612=CARTESIAN_POINT('Ctrl Pts',(45.,25.5893143918365,4.85838960913317));
#6613=CARTESIAN_POINT('Ctrl Pts',(45.,25.3628703081572,4.87436479883139));
#6614=CARTESIAN_POINT('Ctrl Pts',(45.,24.9095606760117,4.90634491174887));
#6615=CARTESIAN_POINT('Ctrl Pts',(45.,24.5133735654191,5.12896656062296));
#6616=CARTESIAN_POINT('Ctrl Pts',(45.,24.3150958325714,5.24038087633745));
#6617=CARTESIAN_POINT('',(45.,25.5893143918365,4.85838960913317));
#6618=CARTESIAN_POINT('Ctrl Pts',(45.,27.2100505139679,5.72059940603868));
#6619=CARTESIAN_POINT('Ctrl Pts',(46.,27.2100505139679,5.72059940603868));
#6620=CARTESIAN_POINT('Ctrl Pts',(45.,27.0024024342902,5.46913390850327));
#6621=CARTESIAN_POINT('Ctrl Pts',(46.,27.0024024342902,5.46913390850327));
#6622=CARTESIAN_POINT('Ctrl Pts',(45.,26.5814828442712,4.95939283942708));
#6623=CARTESIAN_POINT('Ctrl Pts',(46.,26.5814828442712,4.95939283942708));
#6624=CARTESIAN_POINT('Ctrl Pts',(45.,25.9229697588758,4.89235588753395));
#6625=CARTESIAN_POINT('Ctrl Pts',(46.,25.9229697588758,4.89235588753395));
#6626=CARTESIAN_POINT('Ctrl Pts',(45.,25.5893143918365,4.85838960913317));
#6627=CARTESIAN_POINT('Ctrl Pts',(46.,25.5893143918365,4.85838960913317));
#6628=CARTESIAN_POINT('',(45.,27.2100505139679,5.72059940603868));
#6629=CARTESIAN_POINT('Ctrl Pts',(45.,27.2100505139679,5.72059940603868));
#6630=CARTESIAN_POINT('Ctrl Pts',(45.,27.0024024342902,5.46913390850327));
#6631=CARTESIAN_POINT('Ctrl Pts',(45.,26.5814828442712,4.95939283942708));
#6632=CARTESIAN_POINT('Ctrl Pts',(45.,25.9229697588758,4.89235588753395));
#6633=CARTESIAN_POINT('Ctrl Pts',(45.,25.5893143918365,4.85838960913317));
#6634=CARTESIAN_POINT('',(45.,27.2100505139679,5.72059940603868));
#6635=CARTESIAN_POINT('Origin',(45.,27.2100505139679,5.35497855452196));
#6636=CARTESIAN_POINT('',(45.,27.2100505139679,4.98935770300524));
#6637=CARTESIAN_POINT('',(45.,27.2100505139679,2.67748927726094));
#6638=CARTESIAN_POINT('',(45.,27.2100505139679,4.98935770300524));
#6639=CARTESIAN_POINT('Origin',(45.,27.6657113339752,4.98935770300524));
#6640=CARTESIAN_POINT('',(45.,-6.1671443330124,4.98935770300528));
#6641=CARTESIAN_POINT('Ctrl Pts',(45.,25.6384238507599,10.1025910308708));
#6642=CARTESIAN_POINT('Ctrl Pts',(46.,25.6384238507599,10.1025910308708));
#6643=CARTESIAN_POINT('Ctrl Pts',(45.,25.4279937485394,10.078914476144));
#6644=CARTESIAN_POINT('Ctrl Pts',(46.,25.4279937485394,10.078914476144));
#6645=CARTESIAN_POINT('Ctrl Pts',(45.,25.0002829281943,10.0307905692587));
#6646=CARTESIAN_POINT('Ctrl Pts',(46.,25.0002829281943,10.0307905692587));
#6647=CARTESIAN_POINT('Ctrl Pts',(45.,24.6979036265083,9.72377113357289));
#6648=CARTESIAN_POINT('Ctrl Pts',(46.,24.6979036265083,9.72377113357289));
#6649=CARTESIAN_POINT('Ctrl Pts',(45.,24.5442923810333,9.56780266073839));
#6650=CARTESIAN_POINT('Ctrl Pts',(46.,24.5442923810333,9.56780266073839));
#6651=CARTESIAN_POINT('',(45.,25.6384238507599,10.1025910308708));
#6652=CARTESIAN_POINT('',(45.,24.5442923810333,9.56780266073839));
#6653=CARTESIAN_POINT('Ctrl Pts',(45.,25.6384238507599,10.1025910308708));
#6654=CARTESIAN_POINT('Ctrl Pts',(45.,25.4279937485394,10.078914476144));
#6655=CARTESIAN_POINT('Ctrl Pts',(45.,25.0002829281943,10.0307905692587));
#6656=CARTESIAN_POINT('Ctrl Pts',(45.,24.6979036265083,9.72377113357289));
#6657=CARTESIAN_POINT('Ctrl Pts',(45.,24.5442923810333,9.56780266073839));
#6658=CARTESIAN_POINT('',(45.,25.6384238507599,10.1025910308708));
#6659=CARTESIAN_POINT('',(45.,24.5442923810333,9.56780266073839));
#6660=CARTESIAN_POINT('Ctrl Pts',(45.,26.7680320050567,9.54597424772875));
#6661=CARTESIAN_POINT('Ctrl Pts',(46.,26.7680320050567,9.54597424772875));
#6662=CARTESIAN_POINT('Ctrl Pts',(45.,26.608776788957,9.70830044433962));
#6663=CARTESIAN_POINT('Ctrl Pts',(46.,26.608776788957,9.70830044433962));
#6664=CARTESIAN_POINT('Ctrl Pts',(45.,26.2967365442456,10.0263578829217));
#6665=CARTESIAN_POINT('Ctrl Pts',(46.,26.2967365442456,10.0263578829217));
#6666=CARTESIAN_POINT('Ctrl Pts',(45.,25.8548069294823,10.0775336935034));
#6667=CARTESIAN_POINT('Ctrl Pts',(46.,25.8548069294823,10.0775336935034));
#6668=CARTESIAN_POINT('Ctrl Pts',(45.,25.6384238507599,10.1025910308708));
#6669=CARTESIAN_POINT('Ctrl Pts',(46.,25.6384238507599,10.1025910308708));
#6670=CARTESIAN_POINT('',(45.,26.7680320050567,9.54597424772875));
#6671=CARTESIAN_POINT('Ctrl Pts',(45.,26.7680320050567,9.54597424772875));
#6672=CARTESIAN_POINT('Ctrl Pts',(45.,26.608776788957,9.70830044433962));
#6673=CARTESIAN_POINT('Ctrl Pts',(45.,26.2967365442456,10.0263578829217));
#6674=CARTESIAN_POINT('Ctrl Pts',(45.,25.8548069294823,10.0775336935034));
#6675=CARTESIAN_POINT('Ctrl Pts',(45.,25.6384238507599,10.1025910308708));
#6676=CARTESIAN_POINT('',(45.,26.7680320050567,9.54597424772875));
#6677=CARTESIAN_POINT('Ctrl Pts',(45.,27.226420333609,7.79972624090807));
#6678=CARTESIAN_POINT('Ctrl Pts',(46.,27.226420333609,7.79972624090807));
#6679=CARTESIAN_POINT('Ctrl Pts',(45.,27.2198794221241,8.1526037000842));
#6680=CARTESIAN_POINT('Ctrl Pts',(46.,27.2198794221241,8.1526037000842));
#6681=CARTESIAN_POINT('Ctrl Pts',(45.,27.2083386080571,8.7752222990692));
#6682=CARTESIAN_POINT('Ctrl Pts',(46.,27.2083386080571,8.7752222990692));
#6683=CARTESIAN_POINT('Ctrl Pts',(45.,26.9011272129593,9.31299252510829));
#6684=CARTESIAN_POINT('Ctrl Pts',(46.,26.9011272129593,9.31299252510829));
#6685=CARTESIAN_POINT('Ctrl Pts',(45.,26.7680320050567,9.54597424772875));
#6686=CARTESIAN_POINT('Ctrl Pts',(46.,26.7680320050567,9.54597424772875));
#6687=CARTESIAN_POINT('',(45.,27.226420333609,7.79972624090807));
#6688=CARTESIAN_POINT('Ctrl Pts',(45.,27.226420333609,7.79972624090807));
#6689=CARTESIAN_POINT('Ctrl Pts',(45.,27.2198794221241,8.1526037000842));
#6690=CARTESIAN_POINT('Ctrl Pts',(45.,27.2083386080571,8.7752222990692));
#6691=CARTESIAN_POINT('Ctrl Pts',(45.,26.9011272129593,9.31299252510829));
#6692=CARTESIAN_POINT('Ctrl Pts',(45.,26.7680320050567,9.54597424772875));
#6693=CARTESIAN_POINT('',(45.,27.226420333609,7.79972624090807));
#6694=CARTESIAN_POINT('Ctrl Pts',(45.,26.7762145306915,6.19263183382647));
#6695=CARTESIAN_POINT('Ctrl Pts',(46.,26.7762145306915,6.19263183382647));
#6696=CARTESIAN_POINT('Ctrl Pts',(45.,26.9070439309926,6.40878237962297));
#6697=CARTESIAN_POINT('Ctrl Pts',(46.,26.9070439309926,6.40878237962297));
#6698=CARTESIAN_POINT('Ctrl Pts',(45.,27.2042816492051,6.89986538447553));
#6699=CARTESIAN_POINT('Ctrl Pts',(46.,27.2042816492051,6.89986538447553));
#6700=CARTESIAN_POINT('Ctrl Pts',(45.,27.2184744849542,7.47675500896333));
#6701=CARTESIAN_POINT('Ctrl Pts',(46.,27.2184744849542,7.47675500896333));
#6702=CARTESIAN_POINT('Ctrl Pts',(45.,27.226420333609,7.79972624090807));
#6703=CARTESIAN_POINT('Ctrl Pts',(46.,27.226420333609,7.79972624090807));
#6704=CARTESIAN_POINT('',(45.,26.7762145306915,6.19263183382647));
#6705=CARTESIAN_POINT('Ctrl Pts',(45.,26.7762145306915,6.19263183382647));
#6706=CARTESIAN_POINT('Ctrl Pts',(45.,26.9070439309926,6.40878237962297));
#6707=CARTESIAN_POINT('Ctrl Pts',(45.,27.2042816492051,6.89986538447553));
#6708=CARTESIAN_POINT('Ctrl Pts',(45.,27.2184744849542,7.47675500896333));
#6709=CARTESIAN_POINT('Ctrl Pts',(45.,27.226420333609,7.79972624090807));
#6710=CARTESIAN_POINT('',(45.,26.7762145306915,6.19263183382647));
#6711=CARTESIAN_POINT('Ctrl Pts',(45.,25.6820830609649,5.66602896956102));
#6712=CARTESIAN_POINT('Ctrl Pts',(46.,25.6820830609649,5.66602896956102));
#6713=CARTESIAN_POINT('Ctrl Pts',(45.,25.8901596299347,5.68976125994522));
#6714=CARTESIAN_POINT('Ctrl Pts',(46.,25.8901596299347,5.68976125994522));
#6715=CARTESIAN_POINT('Ctrl Pts',(45.,26.315262270185,5.73824658124527));
#6716=CARTESIAN_POINT('Ctrl Pts',(46.,26.315262270185,5.73824658124527));
#6717=CARTESIAN_POINT('Ctrl Pts',(45.,26.6204223096785,6.03905912411159));
#6718=CARTESIAN_POINT('Ctrl Pts',(46.,26.6204223096785,6.03905912411159));
#6719=CARTESIAN_POINT('Ctrl Pts',(45.,26.7762145306915,6.19263183382647));
#6720=CARTESIAN_POINT('Ctrl Pts',(46.,26.7762145306915,6.19263183382647));
#6721=CARTESIAN_POINT('',(45.,25.6820830609649,5.66602896956102));
#6722=CARTESIAN_POINT('Ctrl Pts',(45.,25.6820830609649,5.66602896956102));
#6723=CARTESIAN_POINT('Ctrl Pts',(45.,25.8901596299347,5.68976125994522));
#6724=CARTESIAN_POINT('Ctrl Pts',(45.,26.315262270185,5.73824658124527));
#6725=CARTESIAN_POINT('Ctrl Pts',(45.,26.6204223096785,6.03905912411159));
#6726=CARTESIAN_POINT('Ctrl Pts',(45.,26.7762145306915,6.19263183382647));
#6727=CARTESIAN_POINT('',(45.,25.6820830609649,5.66602896956102));
#6728=CARTESIAN_POINT('Ctrl Pts',(45.,24.5743045117706,6.21718835142748));
#6729=CARTESIAN_POINT('Ctrl Pts',(46.,24.5743045117706,6.21718835142748));
#6730=CARTESIAN_POINT('Ctrl Pts',(45.,24.7336788575553,6.05649593302972));
#6731=CARTESIAN_POINT('Ctrl Pts',(46.,24.7336788575553,6.05649593302972));
#6732=CARTESIAN_POINT('Ctrl Pts',(45.,25.0413218360511,5.74630865681438));
#6733=CARTESIAN_POINT('Ctrl Pts',(46.,25.0413218360511,5.74630865681438));
#6734=CARTESIAN_POINT('Ctrl Pts',(45.,25.4736988295111,5.69213701149489));
#6735=CARTESIAN_POINT('Ctrl Pts',(46.,25.4736988295111,5.69213701149489));
#6736=CARTESIAN_POINT('Ctrl Pts',(45.,25.6820830609649,5.66602896956102));
#6737=CARTESIAN_POINT('Ctrl Pts',(46.,25.6820830609649,5.66602896956102));
#6738=CARTESIAN_POINT('',(45.,24.5743045117706,6.21718835142748));
#6739=CARTESIAN_POINT('Ctrl Pts',(45.,24.5743045117706,6.21718835142748));
#6740=CARTESIAN_POINT('Ctrl Pts',(45.,24.7336788575553,6.05649593302972));
#6741=CARTESIAN_POINT('Ctrl Pts',(45.,25.0413218360511,5.74630865681438));
#6742=CARTESIAN_POINT('Ctrl Pts',(45.,25.4736988295111,5.69213701149489));
#6743=CARTESIAN_POINT('Ctrl Pts',(45.,25.6820830609649,5.66602896956102));
#6744=CARTESIAN_POINT('',(45.,24.5743045117706,6.21718835142748));
#6745=CARTESIAN_POINT('Ctrl Pts',(45.,24.1050013806671,7.88158129957812));
#6746=CARTESIAN_POINT('Ctrl Pts',(46.,24.1050013806671,7.88158129957812));
#6747=CARTESIAN_POINT('Ctrl Pts',(45.,24.1136963444383,7.54808847192557));
#6748=CARTESIAN_POINT('Ctrl Pts',(46.,24.1136963444383,7.54808847192557));
#6749=CARTESIAN_POINT('Ctrl Pts',(45.,24.1292786866895,6.95043222912114));
#6750=CARTESIAN_POINT('Ctrl Pts',(46.,24.1292786866895,6.95043222912114));
#6751=CARTESIAN_POINT('Ctrl Pts',(45.,24.4378959943982,6.44194094912302));
#6752=CARTESIAN_POINT('Ctrl Pts',(46.,24.4378959943982,6.44194094912302));
#6753=CARTESIAN_POINT('Ctrl Pts',(45.,24.5743045117706,6.21718835142748));
#6754=CARTESIAN_POINT('Ctrl Pts',(46.,24.5743045117706,6.21718835142748));
#6755=CARTESIAN_POINT('',(45.,24.1050013806671,7.88158129957812));
#6756=CARTESIAN_POINT('Ctrl Pts',(45.,24.1050013806671,7.88158129957812));
#6757=CARTESIAN_POINT('Ctrl Pts',(45.,24.1136963444383,7.54808847192557));
#6758=CARTESIAN_POINT('Ctrl Pts',(45.,24.1292786866895,6.95043222912114));
#6759=CARTESIAN_POINT('Ctrl Pts',(45.,24.4378959943982,6.44194094912302));
#6760=CARTESIAN_POINT('Ctrl Pts',(45.,24.5743045117706,6.21718835142748));
#6761=CARTESIAN_POINT('',(45.,24.1050013806671,7.88158129957812));
#6762=CARTESIAN_POINT('Ctrl Pts',(45.,24.5442923810333,9.56780266073839));
#6763=CARTESIAN_POINT('Ctrl Pts',(46.,24.5442923810333,9.56780266073839));
#6764=CARTESIAN_POINT('Ctrl Pts',(45.,24.4167597874607,9.34320478261136));
#6765=CARTESIAN_POINT('Ctrl Pts',(46.,24.4167597874607,9.34320478261136));
#6766=CARTESIAN_POINT('Ctrl Pts',(45.,24.1216774971432,8.82353483454856));
#6767=CARTESIAN_POINT('Ctrl Pts',(46.,24.1216774971432,8.82353483454856));
#6768=CARTESIAN_POINT('Ctrl Pts',(45.,24.111040907411,8.2227250889089));
#6769=CARTESIAN_POINT('Ctrl Pts',(46.,24.111040907411,8.2227250889089));
#6770=CARTESIAN_POINT('Ctrl Pts',(45.,24.1050013806671,7.88158129957812));
#6771=CARTESIAN_POINT('Ctrl Pts',(46.,24.1050013806671,7.88158129957812));
#6772=CARTESIAN_POINT('Ctrl Pts',(45.,24.5442923810333,9.56780266073839));
#6773=CARTESIAN_POINT('Ctrl Pts',(45.,24.4167597874607,9.34320478261136));
#6774=CARTESIAN_POINT('Ctrl Pts',(45.,24.1216774971432,8.82353483454856));
#6775=CARTESIAN_POINT('Ctrl Pts',(45.,24.111040907411,8.2227250889089));
#6776=CARTESIAN_POINT('Ctrl Pts',(45.,24.1050013806671,7.88158129957812));
#6777=CARTESIAN_POINT('Origin',(45.,-40.,0.));
#6778=CARTESIAN_POINT('Origin',(46.,-40.,0.));
#6779=CARTESIAN_POINT('',(46.,10.9151491429657,8.24174474981922));
#6780=CARTESIAN_POINT('',(46.,10.9151491429657,4.98935770300526));
#6781=CARTESIAN_POINT('',(46.,10.9151491429657,8.24174474981922));
#6782=CARTESIAN_POINT('',(46.,12.9669913556427,8.24174474981922));
#6783=CARTESIAN_POINT('',(46.,12.9669913556427,8.24174474981922));
#6784=CARTESIAN_POINT('',(46.,15.3135117795318,8.94842993525165));
#6785=CARTESIAN_POINT('Ctrl Pts',(46.,15.3135117795318,8.94842993525165));
#6786=CARTESIAN_POINT('Ctrl Pts',(46.,15.0192256620245,8.74356347429821));
#6787=CARTESIAN_POINT('Ctrl Pts',(46.,14.3212880254208,8.25769613271829));
#6788=CARTESIAN_POINT('Ctrl Pts',(46.,13.4632416184874,8.24758976009876));
#6789=CARTESIAN_POINT('Ctrl Pts',(46.,12.9669913556427,8.24174474981922));
#6790=CARTESIAN_POINT('',(46.,15.9629020001739,10.6755788257469));
#6791=CARTESIAN_POINT('Ctrl Pts',(46.,15.9629020001739,10.6755788257469));
#6792=CARTESIAN_POINT('Ctrl Pts',(46.,15.9377325999928,10.3505791305212));
#6793=CARTESIAN_POINT('Ctrl Pts',(46.,15.8882358782844,9.71145307451052));
#6794=CARTESIAN_POINT('Ctrl Pts',(46.,15.5029012700966,9.19986982431667));
#6795=CARTESIAN_POINT('Ctrl Pts',(46.,15.3135117795318,8.94842993525165));
#6796=CARTESIAN_POINT('',(46.,15.7200583722442,11.7669839790215));
#6797=CARTESIAN_POINT('Ctrl Pts',(46.,15.7200583722442,11.7669839790215));
#6798=CARTESIAN_POINT('Ctrl Pts',(46.,15.7908805673113,11.595541804259));
#6799=CARTESIAN_POINT('Ctrl Pts',(46.,15.9352736520317,11.2460035776951));
#6800=CARTESIAN_POINT('Ctrl Pts',(46.,15.9535764125014,10.8681182424174));
#6801=CARTESIAN_POINT('Ctrl Pts',(46.,15.9629020001739,10.6755788257469));
#6802=CARTESIAN_POINT('',(46.,15.0788602139801,12.53915321139));
#6803=CARTESIAN_POINT('Ctrl Pts',(46.,15.0788602139801,12.53915321139));
#6804=CARTESIAN_POINT('Ctrl Pts',(46.,15.2064607182894,12.4353895662599));
#6805=CARTESIAN_POINT('Ctrl Pts',(46.,15.4708131933601,12.2204203812951));
#6806=CARTESIAN_POINT('Ctrl Pts',(46.,15.6350810807449,11.92157793147));
#6807=CARTESIAN_POINT('Ctrl Pts',(46.,15.7200583722442,11.7669839790215));
#6808=CARTESIAN_POINT('',(46.,14.0911397244781,12.9129589727272));
#6809=CARTESIAN_POINT('Ctrl Pts',(46.,14.0911397244781,12.9129589727272));
#6810=CARTESIAN_POINT('Ctrl Pts',(46.,14.2755754765353,12.8755554937609));
#6811=CARTESIAN_POINT('Ctrl Pts',(46.,14.6254852731019,12.8045939607067));
#6812=CARTESIAN_POINT('Ctrl Pts',(46.,14.9332953375383,12.6243781464118));
#6813=CARTESIAN_POINT('Ctrl Pts',(46.,15.0788602139801,12.53915321139));
#6814=CARTESIAN_POINT('',(46.,12.8742226865143,12.9893578222145));
#6815=CARTESIAN_POINT('Ctrl Pts',(46.,12.8742226865143,12.9893578222145));
#6816=CARTESIAN_POINT('Ctrl Pts',(46.,13.1088095689902,12.9886278369863));
#6817=CARTESIAN_POINT('Ctrl Pts',(46.,13.5161224952,12.987360364499));
#6818=CARTESIAN_POINT('Ctrl Pts',(46.,13.9199090723348,12.9351144807447));
#6819=CARTESIAN_POINT('Ctrl Pts',(46.,14.0911397244781,12.9129589727272));
#6820=CARTESIAN_POINT('',(46.,9.85648720525207,12.9893578222145));
#6821=CARTESIAN_POINT('',(46.,9.85648720525207,12.9893578222145));
#6822=CARTESIAN_POINT('',(46.,9.85648720525206,4.98935770300526));
#6823=CARTESIAN_POINT('',(46.,9.85648720525206,4.98935770300526));
#6824=CARTESIAN_POINT('',(46.,10.9151491429657,4.98935770300526));
#6825=CARTESIAN_POINT('',(46.,12.9615339543671,12.0452923705925));
#6826=CARTESIAN_POINT('',(46.,10.9151491429657,12.0452923705925));
#6827=CARTESIAN_POINT('',(46.,12.9615339543671,12.0452923705925));
#6828=CARTESIAN_POINT('',(46.,13.9492568280548,11.9743509223809));
#6829=CARTESIAN_POINT('Ctrl Pts',(46.,13.9492568280548,11.9743509223809));
#6830=CARTESIAN_POINT('Ctrl Pts',(46.,13.8226092422419,11.9947980705325));
#6831=CARTESIAN_POINT('Ctrl Pts',(46.,13.4958208308461,12.0475577897106));
#6832=CARTESIAN_POINT('Ctrl Pts',(46.,13.1644693943699,12.0461528331001));
#6833=CARTESIAN_POINT('Ctrl Pts',(46.,12.9615339543671,12.0452923705925));
#6834=CARTESIAN_POINT('',(46.,14.6177419926971,11.5023178985466));
#6835=CARTESIAN_POINT('Ctrl Pts',(46.,14.6177419926971,11.5023178985466));
#6836=CARTESIAN_POINT('Ctrl Pts',(46.,14.5268048883389,11.6112463518706));
#6837=CARTESIAN_POINT('Ctrl Pts',(46.,14.345848870524,11.8280034091725));
#6838=CARTESIAN_POINT('Ctrl Pts',(46.,14.0810062285662,11.9257337161165));
#6839=CARTESIAN_POINT('Ctrl Pts',(46.,13.9492568280548,11.9743509223809));
#6840=CARTESIAN_POINT('',(46.,14.8714932706207,10.6428362062325));
#6841=CARTESIAN_POINT('Ctrl Pts',(46.,14.8714932706207,10.6428362062325));
#6842=CARTESIAN_POINT('Ctrl Pts',(46.,14.8625467133866,10.8018123238894));
#6843=CARTESIAN_POINT('Ctrl Pts',(46.,14.8452816250576,11.1086048298445));
#6844=CARTESIAN_POINT('Ctrl Pts',(46.,14.6917266574835,11.3743018289602));
#6845=CARTESIAN_POINT('Ctrl Pts',(46.,14.6177419926971,11.5023178985466));
#6846=CARTESIAN_POINT('',(46.,14.4403895642609,9.56780266073841));
#6847=CARTESIAN_POINT('Ctrl Pts',(46.,14.4403895642609,9.56780266073841));
#6848=CARTESIAN_POINT('Ctrl Pts',(46.,14.5660338131454,9.7136433803578));
#6849=CARTESIAN_POINT('Ctrl Pts',(46.,14.8313121740262,10.0215634594204));
#6850=CARTESIAN_POINT('Ctrl Pts',(46.,14.8576368149226,10.4285902293374));
#6851=CARTESIAN_POINT('Ctrl Pts',(46.,14.8714932706207,10.6428362062325));
#6852=CARTESIAN_POINT('',(46.,12.9833635594696,9.18581079748767));
#6853=CARTESIAN_POINT('Ctrl Pts',(46.,12.9833635594696,9.18581079748767));
#6854=CARTESIAN_POINT('Ctrl Pts',(46.,13.284051731207,9.18923334094281));
#6855=CARTESIAN_POINT('Ctrl Pts',(46.,13.8051207677542,9.19516434052421));
#6856=CARTESIAN_POINT('Ctrl Pts',(46.,14.2515688678057,9.45704351825316));
#6857=CARTESIAN_POINT('Ctrl Pts',(46.,14.4403895642609,9.56780266073841));
#6858=CARTESIAN_POINT('',(46.,10.9151491429657,9.18581079748768));
#6859=CARTESIAN_POINT('',(46.,10.9151491429657,9.18581079748768));
#6860=CARTESIAN_POINT('',(46.,10.9151491429657,12.0452923705925));
#6861=CARTESIAN_POINT('Origin',(45.,10.9151491429657,6.61555122641224));
#6862=CARTESIAN_POINT('',(45.,10.9151491429657,8.24174474981922));
#6863=CARTESIAN_POINT('',(45.,10.9151491429657,4.98935770300526));
#6864=CARTESIAN_POINT('',(45.,10.9151491429657,3.30777561320609));
#6865=CARTESIAN_POINT('',(45.,10.9151491429657,8.24174474981922));
#6866=CARTESIAN_POINT('',(45.,10.9151491429657,4.98935770300526));
#6867=CARTESIAN_POINT('Origin',(45.,11.9410702493042,8.24174474981922));
#6868=CARTESIAN_POINT('',(45.,12.9669913556427,8.24174474981922));
#6869=CARTESIAN_POINT('',(45.,-14.0294648753479,8.24174474981925));
#6870=CARTESIAN_POINT('',(45.,12.9669913556427,8.24174474981922));
#6871=CARTESIAN_POINT('Ctrl Pts',(45.,15.3135117795318,8.94842993525165));
#6872=CARTESIAN_POINT('Ctrl Pts',(46.,15.3135117795318,8.94842993525165));
#6873=CARTESIAN_POINT('Ctrl Pts',(45.,15.0192256620245,8.74356347429821));
#6874=CARTESIAN_POINT('Ctrl Pts',(46.,15.0192256620245,8.74356347429821));
#6875=CARTESIAN_POINT('Ctrl Pts',(45.,14.3212880254208,8.25769613271829));
#6876=CARTESIAN_POINT('Ctrl Pts',(46.,14.3212880254208,8.25769613271829));
#6877=CARTESIAN_POINT('Ctrl Pts',(45.,13.4632416184874,8.24758976009876));
#6878=CARTESIAN_POINT('Ctrl Pts',(46.,13.4632416184874,8.24758976009876));
#6879=CARTESIAN_POINT('Ctrl Pts',(45.,12.9669913556427,8.24174474981922));
#6880=CARTESIAN_POINT('Ctrl Pts',(46.,12.9669913556427,8.24174474981922));
#6881=CARTESIAN_POINT('',(45.,15.3135117795318,8.94842993525165));
#6882=CARTESIAN_POINT('Ctrl Pts',(45.,15.3135117795318,8.94842993525165));
#6883=CARTESIAN_POINT('Ctrl Pts',(45.,15.0192256620245,8.74356347429821));
#6884=CARTESIAN_POINT('Ctrl Pts',(45.,14.3212880254208,8.25769613271829));
#6885=CARTESIAN_POINT('Ctrl Pts',(45.,13.4632416184874,8.24758976009876));
#6886=CARTESIAN_POINT('Ctrl Pts',(45.,12.9669913556427,8.24174474981922));
#6887=CARTESIAN_POINT('',(45.,15.3135117795318,8.94842993525165));
#6888=CARTESIAN_POINT('Ctrl Pts',(45.,15.9629020001739,10.6755788257469));
#6889=CARTESIAN_POINT('Ctrl Pts',(46.,15.9629020001739,10.6755788257469));
#6890=CARTESIAN_POINT('Ctrl Pts',(45.,15.9377325999928,10.3505791305212));
#6891=CARTESIAN_POINT('Ctrl Pts',(46.,15.9377325999928,10.3505791305212));
#6892=CARTESIAN_POINT('Ctrl Pts',(45.,15.8882358782844,9.71145307451052));
#6893=CARTESIAN_POINT('Ctrl Pts',(46.,15.8882358782844,9.71145307451052));
#6894=CARTESIAN_POINT('Ctrl Pts',(45.,15.5029012700966,9.19986982431667));
#6895=CARTESIAN_POINT('Ctrl Pts',(46.,15.5029012700966,9.19986982431667));
#6896=CARTESIAN_POINT('Ctrl Pts',(45.,15.3135117795318,8.94842993525165));
#6897=CARTESIAN_POINT('Ctrl Pts',(46.,15.3135117795318,8.94842993525165));
#6898=CARTESIAN_POINT('',(45.,15.9629020001739,10.6755788257469));
#6899=CARTESIAN_POINT('Ctrl Pts',(45.,15.9629020001739,10.6755788257469));
#6900=CARTESIAN_POINT('Ctrl Pts',(45.,15.9377325999928,10.3505791305212));
#6901=CARTESIAN_POINT('Ctrl Pts',(45.,15.8882358782844,9.71145307451052));
#6902=CARTESIAN_POINT('Ctrl Pts',(45.,15.5029012700966,9.19986982431667));
#6903=CARTESIAN_POINT('Ctrl Pts',(45.,15.3135117795318,8.94842993525165));
#6904=CARTESIAN_POINT('',(45.,15.9629020001739,10.6755788257469));
#6905=CARTESIAN_POINT('Ctrl Pts',(45.,15.7200583722442,11.7669839790215));
#6906=CARTESIAN_POINT('Ctrl Pts',(46.,15.7200583722442,11.7669839790215));
#6907=CARTESIAN_POINT('Ctrl Pts',(45.,15.7908805673113,11.595541804259));
#6908=CARTESIAN_POINT('Ctrl Pts',(46.,15.7908805673113,11.595541804259));
#6909=CARTESIAN_POINT('Ctrl Pts',(45.,15.9352736520317,11.2460035776951));
#6910=CARTESIAN_POINT('Ctrl Pts',(46.,15.9352736520317,11.2460035776951));
#6911=CARTESIAN_POINT('Ctrl Pts',(45.,15.9535764125014,10.8681182424174));
#6912=CARTESIAN_POINT('Ctrl Pts',(46.,15.9535764125014,10.8681182424174));
#6913=CARTESIAN_POINT('Ctrl Pts',(45.,15.9629020001739,10.6755788257469));
#6914=CARTESIAN_POINT('Ctrl Pts',(46.,15.9629020001739,10.6755788257469));
#6915=CARTESIAN_POINT('',(45.,15.7200583722442,11.7669839790215));
#6916=CARTESIAN_POINT('Ctrl Pts',(45.,15.7200583722442,11.7669839790215));
#6917=CARTESIAN_POINT('Ctrl Pts',(45.,15.7908805673113,11.595541804259));
#6918=CARTESIAN_POINT('Ctrl Pts',(45.,15.9352736520317,11.2460035776951));
#6919=CARTESIAN_POINT('Ctrl Pts',(45.,15.9535764125014,10.8681182424174));
#6920=CARTESIAN_POINT('Ctrl Pts',(45.,15.9629020001739,10.6755788257469));
#6921=CARTESIAN_POINT('',(45.,15.7200583722442,11.7669839790215));
#6922=CARTESIAN_POINT('Ctrl Pts',(45.,15.0788602139801,12.53915321139));
#6923=CARTESIAN_POINT('Ctrl Pts',(46.,15.0788602139801,12.53915321139));
#6924=CARTESIAN_POINT('Ctrl Pts',(45.,15.2064607182894,12.4353895662599));
#6925=CARTESIAN_POINT('Ctrl Pts',(46.,15.2064607182894,12.4353895662599));
#6926=CARTESIAN_POINT('Ctrl Pts',(45.,15.4708131933601,12.2204203812951));
#6927=CARTESIAN_POINT('Ctrl Pts',(46.,15.4708131933601,12.2204203812951));
#6928=CARTESIAN_POINT('Ctrl Pts',(45.,15.6350810807449,11.92157793147));
#6929=CARTESIAN_POINT('Ctrl Pts',(46.,15.6350810807449,11.92157793147));
#6930=CARTESIAN_POINT('Ctrl Pts',(45.,15.7200583722442,11.7669839790215));
#6931=CARTESIAN_POINT('Ctrl Pts',(46.,15.7200583722442,11.7669839790215));
#6932=CARTESIAN_POINT('',(45.,15.0788602139801,12.53915321139));
#6933=CARTESIAN_POINT('Ctrl Pts',(45.,15.0788602139801,12.53915321139));
#6934=CARTESIAN_POINT('Ctrl Pts',(45.,15.2064607182894,12.4353895662599));
#6935=CARTESIAN_POINT('Ctrl Pts',(45.,15.4708131933601,12.2204203812951));
#6936=CARTESIAN_POINT('Ctrl Pts',(45.,15.6350810807449,11.92157793147));
#6937=CARTESIAN_POINT('Ctrl Pts',(45.,15.7200583722442,11.7669839790215));
#6938=CARTESIAN_POINT('',(45.,15.0788602139801,12.53915321139));
#6939=CARTESIAN_POINT('Ctrl Pts',(45.,14.0911397244781,12.9129589727272));
#6940=CARTESIAN_POINT('Ctrl Pts',(46.,14.0911397244781,12.9129589727272));
#6941=CARTESIAN_POINT('Ctrl Pts',(45.,14.2755754765353,12.8755554937609));
#6942=CARTESIAN_POINT('Ctrl Pts',(46.,14.2755754765353,12.8755554937609));
#6943=CARTESIAN_POINT('Ctrl Pts',(45.,14.6254852731019,12.8045939607067));
#6944=CARTESIAN_POINT('Ctrl Pts',(46.,14.6254852731019,12.8045939607067));
#6945=CARTESIAN_POINT('Ctrl Pts',(45.,14.9332953375383,12.6243781464118));
#6946=CARTESIAN_POINT('Ctrl Pts',(46.,14.9332953375383,12.6243781464118));
#6947=CARTESIAN_POINT('Ctrl Pts',(45.,15.0788602139801,12.53915321139));
#6948=CARTESIAN_POINT('Ctrl Pts',(46.,15.0788602139801,12.53915321139));
#6949=CARTESIAN_POINT('',(45.,14.0911397244781,12.9129589727272));
#6950=CARTESIAN_POINT('Ctrl Pts',(45.,14.0911397244781,12.9129589727272));
#6951=CARTESIAN_POINT('Ctrl Pts',(45.,14.2755754765353,12.8755554937609));
#6952=CARTESIAN_POINT('Ctrl Pts',(45.,14.6254852731019,12.8045939607067));
#6953=CARTESIAN_POINT('Ctrl Pts',(45.,14.9332953375383,12.6243781464118));
#6954=CARTESIAN_POINT('Ctrl Pts',(45.,15.0788602139801,12.53915321139));
#6955=CARTESIAN_POINT('',(45.,14.0911397244781,12.9129589727272));
#6956=CARTESIAN_POINT('Ctrl Pts',(45.,12.8742226865143,12.9893578222145));
#6957=CARTESIAN_POINT('Ctrl Pts',(46.,12.8742226865143,12.9893578222145));
#6958=CARTESIAN_POINT('Ctrl Pts',(45.,13.1088095689902,12.9886278369863));
#6959=CARTESIAN_POINT('Ctrl Pts',(46.,13.1088095689902,12.9886278369863));
#6960=CARTESIAN_POINT('Ctrl Pts',(45.,13.5161224952,12.987360364499));
#6961=CARTESIAN_POINT('Ctrl Pts',(46.,13.5161224952,12.987360364499));
#6962=CARTESIAN_POINT('Ctrl Pts',(45.,13.9199090723348,12.9351144807447));
#6963=CARTESIAN_POINT('Ctrl Pts',(46.,13.9199090723348,12.9351144807447));
#6964=CARTESIAN_POINT('Ctrl Pts',(45.,14.0911397244781,12.9129589727272));
#6965=CARTESIAN_POINT('Ctrl Pts',(46.,14.0911397244781,12.9129589727272));
#6966=CARTESIAN_POINT('',(45.,12.8742226865143,12.9893578222145));
#6967=CARTESIAN_POINT('Ctrl Pts',(45.,12.8742226865143,12.9893578222145));
#6968=CARTESIAN_POINT('Ctrl Pts',(45.,13.1088095689902,12.9886278369863));
#6969=CARTESIAN_POINT('Ctrl Pts',(45.,13.5161224952,12.987360364499));
#6970=CARTESIAN_POINT('Ctrl Pts',(45.,13.9199090723348,12.9351144807447));
#6971=CARTESIAN_POINT('Ctrl Pts',(45.,14.0911397244781,12.9129589727272));
#6972=CARTESIAN_POINT('',(45.,12.8742226865143,12.9893578222145));
#6973=CARTESIAN_POINT('Origin',(45.,11.3653549458832,12.9893578222145));
#6974=CARTESIAN_POINT('',(45.,9.85648720525207,12.9893578222145));
#6975=CARTESIAN_POINT('',(45.,-14.3173225270584,12.9893578222146));
#6976=CARTESIAN_POINT('',(45.,9.85648720525207,12.9893578222145));
#6977=CARTESIAN_POINT('Origin',(45.,9.85648720525206,8.9893577626099));
#6978=CARTESIAN_POINT('',(45.,9.85648720525206,4.98935770300526));
#6979=CARTESIAN_POINT('',(45.,9.85648720525205,4.49467888130492));
#6980=CARTESIAN_POINT('',(45.,9.85648720525206,4.98935770300526));
#6981=CARTESIAN_POINT('Origin',(45.,10.3858181741089,4.98935770300526));
#6982=CARTESIAN_POINT('',(45.,-14.8070909129456,4.98935770300529));
#6983=CARTESIAN_POINT('Origin',(45.,11.9383415486664,12.0452923705925));
#6984=CARTESIAN_POINT('',(45.,12.9615339543671,12.0452923705925));
#6985=CARTESIAN_POINT('',(45.,10.9151491429657,12.0452923705925));
#6986=CARTESIAN_POINT('',(45.,-14.0308292256668,12.0452923705926));
#6987=CARTESIAN_POINT('',(45.,12.9615339543671,12.0452923705925));
#6988=CARTESIAN_POINT('',(45.,10.9151491429657,12.0452923705925));
#6989=CARTESIAN_POINT('Ctrl Pts',(45.,13.9492568280548,11.9743509223809));
#6990=CARTESIAN_POINT('Ctrl Pts',(46.,13.9492568280548,11.9743509223809));
#6991=CARTESIAN_POINT('Ctrl Pts',(45.,13.8226092422419,11.9947980705325));
#6992=CARTESIAN_POINT('Ctrl Pts',(46.,13.8226092422419,11.9947980705325));
#6993=CARTESIAN_POINT('Ctrl Pts',(45.,13.4958208308461,12.0475577897106));
#6994=CARTESIAN_POINT('Ctrl Pts',(46.,13.4958208308461,12.0475577897106));
#6995=CARTESIAN_POINT('Ctrl Pts',(45.,13.1644693943699,12.0461528331001));
#6996=CARTESIAN_POINT('Ctrl Pts',(46.,13.1644693943699,12.0461528331001));
#6997=CARTESIAN_POINT('Ctrl Pts',(45.,12.9615339543671,12.0452923705925));
#6998=CARTESIAN_POINT('Ctrl Pts',(46.,12.9615339543671,12.0452923705925));
#6999=CARTESIAN_POINT('',(45.,13.9492568280548,11.9743509223809));
#7000=CARTESIAN_POINT('Ctrl Pts',(45.,13.9492568280548,11.9743509223809));
#7001=CARTESIAN_POINT('Ctrl Pts',(45.,13.8226092422419,11.9947980705325));
#7002=CARTESIAN_POINT('Ctrl Pts',(45.,13.4958208308461,12.0475577897106));
#7003=CARTESIAN_POINT('Ctrl Pts',(45.,13.1644693943699,12.0461528331001));
#7004=CARTESIAN_POINT('Ctrl Pts',(45.,12.9615339543671,12.0452923705925));
#7005=CARTESIAN_POINT('',(45.,13.9492568280548,11.9743509223809));
#7006=CARTESIAN_POINT('Ctrl Pts',(45.,14.6177419926971,11.5023178985466));
#7007=CARTESIAN_POINT('Ctrl Pts',(46.,14.6177419926971,11.5023178985466));
#7008=CARTESIAN_POINT('Ctrl Pts',(45.,14.5268048883389,11.6112463518706));
#7009=CARTESIAN_POINT('Ctrl Pts',(46.,14.5268048883389,11.6112463518706));
#7010=CARTESIAN_POINT('Ctrl Pts',(45.,14.345848870524,11.8280034091725));
#7011=CARTESIAN_POINT('Ctrl Pts',(46.,14.345848870524,11.8280034091725));
#7012=CARTESIAN_POINT('Ctrl Pts',(45.,14.0810062285662,11.9257337161165));
#7013=CARTESIAN_POINT('Ctrl Pts',(46.,14.0810062285662,11.9257337161165));
#7014=CARTESIAN_POINT('Ctrl Pts',(45.,13.9492568280548,11.9743509223809));
#7015=CARTESIAN_POINT('Ctrl Pts',(46.,13.9492568280548,11.9743509223809));
#7016=CARTESIAN_POINT('',(45.,14.6177419926971,11.5023178985466));
#7017=CARTESIAN_POINT('Ctrl Pts',(45.,14.6177419926971,11.5023178985466));
#7018=CARTESIAN_POINT('Ctrl Pts',(45.,14.5268048883389,11.6112463518706));
#7019=CARTESIAN_POINT('Ctrl Pts',(45.,14.345848870524,11.8280034091725));
#7020=CARTESIAN_POINT('Ctrl Pts',(45.,14.0810062285662,11.9257337161165));
#7021=CARTESIAN_POINT('Ctrl Pts',(45.,13.9492568280548,11.9743509223809));
#7022=CARTESIAN_POINT('',(45.,14.6177419926971,11.5023178985466));
#7023=CARTESIAN_POINT('Ctrl Pts',(45.,14.8714932706207,10.6428362062325));
#7024=CARTESIAN_POINT('Ctrl Pts',(46.,14.8714932706207,10.6428362062325));
#7025=CARTESIAN_POINT('Ctrl Pts',(45.,14.8625467133866,10.8018123238894));
#7026=CARTESIAN_POINT('Ctrl Pts',(46.,14.8625467133866,10.8018123238894));
#7027=CARTESIAN_POINT('Ctrl Pts',(45.,14.8452816250576,11.1086048298445));
#7028=CARTESIAN_POINT('Ctrl Pts',(46.,14.8452816250576,11.1086048298445));
#7029=CARTESIAN_POINT('Ctrl Pts',(45.,14.6917266574835,11.3743018289602));
#7030=CARTESIAN_POINT('Ctrl Pts',(46.,14.6917266574835,11.3743018289602));
#7031=CARTESIAN_POINT('Ctrl Pts',(45.,14.6177419926971,11.5023178985466));
#7032=CARTESIAN_POINT('Ctrl Pts',(46.,14.6177419926971,11.5023178985466));
#7033=CARTESIAN_POINT('',(45.,14.8714932706207,10.6428362062325));
#7034=CARTESIAN_POINT('Ctrl Pts',(45.,14.8714932706207,10.6428362062325));
#7035=CARTESIAN_POINT('Ctrl Pts',(45.,14.8625467133866,10.8018123238894));
#7036=CARTESIAN_POINT('Ctrl Pts',(45.,14.8452816250576,11.1086048298445));
#7037=CARTESIAN_POINT('Ctrl Pts',(45.,14.6917266574835,11.3743018289602));
#7038=CARTESIAN_POINT('Ctrl Pts',(45.,14.6177419926971,11.5023178985466));
#7039=CARTESIAN_POINT('',(45.,14.8714932706207,10.6428362062325));
#7040=CARTESIAN_POINT('Ctrl Pts',(45.,14.4403895642609,9.56780266073841));
#7041=CARTESIAN_POINT('Ctrl Pts',(46.,14.4403895642609,9.56780266073841));
#7042=CARTESIAN_POINT('Ctrl Pts',(45.,14.5660338131454,9.7136433803578));
#7043=CARTESIAN_POINT('Ctrl Pts',(46.,14.5660338131454,9.7136433803578));
#7044=CARTESIAN_POINT('Ctrl Pts',(45.,14.8313121740262,10.0215634594204));
#7045=CARTESIAN_POINT('Ctrl Pts',(46.,14.8313121740262,10.0215634594204));
#7046=CARTESIAN_POINT('Ctrl Pts',(45.,14.8576368149226,10.4285902293374));
#7047=CARTESIAN_POINT('Ctrl Pts',(46.,14.8576368149226,10.4285902293374));
#7048=CARTESIAN_POINT('Ctrl Pts',(45.,14.8714932706207,10.6428362062325));
#7049=CARTESIAN_POINT('Ctrl Pts',(46.,14.8714932706207,10.6428362062325));
#7050=CARTESIAN_POINT('',(45.,14.4403895642609,9.56780266073841));
#7051=CARTESIAN_POINT('Ctrl Pts',(45.,14.4403895642609,9.56780266073841));
#7052=CARTESIAN_POINT('Ctrl Pts',(45.,14.5660338131454,9.7136433803578));
#7053=CARTESIAN_POINT('Ctrl Pts',(45.,14.8313121740262,10.0215634594204));
#7054=CARTESIAN_POINT('Ctrl Pts',(45.,14.8576368149226,10.4285902293374));
#7055=CARTESIAN_POINT('Ctrl Pts',(45.,14.8714932706207,10.6428362062325));
#7056=CARTESIAN_POINT('',(45.,14.4403895642609,9.56780266073841));
#7057=CARTESIAN_POINT('Ctrl Pts',(45.,12.9833635594696,9.18581079748767));
#7058=CARTESIAN_POINT('Ctrl Pts',(46.,12.9833635594696,9.18581079748767));
#7059=CARTESIAN_POINT('Ctrl Pts',(45.,13.284051731207,9.18923334094281));
#7060=CARTESIAN_POINT('Ctrl Pts',(46.,13.284051731207,9.18923334094281));
#7061=CARTESIAN_POINT('Ctrl Pts',(45.,13.8051207677542,9.19516434052421));
#7062=CARTESIAN_POINT('Ctrl Pts',(46.,13.8051207677542,9.19516434052421));
#7063=CARTESIAN_POINT('Ctrl Pts',(45.,14.2515688678057,9.45704351825316));
#7064=CARTESIAN_POINT('Ctrl Pts',(46.,14.2515688678057,9.45704351825316));
#7065=CARTESIAN_POINT('Ctrl Pts',(45.,14.4403895642609,9.56780266073841));
#7066=CARTESIAN_POINT('Ctrl Pts',(46.,14.4403895642609,9.56780266073841));
#7067=CARTESIAN_POINT('',(45.,12.9833635594696,9.18581079748767));
#7068=CARTESIAN_POINT('Ctrl Pts',(45.,12.9833635594696,9.18581079748767));
#7069=CARTESIAN_POINT('Ctrl Pts',(45.,13.284051731207,9.18923334094281));
#7070=CARTESIAN_POINT('Ctrl Pts',(45.,13.8051207677542,9.19516434052421));
#7071=CARTESIAN_POINT('Ctrl Pts',(45.,14.2515688678057,9.45704351825316));
#7072=CARTESIAN_POINT('Ctrl Pts',(45.,14.4403895642609,9.56780266073841));
#7073=CARTESIAN_POINT('',(45.,12.9833635594696,9.18581079748767));
#7074=CARTESIAN_POINT('Origin',(45.,11.9492563512176,9.18581079748768));
#7075=CARTESIAN_POINT('',(45.,10.9151491429657,9.18581079748768));
#7076=CARTESIAN_POINT('',(45.,-14.0253718243912,9.18581079748771));
#7077=CARTESIAN_POINT('',(45.,10.9151491429657,9.18581079748768));
#7078=CARTESIAN_POINT('Origin',(45.,10.9151491429657,10.6155515840401));
#7079=CARTESIAN_POINT('',(45.,10.9151491429657,5.30777579202002));
#7080=CARTESIAN_POINT('Origin',(45.,-40.,0.));
#7081=CARTESIAN_POINT('Origin',(46.,-40.,0.));
#7082=CARTESIAN_POINT('',(46.,-12.7251222822815,7.41227697638175));
#7083=CARTESIAN_POINT('',(46.,-13.603703090921,4.98935770300528));
#7084=CARTESIAN_POINT('',(46.,-12.7251222822815,7.41227697638175));
#7085=CARTESIAN_POINT('',(46.,-9.37996537424623,7.41227697638174));
#7086=CARTESIAN_POINT('',(46.,-9.37996537424623,7.41227697638174));
#7087=CARTESIAN_POINT('',(46.,-8.44681412912905,4.98935770300528));
#7088=CARTESIAN_POINT('',(46.,-8.44681412912905,4.98935770300528));
#7089=CARTESIAN_POINT('',(46.,-7.24081070162355,4.98935770300528));
#7090=CARTESIAN_POINT('',(46.,-7.24081070162355,4.98935770300528));
#7091=CARTESIAN_POINT('',(46.,-10.5150261614471,12.9893578222146));
#7092=CARTESIAN_POINT('',(46.,-10.5150261614471,12.9893578222146));
#7093=CARTESIAN_POINT('',(46.,-11.6555443499237,12.9893578222146));
#7094=CARTESIAN_POINT('',(46.,-11.6555443499237,12.9893578222146));
#7095=CARTESIAN_POINT('',(46.,-14.7278502676636,4.98935770300529));
#7096=CARTESIAN_POINT('',(46.,-14.7278502676636,4.98935770300529));
#7097=CARTESIAN_POINT('',(46.,-13.603703090921,4.98935770300528));
#7098=CARTESIAN_POINT('',(46.,-11.1098423693329,12.1489758422723));
#7099=CARTESIAN_POINT('',(46.,-11.5409472677857,10.6210083892693));
#7100=CARTESIAN_POINT('Ctrl Pts',(46.,-11.1098423693329,12.1489758422723));
#7101=CARTESIAN_POINT('Ctrl Pts',(46.,-11.1663437494988,11.8920268210859));
#7102=CARTESIAN_POINT('Ctrl Pts',(46.,-11.2801905593374,11.3742903292111));
#7103=CARTESIAN_POINT('Ctrl Pts',(46.,-11.4535998183412,10.8733403678329));
#7104=CARTESIAN_POINT('Ctrl Pts',(46.,-11.5409472677857,10.6210083892693));
#7105=CARTESIAN_POINT('',(46.,-10.5423107836395,10.4900396993508));
#7106=CARTESIAN_POINT('Ctrl Pts',(46.,-10.5423107836395,10.4900396993508));
#7107=CARTESIAN_POINT('Ctrl Pts',(46.,-10.6567167990637,10.795372621473));
#7108=CARTESIAN_POINT('Ctrl Pts',(46.,-10.8618801408554,11.3429235734866));
#7109=CARTESIAN_POINT('Ctrl Pts',(46.,-11.033793646421,11.901763813175));
#7110=CARTESIAN_POINT('Ctrl Pts',(46.,-11.1098423693329,12.1489758422723));
#7111=CARTESIAN_POINT('',(46.,-9.7073856089264,8.27448736933371));
#7112=CARTESIAN_POINT('',(46.,-9.7073856089264,8.27448736933371));
#7113=CARTESIAN_POINT('',(46.,-12.4195280764252,8.27448736933371));
#7114=CARTESIAN_POINT('',(46.,-12.4195280764252,8.27448736933371));
#7115=CARTESIAN_POINT('',(46.,-11.5409472677857,10.6210083892693));
#7116=CARTESIAN_POINT('Origin',(45.,-13.1644126866013,6.20081733969352));
#7117=CARTESIAN_POINT('',(45.,-12.7251222822815,7.41227697638175));
#7118=CARTESIAN_POINT('',(45.,-13.603703090921,4.98935770300528));
#7119=CARTESIAN_POINT('',(45.,-15.7172668596534,-0.839354170068213));
#7120=CARTESIAN_POINT('',(45.,-12.7251222822815,7.41227697638175));
#7121=CARTESIAN_POINT('',(45.,-13.603703090921,4.98935770300528));
#7122=CARTESIAN_POINT('Origin',(45.,-11.0525438282639,7.41227697638175));
#7123=CARTESIAN_POINT('',(45.,-9.37996537424623,7.41227697638174));
#7124=CARTESIAN_POINT('',(45.,-25.5262719141319,7.41227697638176));
#7125=CARTESIAN_POINT('',(45.,-9.37996537424623,7.41227697638174));
#7126=CARTESIAN_POINT('Origin',(45.,-8.91338975168764,6.20081733969351));
#7127=CARTESIAN_POINT('',(45.,-8.44681412912905,4.98935770300528));
#7128=CARTESIAN_POINT('',(45.,-9.8812720602987,8.71391552411414));
#7129=CARTESIAN_POINT('',(45.,-8.44681412912905,4.98935770300528));
#7130=CARTESIAN_POINT('Origin',(45.,-7.8438124153763,4.98935770300528));
#7131=CARTESIAN_POINT('',(45.,-7.24081070162355,4.98935770300528));
#7132=CARTESIAN_POINT('',(45.,-23.9219062076881,4.9893577030053));
#7133=CARTESIAN_POINT('',(45.,-7.24081070162355,4.98935770300528));
#7134=CARTESIAN_POINT('Origin',(45.,-8.87791843153535,8.98935776260992));
#7135=CARTESIAN_POINT('',(45.,-10.5150261614471,12.9893578222146));
#7136=CARTESIAN_POINT('',(45.,-9.53489426143719,10.59456877637));
#7137=CARTESIAN_POINT('',(45.,-10.5150261614471,12.9893578222146));
#7138=CARTESIAN_POINT('Origin',(45.,-11.0852852556854,12.9893578222146));
#7139=CARTESIAN_POINT('',(45.,-11.6555443499237,12.9893578222146));
#7140=CARTESIAN_POINT('',(45.,-25.5426426278427,12.9893578222146));
#7141=CARTESIAN_POINT('',(45.,-11.6555443499237,12.9893578222146));
#7142=CARTESIAN_POINT('Origin',(45.,-13.1916973087936,8.98935776260993));
#7143=CARTESIAN_POINT('',(45.,-14.7278502676636,4.98935770300529));
#7144=CARTESIAN_POINT('',(45.,-16.4187926673484,0.586300272771968));
#7145=CARTESIAN_POINT('',(45.,-14.7278502676636,4.98935770300529));
#7146=CARTESIAN_POINT('Origin',(45.,-14.1657766792923,4.98935770300529));
#7147=CARTESIAN_POINT('',(45.,-27.0828883396462,4.9893577030053));
#7148=CARTESIAN_POINT('Ctrl Pts',(45.,-11.1098423693329,12.1489758422723));
#7149=CARTESIAN_POINT('Ctrl Pts',(46.,-11.1098423693329,12.1489758422723));
#7150=CARTESIAN_POINT('Ctrl Pts',(45.,-11.1663437494988,11.8920268210859));
#7151=CARTESIAN_POINT('Ctrl Pts',(46.,-11.1663437494988,11.8920268210859));
#7152=CARTESIAN_POINT('Ctrl Pts',(45.,-11.2801905593374,11.3742903292111));
#7153=CARTESIAN_POINT('Ctrl Pts',(46.,-11.2801905593374,11.3742903292111));
#7154=CARTESIAN_POINT('Ctrl Pts',(45.,-11.4535998183412,10.8733403678329));
#7155=CARTESIAN_POINT('Ctrl Pts',(46.,-11.4535998183412,10.8733403678329));
#7156=CARTESIAN_POINT('Ctrl Pts',(45.,-11.5409472677857,10.6210083892693));
#7157=CARTESIAN_POINT('Ctrl Pts',(46.,-11.5409472677857,10.6210083892693));
#7158=CARTESIAN_POINT('',(45.,-11.1098423693329,12.1489758422723));
#7159=CARTESIAN_POINT('',(45.,-11.5409472677857,10.6210083892693));
#7160=CARTESIAN_POINT('Ctrl Pts',(45.,-11.1098423693329,12.1489758422723));
#7161=CARTESIAN_POINT('Ctrl Pts',(45.,-11.1663437494988,11.8920268210859));
#7162=CARTESIAN_POINT('Ctrl Pts',(45.,-11.2801905593374,11.3742903292111));
#7163=CARTESIAN_POINT('Ctrl Pts',(45.,-11.4535998183412,10.8733403678329));
#7164=CARTESIAN_POINT('Ctrl Pts',(45.,-11.5409472677857,10.6210083892693));
#7165=CARTESIAN_POINT('',(45.,-11.1098423693329,12.1489758422723));
#7166=CARTESIAN_POINT('',(45.,-11.5409472677857,10.6210083892693));
#7167=CARTESIAN_POINT('Ctrl Pts',(45.,-10.5423107836395,10.4900396993508));
#7168=CARTESIAN_POINT('Ctrl Pts',(46.,-10.5423107836395,10.4900396993508));
#7169=CARTESIAN_POINT('Ctrl Pts',(45.,-10.6567167990637,10.795372621473));
#7170=CARTESIAN_POINT('Ctrl Pts',(46.,-10.6567167990637,10.795372621473));
#7171=CARTESIAN_POINT('Ctrl Pts',(45.,-10.8618801408554,11.3429235734866));
#7172=CARTESIAN_POINT('Ctrl Pts',(46.,-10.8618801408554,11.3429235734866));
#7173=CARTESIAN_POINT('Ctrl Pts',(45.,-11.033793646421,11.901763813175));
#7174=CARTESIAN_POINT('Ctrl Pts',(46.,-11.033793646421,11.901763813175));
#7175=CARTESIAN_POINT('Ctrl Pts',(45.,-11.1098423693329,12.1489758422723));
#7176=CARTESIAN_POINT('Ctrl Pts',(46.,-11.1098423693329,12.1489758422723));
#7177=CARTESIAN_POINT('',(45.,-10.5423107836395,10.4900396993508));
#7178=CARTESIAN_POINT('Ctrl Pts',(45.,-10.5423107836395,10.4900396993508));
#7179=CARTESIAN_POINT('Ctrl Pts',(45.,-10.6567167990637,10.795372621473));
#7180=CARTESIAN_POINT('Ctrl Pts',(45.,-10.8618801408554,11.3429235734866));
#7181=CARTESIAN_POINT('Ctrl Pts',(45.,-11.033793646421,11.901763813175));
#7182=CARTESIAN_POINT('Ctrl Pts',(45.,-11.1098423693329,12.1489758422723));
#7183=CARTESIAN_POINT('',(45.,-10.5423107836395,10.4900396993508));
#7184=CARTESIAN_POINT('Origin',(45.,-10.124848196283,9.38226353434226));
#7185=CARTESIAN_POINT('',(45.,-9.7073856089264,8.27448736933371));
#7186=CARTESIAN_POINT('',(45.,-10.43439226919,10.2036677903678));
#7187=CARTESIAN_POINT('',(45.,-9.7073856089264,8.27448736933371));
#7188=CARTESIAN_POINT('Origin',(45.,-11.0634568426758,8.27448736933371));
#7189=CARTESIAN_POINT('',(45.,-12.4195280764252,8.27448736933371));
#7190=CARTESIAN_POINT('',(45.,-25.5317284213379,8.27448736933373));
#7191=CARTESIAN_POINT('',(45.,-12.4195280764252,8.27448736933371));
#7192=CARTESIAN_POINT('Origin',(45.,-11.9802376721054,9.44774787930152));
#7193=CARTESIAN_POINT('',(45.,-15.2540273004863,0.704082979838794));
#7194=CARTESIAN_POINT('Origin',(45.,-40.,0.));
#7195=CARTESIAN_POINT('Origin',(46.,-40.,0.));
#7196=CARTESIAN_POINT('',(46.,22.2140321042389,4.98935770300524));
#7197=CARTESIAN_POINT('',(46.,21.1881121899933,4.98935770300524));
#7198=CARTESIAN_POINT('',(46.,22.2140321042389,4.98935770300524));
#7199=CARTESIAN_POINT('',(46.,21.9657382275909,5.68512868193285));
#7200=CARTESIAN_POINT('Ctrl Pts',(46.,21.9657382275909,5.68512868193285));
#7201=CARTESIAN_POINT('Ctrl Pts',(46.,21.9920386121594,5.56493919934308));
#7202=CARTESIAN_POINT('Ctrl Pts',(46.,22.0451029994344,5.32244155700214));
#7203=CARTESIAN_POINT('Ctrl Pts',(46.,22.1573953736316,5.10103046969798));
#7204=CARTESIAN_POINT('Ctrl Pts',(46.,22.2140321042389,4.98935770300524));
#7205=CARTESIAN_POINT('',(46.,21.9029816891998,7.41773437765734));
#7206=CARTESIAN_POINT('Ctrl Pts',(46.,21.9029816891998,7.41773437765734));
#7207=CARTESIAN_POINT('Ctrl Pts',(46.,21.900723384626,7.04472615839898));
#7208=CARTESIAN_POINT('Ctrl Pts',(46.,21.8972201189717,6.46608548323999));
#7209=CARTESIAN_POINT('Ctrl Pts',(46.,21.9477731253949,5.88989161291343));
#7210=CARTESIAN_POINT('Ctrl Pts',(46.,21.9657382275909,5.68512868193285));
#7211=CARTESIAN_POINT('',(46.,21.9029816891998,8.72742008474963));
#7212=CARTESIAN_POINT('',(46.,21.9029816891998,8.72742008474963));
#7213=CARTESIAN_POINT('',(46.,21.8538674619049,9.63328670767443));
#7214=CARTESIAN_POINT('Ctrl Pts',(46.,21.8538674619049,9.63328670767443));
#7215=CARTESIAN_POINT('Ctrl Pts',(46.,21.8680295103469,9.51607975878669));
#7216=CARTESIAN_POINT('Ctrl Pts',(46.,21.9043619453164,9.21538781680607));
#7217=CARTESIAN_POINT('Ctrl Pts',(46.,21.9035047547688,8.91234164845925));
#7218=CARTESIAN_POINT('Ctrl Pts',(46.,21.9029816891998,8.72742008474963));
#7219=CARTESIAN_POINT('',(46.,21.5482768323273,10.3017724683632));
#7220=CARTESIAN_POINT('Ctrl Pts',(46.,21.5482768323273,10.3017724683632));
#7221=CARTESIAN_POINT('Ctrl Pts',(46.,21.616193943648,10.2047727350923));
#7222=CARTESIAN_POINT('Ctrl Pts',(46.,21.758929160561,10.000917216215));
#7223=CARTESIAN_POINT('Ctrl Pts',(46.,21.8212175176388,9.75971740471086));
#7224=CARTESIAN_POINT('Ctrl Pts',(46.,21.8538674619049,9.63328670767443));
#7225=CARTESIAN_POINT('',(46.,20.8661469724029,10.741062872683));
#7226=CARTESIAN_POINT('Ctrl Pts',(46.,20.8661469724029,10.741062872683));
#7227=CARTESIAN_POINT('Ctrl Pts',(46.,21.006110922723,10.6841349383368));
#7228=CARTESIAN_POINT('Ctrl Pts',(46.,21.2616149310708,10.5802130686043));
#7229=CARTESIAN_POINT('Ctrl Pts',(46.,21.4590126836534,10.388476571796));
#7230=CARTESIAN_POINT('Ctrl Pts',(46.,21.5482768323273,10.3017724683632));
#7231=CARTESIAN_POINT('',(46.,19.6601447369903,10.9156877925743));
#7232=CARTESIAN_POINT('Ctrl Pts',(46.,19.6601447369903,10.9156877925743));
#7233=CARTESIAN_POINT('Ctrl Pts',(46.,19.8859929164214,10.9118847251111));
#7234=CARTESIAN_POINT('Ctrl Pts',(46.,20.2958942771962,10.9049823780023));
#7235=CARTESIAN_POINT('Ctrl Pts',(46.,20.6894384614312,10.7918578482222));
#7236=CARTESIAN_POINT('Ctrl Pts',(46.,20.8661469724029,10.741062872683));
#7237=CARTESIAN_POINT('',(46.,18.3449992444366,10.7110489538063));
#7238=CARTESIAN_POINT('Ctrl Pts',(46.,18.3449992444366,10.7110489538063));
#7239=CARTESIAN_POINT('Ctrl Pts',(46.,18.5478237355019,10.770686978575));
#7240=CARTESIAN_POINT('Ctrl Pts',(46.,18.9769068705067,10.8968535499729));
#7241=CARTESIAN_POINT('Ctrl Pts',(46.,19.4242548881733,10.9091852158616));
#7242=CARTESIAN_POINT('Ctrl Pts',(46.,19.6601447369903,10.9156877925743));
#7243=CARTESIAN_POINT('',(46.,17.4773368146271,10.1271475484719));
#7244=CARTESIAN_POINT('Ctrl Pts',(46.,17.4773368146271,10.1271475484719));
#7245=CARTESIAN_POINT('Ctrl Pts',(46.,17.5935009534975,10.2480148803559));
#7246=CARTESIAN_POINT('Ctrl Pts',(46.,17.840209672539,10.5047122132248));
#7247=CARTESIAN_POINT('Ctrl Pts',(46.,18.1703220636787,10.6396482709513));
#7248=CARTESIAN_POINT('Ctrl Pts',(46.,18.3449992444366,10.7110489538063));
#7249=CARTESIAN_POINT('',(46.,17.0462283398956,9.13124036101001));
#7250=CARTESIAN_POINT('Ctrl Pts',(46.,17.0462283398956,9.13124036101001));
#7251=CARTESIAN_POINT('Ctrl Pts',(46.,17.0930750369845,9.32183120132549));
#7252=CARTESIAN_POINT('Ctrl Pts',(46.,17.1807620441561,9.67857653066797));
#7253=CARTESIAN_POINT('Ctrl Pts',(46.,17.3830984391012,9.98461147246416));
#7254=CARTESIAN_POINT('Ctrl Pts',(46.,17.4773368146271,10.1271475484719));
#7255=CARTESIAN_POINT('',(46.,18.0066642072052,9.00027167109149));
#7256=CARTESIAN_POINT('',(46.,18.0066642072052,9.00027167109149));
#7257=CARTESIAN_POINT('',(46.,18.4950694348663,9.85975336340564));
#7258=CARTESIAN_POINT('Ctrl Pts',(46.,18.4950694348663,9.85975336340564));
#7259=CARTESIAN_POINT('Ctrl Pts',(46.,18.3899030412031,9.75327668904819));
#7260=CARTESIAN_POINT('Ctrl Pts',(46.,18.1514299695201,9.51183245280362));
#7261=CARTESIAN_POINT('Ctrl Pts',(46.,18.0585719372002,9.18369873636271));
#7262=CARTESIAN_POINT('Ctrl Pts',(46.,18.0066642072052,9.00027167109149));
#7263=CARTESIAN_POINT('',(46.,19.518261840567,10.1025910308708));
#7264=CARTESIAN_POINT('Ctrl Pts',(46.,19.518261840567,10.1025910308708));
#7265=CARTESIAN_POINT('Ctrl Pts',(46.,19.3130575726743,10.099396242349));
#7266=CARTESIAN_POINT('Ctrl Pts',(46.,18.9524024541511,10.0937812673543));
#7267=CARTESIAN_POINT('Ctrl Pts',(46.,18.6328179034333,9.93024244687765));
#7268=CARTESIAN_POINT('Ctrl Pts',(46.,18.4950694348663,9.85975336340564));
#7269=CARTESIAN_POINT('',(46.,20.636950423941,9.76971220282214));
#7270=CARTESIAN_POINT('Ctrl Pts',(46.,20.636950423941,9.76971220282214));
#7271=CARTESIAN_POINT('Ctrl Pts',(46.,20.4853031876041,9.86652027582003));
#7272=CARTESIAN_POINT('Ctrl Pts',(46.,20.1460751898052,10.0830755495402));
#7273=CARTESIAN_POINT('Ctrl Pts',(46.,19.7418072999693,10.0956421546725));
#7274=CARTESIAN_POINT('Ctrl Pts',(46.,19.518261840567,10.1025910308708));
#7275=CARTESIAN_POINT('',(46.,20.9152611996979,8.92387341765063));
#7276=CARTESIAN_POINT('Ctrl Pts',(46.,20.9152611996979,8.92387341765063));
#7277=CARTESIAN_POINT('Ctrl Pts',(46.,20.9113411559266,9.10136889121078));
#7278=CARTESIAN_POINT('Ctrl Pts',(46.,20.9044291878462,9.41433556180882));
#7279=CARTESIAN_POINT('Ctrl Pts',(46.,20.7177546355021,9.66235441162761));
#7280=CARTESIAN_POINT('Ctrl Pts',(46.,20.636950423941,9.76971220282214));
#7281=CARTESIAN_POINT('',(46.,20.9098014142364,8.66739343908923));
#7282=CARTESIAN_POINT('Ctrl Pts',(46.,20.9098014142364,8.66739343908923));
#7283=CARTESIAN_POINT('Ctrl Pts',(46.,20.9113419029125,8.72241498088663));
#7284=CARTESIAN_POINT('Ctrl Pts',(46.,20.91373521922,8.80789691612433));
#7285=CARTESIAN_POINT('Ctrl Pts',(46.,20.9148602937796,8.8934040463123));
#7286=CARTESIAN_POINT('Ctrl Pts',(46.,20.9152611996979,8.92387341765063));
#7287=CARTESIAN_POINT('',(46.,19.158097198233,8.32905720976489));
#7288=CARTESIAN_POINT('Ctrl Pts',(46.,19.158097198233,8.32905720976489));
#7289=CARTESIAN_POINT('Ctrl Pts',(46.,19.5043471873083,8.37097515844899));
#7290=CARTESIAN_POINT('Ctrl Pts',(46.,20.096544258643,8.44266811795889));
#7291=CARTESIAN_POINT('Ctrl Pts',(46.,20.6711572338922,8.60144948803403));
#7292=CARTESIAN_POINT('Ctrl Pts',(46.,20.9098014142364,8.66739343908923));
#7293=CARTESIAN_POINT('',(46.,18.284974982962,8.18171810415881));
#7294=CARTESIAN_POINT('Ctrl Pts',(46.,18.284974982962,8.18171810415881));
#7295=CARTESIAN_POINT('Ctrl Pts',(46.,18.4056594496909,8.20833565391327));
#7296=CARTESIAN_POINT('Ctrl Pts',(46.,18.6941728369506,8.27196869342833));
#7297=CARTESIAN_POINT('Ctrl Pts',(46.,18.9874798273849,8.30806177737147));
#7298=CARTESIAN_POINT('Ctrl Pts',(46.,19.158097198233,8.32905720976489));
#7299=CARTESIAN_POINT('',(46.,17.5782880093902,7.85975288656848));
#7300=CARTESIAN_POINT('Ctrl Pts',(46.,17.5782880093902,7.85975288656848));
#7301=CARTESIAN_POINT('Ctrl Pts',(46.,17.6873516600545,7.92669656122014));
#7302=CARTESIAN_POINT('Ctrl Pts',(46.,17.9096037974038,8.06311575022327));
#7303=CARTESIAN_POINT('Ctrl Pts',(46.,18.1583126367993,8.14169784424579));
#7304=CARTESIAN_POINT('Ctrl Pts',(46.,18.284974982962,8.18171810415881));
#7305=CARTESIAN_POINT('',(46.,17.0707854535431,7.29495119360583));
#7306=CARTESIAN_POINT('Ctrl Pts',(46.,17.0707854535431,7.29495119360583));
#7307=CARTESIAN_POINT('Ctrl Pts',(46.,17.1395502674382,7.40592444424655));
#7308=CARTESIAN_POINT('Ctrl Pts',(46.,17.2750338243481,7.62456897866769));
#7309=CARTESIAN_POINT('Ctrl Pts',(46.,17.4782261503139,7.78215152042039));
#7310=CARTESIAN_POINT('Ctrl Pts',(46.,17.5782880093902,7.85975288656848));
#7311=CARTESIAN_POINT('',(46.,16.8770608212799,6.51732515600818));
#7312=CARTESIAN_POINT('Ctrl Pts',(46.,16.8770608212799,6.51732515600818));
#7313=CARTESIAN_POINT('Ctrl Pts',(46.,16.8846334074633,6.65522164234877));
#7314=CARTESIAN_POINT('Ctrl Pts',(46.,16.8995528009794,6.92690319134333));
#7315=CARTESIAN_POINT('Ctrl Pts',(46.,17.0142866679624,7.17351252608605));
#7316=CARTESIAN_POINT('Ctrl Pts',(46.,17.0707854535431,7.29495119360583));
#7317=CARTESIAN_POINT('',(46.,17.3900183942169,5.32496463564532));
#7318=CARTESIAN_POINT('Ctrl Pts',(46.,17.3900183942169,5.32496463564532));
#7319=CARTESIAN_POINT('Ctrl Pts',(46.,17.2404134921741,5.4928260387275));
#7320=CARTESIAN_POINT('Ctrl Pts',(46.,16.9372624445081,5.83297104408612));
#7321=CARTESIAN_POINT('Ctrl Pts',(46.,16.8973012066879,6.28723848661092));
#7322=CARTESIAN_POINT('Ctrl Pts',(46.,16.8770608212799,6.51732515600818));
#7323=CARTESIAN_POINT('',(46.,18.8579615857452,4.85838960913318));
#7324=CARTESIAN_POINT('Ctrl Pts',(46.,18.8579615857452,4.85838960913318));
#7325=CARTESIAN_POINT('Ctrl Pts',(46.,18.567306892381,4.87002222304334));
#7326=CARTESIAN_POINT('Ctrl Pts',(46.,18.0328917603177,4.89141064387731));
#7327=CARTESIAN_POINT('Ctrl Pts',(46.,17.5913959491499,5.18915555193225));
#7328=CARTESIAN_POINT('Ctrl Pts',(46.,17.3900183942169,5.32496463564532));
#7329=CARTESIAN_POINT('',(46.,19.9411830212921,5.04938554075854));
#7330=CARTESIAN_POINT('Ctrl Pts',(46.,19.9411830212921,5.04938554075854));
#7331=CARTESIAN_POINT('Ctrl Pts',(46.,19.7682002577967,4.9936828802877));
#7332=CARTESIAN_POINT('Ctrl Pts',(46.,19.4159822796902,4.88026419018391));
#7333=CARTESIAN_POINT('Ctrl Pts',(46.,19.0461568213881,4.86576691965248));
#7334=CARTESIAN_POINT('Ctrl Pts',(46.,18.8579615857452,4.85838960913318));
#7335=CARTESIAN_POINT('',(46.,20.9916552808136,5.70422839430468));
#7336=CARTESIAN_POINT('Ctrl Pts',(46.,20.9916552808136,5.70422839430468));
#7337=CARTESIAN_POINT('Ctrl Pts',(46.,20.818455507403,5.56374764133212));
#7338=CARTESIAN_POINT('Ctrl Pts',(46.,20.4952654496067,5.30161113977425));
#7339=CARTESIAN_POINT('Ctrl Pts',(46.,20.1168179189989,5.12933685308751));
#7340=CARTESIAN_POINT('Ctrl Pts',(46.,19.9411830212921,5.04938554075854));
#7341=CARTESIAN_POINT('Ctrl Pts',(46.,21.1881121899933,4.98935770300524));
#7342=CARTESIAN_POINT('Ctrl Pts',(46.,21.1414321607352,5.09850974631772));
#7343=CARTESIAN_POINT('Ctrl Pts',(46.,21.0434123627399,5.32770971483392));
#7344=CARTESIAN_POINT('Ctrl Pts',(46.,21.0094458828804,5.57480660799276));
#7345=CARTESIAN_POINT('Ctrl Pts',(46.,20.9916552808136,5.70422839430468));
#7346=CARTESIAN_POINT('',(46.,20.751548698172,6.55552398470538));
#7347=CARTESIAN_POINT('',(46.,20.9098014142364,7.53778886107104));
#7348=CARTESIAN_POINT('Ctrl Pts',(46.,20.751548698172,6.55552398470538));
#7349=CARTESIAN_POINT('Ctrl Pts',(46.,20.7974703814824,6.69173582808245));
#7350=CARTESIAN_POINT('Ctrl Pts',(46.,20.9046154653717,7.0095471175057));
#7351=CARTESIAN_POINT('Ctrl Pts',(46.,20.9079156609392,7.34570566942766));
#7352=CARTESIAN_POINT('Ctrl Pts',(46.,20.9098014142364,7.53778886107104));
#7353=CARTESIAN_POINT('',(46.,20.1021632459015,5.87612461355822));
#7354=CARTESIAN_POINT('Ctrl Pts',(46.,20.1021632459015,5.87612461355822));
#7355=CARTESIAN_POINT('Ctrl Pts',(46.,20.2391669269597,5.96535626575178));
#7356=CARTESIAN_POINT('Ctrl Pts',(46.,20.5089739468188,6.14108385182449));
#7357=CARTESIAN_POINT('Ctrl Pts',(46.,20.6715340234485,6.41881852694509));
#7358=CARTESIAN_POINT('Ctrl Pts',(46.,20.751548698172,6.55552398470538));
#7359=CARTESIAN_POINT('',(46.,19.092613151297,5.62782954481738));
#7360=CARTESIAN_POINT('Ctrl Pts',(46.,19.092613151297,5.62782954481738));
#7361=CARTESIAN_POINT('Ctrl Pts',(46.,19.2742388973813,5.63689413141804));
#7362=CARTESIAN_POINT('Ctrl Pts',(46.,19.6270478575976,5.65450213822497));
#7363=CARTESIAN_POINT('Ctrl Pts',(46.,19.9469476086554,5.80372267797854));
#7364=CARTESIAN_POINT('Ctrl Pts',(46.,20.1021632459015,5.87612461355822));
#7365=CARTESIAN_POINT('',(46.,18.2222184445709,5.88976692465442));
#7366=CARTESIAN_POINT('Ctrl Pts',(46.,18.2222184445709,5.88976692465442));
#7367=CARTESIAN_POINT('Ctrl Pts',(46.,18.3408781822459,5.813567941062));
#7368=CARTESIAN_POINT('Ctrl Pts',(46.,18.6046531342868,5.64418122542887));
#7369=CARTESIAN_POINT('Ctrl Pts',(46.,18.9194360287149,5.63363276003781));
#7370=CARTESIAN_POINT('Ctrl Pts',(46.,19.092613151297,5.62782954481738));
#7371=CARTESIAN_POINT('',(46.,17.924810340628,6.54460977820056));
#7372=CARTESIAN_POINT('Ctrl Pts',(46.,17.924810340628,6.54460977820056));
#7373=CARTESIAN_POINT('Ctrl Pts',(46.,17.9373249622998,6.41899102113154));
#7374=CARTESIAN_POINT('Ctrl Pts',(46.,17.9624162023059,6.16713119943032));
#7375=CARTESIAN_POINT('Ctrl Pts',(46.,18.1354751629684,5.98237385207582));
#7376=CARTESIAN_POINT('Ctrl Pts',(46.,18.2222184445709,5.88976692465442));
#7377=CARTESIAN_POINT('',(46.,18.0612334515899,7.01118540075915));
#7378=CARTESIAN_POINT('Ctrl Pts',(46.,18.0612334515899,7.01118540075915));
#7379=CARTESIAN_POINT('Ctrl Pts',(46.,18.0214426348601,6.93895591986311));
#7380=CARTESIAN_POINT('Ctrl Pts',(46.,17.9413587093564,6.79358518252652));
#7381=CARTESIAN_POINT('Ctrl Pts',(46.,17.9303494804249,6.62794787594254));
#7382=CARTESIAN_POINT('Ctrl Pts',(46.,17.924810340628,6.54460977820056));
#7383=CARTESIAN_POINT('',(46.,18.4486827161163,7.33042191771167));
#7384=CARTESIAN_POINT('Ctrl Pts',(46.,18.4486827161163,7.33042191771167));
#7385=CARTESIAN_POINT('Ctrl Pts',(46.,18.3703519573034,7.29069730721385));
#7386=CARTESIAN_POINT('Ctrl Pts',(46.,18.2173041893619,7.21308076090214));
#7387=CARTESIAN_POINT('Ctrl Pts',(46.,18.1124316170342,7.07741608691207));
#7388=CARTESIAN_POINT('Ctrl Pts',(46.,18.0612334515899,7.01118540075915));
#7389=CARTESIAN_POINT('',(46.,19.3054351117462,7.52687465456622));
#7390=CARTESIAN_POINT('Ctrl Pts',(46.,19.3054351117462,7.52687465456622));
#7391=CARTESIAN_POINT('Ctrl Pts',(46.,19.1316295799589,7.50197568330271));
#7392=CARTESIAN_POINT('Ctrl Pts',(46.,18.8403115970111,7.46024215496577));
#7393=CARTESIAN_POINT('Ctrl Pts',(46.,18.5612508272443,7.36773688503606));
#7394=CARTESIAN_POINT('Ctrl Pts',(46.,18.4486827161163,7.33042191771167));
#7395=CARTESIAN_POINT('',(46.,20.9098014142364,7.89795231131213));
#7396=CARTESIAN_POINT('Ctrl Pts',(46.,20.9098014142364,7.89795231131213));
#7397=CARTESIAN_POINT('Ctrl Pts',(46.,20.6882911335689,7.82516656344513));
#7398=CARTESIAN_POINT('Ctrl Pts',(46.,20.1651026032979,7.65325278889498));
#7399=CARTESIAN_POINT('Ctrl Pts',(46.,19.6198410139111,7.57309488707244));
#7400=CARTESIAN_POINT('Ctrl Pts',(46.,19.3054351117462,7.52687465456622));
#7401=CARTESIAN_POINT('',(46.,20.9098014142364,7.53778886107104));
#7402=CARTESIAN_POINT('Origin',(45.,21.7010721471161,4.98935770300524));
#7403=CARTESIAN_POINT('',(45.,22.2140321042389,4.98935770300524));
#7404=CARTESIAN_POINT('',(45.,21.1881121899933,4.98935770300524));
#7405=CARTESIAN_POINT('',(45.,-9.14946392644196,4.98935770300528));
#7406=CARTESIAN_POINT('',(45.,22.2140321042389,4.98935770300524));
#7407=CARTESIAN_POINT('',(45.,21.1881121899933,4.98935770300524));
#7408=CARTESIAN_POINT('Ctrl Pts',(45.,21.9657382275909,5.68512868193285));
#7409=CARTESIAN_POINT('Ctrl Pts',(46.,21.9657382275909,5.68512868193285));
#7410=CARTESIAN_POINT('Ctrl Pts',(45.,21.9920386121594,5.56493919934308));
#7411=CARTESIAN_POINT('Ctrl Pts',(46.,21.9920386121594,5.56493919934308));
#7412=CARTESIAN_POINT('Ctrl Pts',(45.,22.0451029994344,5.32244155700214));
#7413=CARTESIAN_POINT('Ctrl Pts',(46.,22.0451029994344,5.32244155700214));
#7414=CARTESIAN_POINT('Ctrl Pts',(45.,22.1573953736316,5.10103046969798));
#7415=CARTESIAN_POINT('Ctrl Pts',(46.,22.1573953736316,5.10103046969798));
#7416=CARTESIAN_POINT('Ctrl Pts',(45.,22.2140321042389,4.98935770300524));
#7417=CARTESIAN_POINT('Ctrl Pts',(46.,22.2140321042389,4.98935770300524));
#7418=CARTESIAN_POINT('',(45.,21.9657382275909,5.68512868193285));
#7419=CARTESIAN_POINT('Ctrl Pts',(45.,21.9657382275909,5.68512868193285));
#7420=CARTESIAN_POINT('Ctrl Pts',(45.,21.9920386121594,5.56493919934308));
#7421=CARTESIAN_POINT('Ctrl Pts',(45.,22.0451029994344,5.32244155700214));
#7422=CARTESIAN_POINT('Ctrl Pts',(45.,22.1573953736316,5.10103046969798));
#7423=CARTESIAN_POINT('Ctrl Pts',(45.,22.2140321042389,4.98935770300524));
#7424=CARTESIAN_POINT('',(45.,21.9657382275909,5.68512868193285));
#7425=CARTESIAN_POINT('Ctrl Pts',(45.,21.9029816891998,7.41773437765734));
#7426=CARTESIAN_POINT('Ctrl Pts',(46.,21.9029816891998,7.41773437765734));
#7427=CARTESIAN_POINT('Ctrl Pts',(45.,21.900723384626,7.04472615839898));
#7428=CARTESIAN_POINT('Ctrl Pts',(46.,21.900723384626,7.04472615839898));
#7429=CARTESIAN_POINT('Ctrl Pts',(45.,21.8972201189717,6.46608548323999));
#7430=CARTESIAN_POINT('Ctrl Pts',(46.,21.8972201189717,6.46608548323999));
#7431=CARTESIAN_POINT('Ctrl Pts',(45.,21.9477731253949,5.88989161291343));
#7432=CARTESIAN_POINT('Ctrl Pts',(46.,21.9477731253949,5.88989161291343));
#7433=CARTESIAN_POINT('Ctrl Pts',(45.,21.9657382275909,5.68512868193285));
#7434=CARTESIAN_POINT('Ctrl Pts',(46.,21.9657382275909,5.68512868193285));
#7435=CARTESIAN_POINT('',(45.,21.9029816891998,7.41773437765734));
#7436=CARTESIAN_POINT('Ctrl Pts',(45.,21.9029816891998,7.41773437765734));
#7437=CARTESIAN_POINT('Ctrl Pts',(45.,21.900723384626,7.04472615839898));
#7438=CARTESIAN_POINT('Ctrl Pts',(45.,21.8972201189717,6.46608548323999));
#7439=CARTESIAN_POINT('Ctrl Pts',(45.,21.9477731253949,5.88989161291343));
#7440=CARTESIAN_POINT('Ctrl Pts',(45.,21.9657382275909,5.68512868193285));
#7441=CARTESIAN_POINT('',(45.,21.9029816891998,7.41773437765734));
#7442=CARTESIAN_POINT('Origin',(45.,21.9029816891998,8.07257723120349));
#7443=CARTESIAN_POINT('',(45.,21.9029816891998,8.72742008474963));
#7444=CARTESIAN_POINT('',(45.,21.9029816891998,4.03628861560171));
#7445=CARTESIAN_POINT('',(45.,21.9029816891998,8.72742008474963));
#7446=CARTESIAN_POINT('Ctrl Pts',(45.,21.8538674619049,9.63328670767443));
#7447=CARTESIAN_POINT('Ctrl Pts',(46.,21.8538674619049,9.63328670767443));
#7448=CARTESIAN_POINT('Ctrl Pts',(45.,21.8680295103469,9.51607975878669));
#7449=CARTESIAN_POINT('Ctrl Pts',(46.,21.8680295103469,9.51607975878669));
#7450=CARTESIAN_POINT('Ctrl Pts',(45.,21.9043619453164,9.21538781680607));
#7451=CARTESIAN_POINT('Ctrl Pts',(46.,21.9043619453164,9.21538781680607));
#7452=CARTESIAN_POINT('Ctrl Pts',(45.,21.9035047547688,8.91234164845925));
#7453=CARTESIAN_POINT('Ctrl Pts',(46.,21.9035047547688,8.91234164845925));
#7454=CARTESIAN_POINT('Ctrl Pts',(45.,21.9029816891998,8.72742008474963));
#7455=CARTESIAN_POINT('Ctrl Pts',(46.,21.9029816891998,8.72742008474963));
#7456=CARTESIAN_POINT('',(45.,21.8538674619049,9.63328670767443));
#7457=CARTESIAN_POINT('Ctrl Pts',(45.,21.8538674619049,9.63328670767443));
#7458=CARTESIAN_POINT('Ctrl Pts',(45.,21.8680295103469,9.51607975878669));
#7459=CARTESIAN_POINT('Ctrl Pts',(45.,21.9043619453164,9.21538781680607));
#7460=CARTESIAN_POINT('Ctrl Pts',(45.,21.9035047547688,8.91234164845925));
#7461=CARTESIAN_POINT('Ctrl Pts',(45.,21.9029816891998,8.72742008474963));
#7462=CARTESIAN_POINT('',(45.,21.8538674619049,9.63328670767443));
#7463=CARTESIAN_POINT('Ctrl Pts',(45.,21.5482768323273,10.3017724683632));
#7464=CARTESIAN_POINT('Ctrl Pts',(46.,21.5482768323273,10.3017724683632));
#7465=CARTESIAN_POINT('Ctrl Pts',(45.,21.616193943648,10.2047727350923));
#7466=CARTESIAN_POINT('Ctrl Pts',(46.,21.616193943648,10.2047727350923));
#7467=CARTESIAN_POINT('Ctrl Pts',(45.,21.758929160561,10.000917216215));
#7468=CARTESIAN_POINT('Ctrl Pts',(46.,21.758929160561,10.000917216215));
#7469=CARTESIAN_POINT('Ctrl Pts',(45.,21.8212175176388,9.75971740471086));
#7470=CARTESIAN_POINT('Ctrl Pts',(46.,21.8212175176388,9.75971740471086));
#7471=CARTESIAN_POINT('Ctrl Pts',(45.,21.8538674619049,9.63328670767443));
#7472=CARTESIAN_POINT('Ctrl Pts',(46.,21.8538674619049,9.63328670767443));
#7473=CARTESIAN_POINT('',(45.,21.5482768323273,10.3017724683632));
#7474=CARTESIAN_POINT('Ctrl Pts',(45.,21.5482768323273,10.3017724683632));
#7475=CARTESIAN_POINT('Ctrl Pts',(45.,21.616193943648,10.2047727350923));
#7476=CARTESIAN_POINT('Ctrl Pts',(45.,21.758929160561,10.000917216215));
#7477=CARTESIAN_POINT('Ctrl Pts',(45.,21.8212175176388,9.75971740471086));
#7478=CARTESIAN_POINT('Ctrl Pts',(45.,21.8538674619049,9.63328670767443));
#7479=CARTESIAN_POINT('',(45.,21.5482768323273,10.3017724683632));
#7480=CARTESIAN_POINT('Ctrl Pts',(45.,20.8661469724029,10.741062872683));
#7481=CARTESIAN_POINT('Ctrl Pts',(46.,20.8661469724029,10.741062872683));
#7482=CARTESIAN_POINT('Ctrl Pts',(45.,21.006110922723,10.6841349383368));
#7483=CARTESIAN_POINT('Ctrl Pts',(46.,21.006110922723,10.6841349383368));
#7484=CARTESIAN_POINT('Ctrl Pts',(45.,21.2616149310708,10.5802130686043));
#7485=CARTESIAN_POINT('Ctrl Pts',(46.,21.2616149310708,10.5802130686043));
#7486=CARTESIAN_POINT('Ctrl Pts',(45.,21.4590126836534,10.388476571796));
#7487=CARTESIAN_POINT('Ctrl Pts',(46.,21.4590126836534,10.388476571796));
#7488=CARTESIAN_POINT('Ctrl Pts',(45.,21.5482768323273,10.3017724683632));
#7489=CARTESIAN_POINT('Ctrl Pts',(46.,21.5482768323273,10.3017724683632));
#7490=CARTESIAN_POINT('',(45.,20.8661469724029,10.741062872683));
#7491=CARTESIAN_POINT('Ctrl Pts',(45.,20.8661469724029,10.741062872683));
#7492=CARTESIAN_POINT('Ctrl Pts',(45.,21.006110922723,10.6841349383368));
#7493=CARTESIAN_POINT('Ctrl Pts',(45.,21.2616149310708,10.5802130686043));
#7494=CARTESIAN_POINT('Ctrl Pts',(45.,21.4590126836534,10.388476571796));
#7495=CARTESIAN_POINT('Ctrl Pts',(45.,21.5482768323273,10.3017724683632));
#7496=CARTESIAN_POINT('',(45.,20.8661469724029,10.741062872683));
#7497=CARTESIAN_POINT('Ctrl Pts',(45.,19.6601447369903,10.9156877925743));
#7498=CARTESIAN_POINT('Ctrl Pts',(46.,19.6601447369903,10.9156877925743));
#7499=CARTESIAN_POINT('Ctrl Pts',(45.,19.8859929164214,10.9118847251111));
#7500=CARTESIAN_POINT('Ctrl Pts',(46.,19.8859929164214,10.9118847251111));
#7501=CARTESIAN_POINT('Ctrl Pts',(45.,20.2958942771962,10.9049823780023));
#7502=CARTESIAN_POINT('Ctrl Pts',(46.,20.2958942771962,10.9049823780023));
#7503=CARTESIAN_POINT('Ctrl Pts',(45.,20.6894384614312,10.7918578482222));
#7504=CARTESIAN_POINT('Ctrl Pts',(46.,20.6894384614312,10.7918578482222));
#7505=CARTESIAN_POINT('Ctrl Pts',(45.,20.8661469724029,10.741062872683));
#7506=CARTESIAN_POINT('Ctrl Pts',(46.,20.8661469724029,10.741062872683));
#7507=CARTESIAN_POINT('',(45.,19.6601447369903,10.9156877925743));
#7508=CARTESIAN_POINT('Ctrl Pts',(45.,19.6601447369903,10.9156877925743));
#7509=CARTESIAN_POINT('Ctrl Pts',(45.,19.8859929164214,10.9118847251111));
#7510=CARTESIAN_POINT('Ctrl Pts',(45.,20.2958942771962,10.9049823780023));
#7511=CARTESIAN_POINT('Ctrl Pts',(45.,20.6894384614312,10.7918578482222));
#7512=CARTESIAN_POINT('Ctrl Pts',(45.,20.8661469724029,10.741062872683));
#7513=CARTESIAN_POINT('',(45.,19.6601447369903,10.9156877925743));
#7514=CARTESIAN_POINT('Ctrl Pts',(45.,18.3449992444366,10.7110489538063));
#7515=CARTESIAN_POINT('Ctrl Pts',(46.,18.3449992444366,10.7110489538063));
#7516=CARTESIAN_POINT('Ctrl Pts',(45.,18.5478237355019,10.770686978575));
#7517=CARTESIAN_POINT('Ctrl Pts',(46.,18.5478237355019,10.770686978575));
#7518=CARTESIAN_POINT('Ctrl Pts',(45.,18.9769068705067,10.8968535499729));
#7519=CARTESIAN_POINT('Ctrl Pts',(46.,18.9769068705067,10.8968535499729));
#7520=CARTESIAN_POINT('Ctrl Pts',(45.,19.4242548881733,10.9091852158616));
#7521=CARTESIAN_POINT('Ctrl Pts',(46.,19.4242548881733,10.9091852158616));
#7522=CARTESIAN_POINT('Ctrl Pts',(45.,19.6601447369903,10.9156877925743));
#7523=CARTESIAN_POINT('Ctrl Pts',(46.,19.6601447369903,10.9156877925743));
#7524=CARTESIAN_POINT('',(45.,18.3449992444366,10.7110489538063));
#7525=CARTESIAN_POINT('Ctrl Pts',(45.,18.3449992444366,10.7110489538063));
#7526=CARTESIAN_POINT('Ctrl Pts',(45.,18.5478237355019,10.770686978575));
#7527=CARTESIAN_POINT('Ctrl Pts',(45.,18.9769068705067,10.8968535499729));
#7528=CARTESIAN_POINT('Ctrl Pts',(45.,19.4242548881733,10.9091852158616));
#7529=CARTESIAN_POINT('Ctrl Pts',(45.,19.6601447369903,10.9156877925743));
#7530=CARTESIAN_POINT('',(45.,18.3449992444366,10.7110489538063));
#7531=CARTESIAN_POINT('Ctrl Pts',(45.,17.4773368146271,10.1271475484719));
#7532=CARTESIAN_POINT('Ctrl Pts',(46.,17.4773368146271,10.1271475484719));
#7533=CARTESIAN_POINT('Ctrl Pts',(45.,17.5935009534975,10.2480148803559));
#7534=CARTESIAN_POINT('Ctrl Pts',(46.,17.5935009534975,10.2480148803559));
#7535=CARTESIAN_POINT('Ctrl Pts',(45.,17.840209672539,10.5047122132248));
#7536=CARTESIAN_POINT('Ctrl Pts',(46.,17.840209672539,10.5047122132248));
#7537=CARTESIAN_POINT('Ctrl Pts',(45.,18.1703220636787,10.6396482709513));
#7538=CARTESIAN_POINT('Ctrl Pts',(46.,18.1703220636787,10.6396482709513));
#7539=CARTESIAN_POINT('Ctrl Pts',(45.,18.3449992444366,10.7110489538063));
#7540=CARTESIAN_POINT('Ctrl Pts',(46.,18.3449992444366,10.7110489538063));
#7541=CARTESIAN_POINT('',(45.,17.4773368146271,10.1271475484719));
#7542=CARTESIAN_POINT('Ctrl Pts',(45.,17.4773368146271,10.1271475484719));
#7543=CARTESIAN_POINT('Ctrl Pts',(45.,17.5935009534975,10.2480148803559));
#7544=CARTESIAN_POINT('Ctrl Pts',(45.,17.840209672539,10.5047122132248));
#7545=CARTESIAN_POINT('Ctrl Pts',(45.,18.1703220636787,10.6396482709513));
#7546=CARTESIAN_POINT('Ctrl Pts',(45.,18.3449992444366,10.7110489538063));
#7547=CARTESIAN_POINT('',(45.,17.4773368146271,10.1271475484719));
#7548=CARTESIAN_POINT('Ctrl Pts',(45.,17.0462283398956,9.13124036101001));
#7549=CARTESIAN_POINT('Ctrl Pts',(46.,17.0462283398956,9.13124036101001));
#7550=CARTESIAN_POINT('Ctrl Pts',(45.,17.0930750369845,9.32183120132549));
#7551=CARTESIAN_POINT('Ctrl Pts',(46.,17.0930750369845,9.32183120132549));
#7552=CARTESIAN_POINT('Ctrl Pts',(45.,17.1807620441561,9.67857653066797));
#7553=CARTESIAN_POINT('Ctrl Pts',(46.,17.1807620441561,9.67857653066797));
#7554=CARTESIAN_POINT('Ctrl Pts',(45.,17.3830984391012,9.98461147246416));
#7555=CARTESIAN_POINT('Ctrl Pts',(46.,17.3830984391012,9.98461147246416));
#7556=CARTESIAN_POINT('Ctrl Pts',(45.,17.4773368146271,10.1271475484719));
#7557=CARTESIAN_POINT('Ctrl Pts',(46.,17.4773368146271,10.1271475484719));
#7558=CARTESIAN_POINT('',(45.,17.0462283398956,9.13124036101001));
#7559=CARTESIAN_POINT('Ctrl Pts',(45.,17.0462283398956,9.13124036101001));
#7560=CARTESIAN_POINT('Ctrl Pts',(45.,17.0930750369845,9.32183120132549));
#7561=CARTESIAN_POINT('Ctrl Pts',(45.,17.1807620441561,9.67857653066797));
#7562=CARTESIAN_POINT('Ctrl Pts',(45.,17.3830984391012,9.98461147246416));
#7563=CARTESIAN_POINT('Ctrl Pts',(45.,17.4773368146271,10.1271475484719));
#7564=CARTESIAN_POINT('',(45.,17.0462283398956,9.13124036101001));
#7565=CARTESIAN_POINT('Origin',(45.,17.5264462735504,9.06575601605075));
#7566=CARTESIAN_POINT('',(45.,18.0066642072052,9.00027167109149));
#7567=CARTESIAN_POINT('',(45.,-10.104849996251,12.833664729564));
#7568=CARTESIAN_POINT('',(45.,18.0066642072052,9.00027167109149));
#7569=CARTESIAN_POINT('Ctrl Pts',(45.,18.4950694348663,9.85975336340564));
#7570=CARTESIAN_POINT('Ctrl Pts',(46.,18.4950694348663,9.85975336340564));
#7571=CARTESIAN_POINT('Ctrl Pts',(45.,18.3899030412031,9.75327668904819));
#7572=CARTESIAN_POINT('Ctrl Pts',(46.,18.3899030412031,9.75327668904819));
#7573=CARTESIAN_POINT('Ctrl Pts',(45.,18.1514299695201,9.51183245280362));
#7574=CARTESIAN_POINT('Ctrl Pts',(46.,18.1514299695201,9.51183245280362));
#7575=CARTESIAN_POINT('Ctrl Pts',(45.,18.0585719372002,9.18369873636271));
#7576=CARTESIAN_POINT('Ctrl Pts',(46.,18.0585719372002,9.18369873636271));
#7577=CARTESIAN_POINT('Ctrl Pts',(45.,18.0066642072052,9.00027167109149));
#7578=CARTESIAN_POINT('Ctrl Pts',(46.,18.0066642072052,9.00027167109149));
#7579=CARTESIAN_POINT('',(45.,18.4950694348663,9.85975336340564));
#7580=CARTESIAN_POINT('Ctrl Pts',(45.,18.4950694348663,9.85975336340564));
#7581=CARTESIAN_POINT('Ctrl Pts',(45.,18.3899030412031,9.75327668904819));
#7582=CARTESIAN_POINT('Ctrl Pts',(45.,18.1514299695201,9.51183245280362));
#7583=CARTESIAN_POINT('Ctrl Pts',(45.,18.0585719372002,9.18369873636271));
#7584=CARTESIAN_POINT('Ctrl Pts',(45.,18.0066642072052,9.00027167109149));
#7585=CARTESIAN_POINT('',(45.,18.4950694348663,9.85975336340564));
#7586=CARTESIAN_POINT('Ctrl Pts',(45.,19.518261840567,10.1025910308708));
#7587=CARTESIAN_POINT('Ctrl Pts',(46.,19.518261840567,10.1025910308708));
#7588=CARTESIAN_POINT('Ctrl Pts',(45.,19.3130575726743,10.099396242349));
#7589=CARTESIAN_POINT('Ctrl Pts',(46.,19.3130575726743,10.099396242349));
#7590=CARTESIAN_POINT('Ctrl Pts',(45.,18.9524024541511,10.0937812673543));
#7591=CARTESIAN_POINT('Ctrl Pts',(46.,18.9524024541511,10.0937812673543));
#7592=CARTESIAN_POINT('Ctrl Pts',(45.,18.6328179034333,9.93024244687765));
#7593=CARTESIAN_POINT('Ctrl Pts',(46.,18.6328179034333,9.93024244687765));
#7594=CARTESIAN_POINT('Ctrl Pts',(45.,18.4950694348663,9.85975336340564));
#7595=CARTESIAN_POINT('Ctrl Pts',(46.,18.4950694348663,9.85975336340564));
#7596=CARTESIAN_POINT('',(45.,19.518261840567,10.1025910308708));
#7597=CARTESIAN_POINT('Ctrl Pts',(45.,19.518261840567,10.1025910308708));
#7598=CARTESIAN_POINT('Ctrl Pts',(45.,19.3130575726743,10.099396242349));
#7599=CARTESIAN_POINT('Ctrl Pts',(45.,18.9524024541511,10.0937812673543));
#7600=CARTESIAN_POINT('Ctrl Pts',(45.,18.6328179034333,9.93024244687765));
#7601=CARTESIAN_POINT('Ctrl Pts',(45.,18.4950694348663,9.85975336340564));
#7602=CARTESIAN_POINT('',(45.,19.518261840567,10.1025910308708));
#7603=CARTESIAN_POINT('Ctrl Pts',(45.,20.636950423941,9.76971220282214));
#7604=CARTESIAN_POINT('Ctrl Pts',(46.,20.636950423941,9.76971220282214));
#7605=CARTESIAN_POINT('Ctrl Pts',(45.,20.4853031876041,9.86652027582003));
#7606=CARTESIAN_POINT('Ctrl Pts',(46.,20.4853031876041,9.86652027582003));
#7607=CARTESIAN_POINT('Ctrl Pts',(45.,20.1460751898052,10.0830755495402));
#7608=CARTESIAN_POINT('Ctrl Pts',(46.,20.1460751898052,10.0830755495402));
#7609=CARTESIAN_POINT('Ctrl Pts',(45.,19.7418072999693,10.0956421546725));
#7610=CARTESIAN_POINT('Ctrl Pts',(46.,19.7418072999693,10.0956421546725));
#7611=CARTESIAN_POINT('Ctrl Pts',(45.,19.518261840567,10.1025910308708));
#7612=CARTESIAN_POINT('Ctrl Pts',(46.,19.518261840567,10.1025910308708));
#7613=CARTESIAN_POINT('',(45.,20.636950423941,9.76971220282214));
#7614=CARTESIAN_POINT('Ctrl Pts',(45.,20.636950423941,9.76971220282214));
#7615=CARTESIAN_POINT('Ctrl Pts',(45.,20.4853031876041,9.86652027582003));
#7616=CARTESIAN_POINT('Ctrl Pts',(45.,20.1460751898052,10.0830755495402));
#7617=CARTESIAN_POINT('Ctrl Pts',(45.,19.7418072999693,10.0956421546725));
#7618=CARTESIAN_POINT('Ctrl Pts',(45.,19.518261840567,10.1025910308708));
#7619=CARTESIAN_POINT('',(45.,20.636950423941,9.76971220282214));
#7620=CARTESIAN_POINT('Ctrl Pts',(45.,20.9152611996979,8.92387341765063));
#7621=CARTESIAN_POINT('Ctrl Pts',(46.,20.9152611996979,8.92387341765063));
#7622=CARTESIAN_POINT('Ctrl Pts',(45.,20.9113411559266,9.10136889121078));
#7623=CARTESIAN_POINT('Ctrl Pts',(46.,20.9113411559266,9.10136889121078));
#7624=CARTESIAN_POINT('Ctrl Pts',(45.,20.9044291878462,9.41433556180882));
#7625=CARTESIAN_POINT('Ctrl Pts',(46.,20.9044291878462,9.41433556180882));
#7626=CARTESIAN_POINT('Ctrl Pts',(45.,20.7177546355021,9.66235441162761));
#7627=CARTESIAN_POINT('Ctrl Pts',(46.,20.7177546355021,9.66235441162761));
#7628=CARTESIAN_POINT('Ctrl Pts',(45.,20.636950423941,9.76971220282214));
#7629=CARTESIAN_POINT('Ctrl Pts',(46.,20.636950423941,9.76971220282214));
#7630=CARTESIAN_POINT('',(45.,20.9152611996979,8.92387341765063));
#7631=CARTESIAN_POINT('Ctrl Pts',(45.,20.9152611996979,8.92387341765063));
#7632=CARTESIAN_POINT('Ctrl Pts',(45.,20.9113411559266,9.10136889121078));
#7633=CARTESIAN_POINT('Ctrl Pts',(45.,20.9044291878462,9.41433556180882));
#7634=CARTESIAN_POINT('Ctrl Pts',(45.,20.7177546355021,9.66235441162761));
#7635=CARTESIAN_POINT('Ctrl Pts',(45.,20.636950423941,9.76971220282214));
#7636=CARTESIAN_POINT('',(45.,20.9152611996979,8.92387341765063));
#7637=CARTESIAN_POINT('Ctrl Pts',(45.,20.9098014142364,8.66739343908923));
#7638=CARTESIAN_POINT('Ctrl Pts',(46.,20.9098014142364,8.66739343908923));
#7639=CARTESIAN_POINT('Ctrl Pts',(45.,20.9113419029125,8.72241498088663));
#7640=CARTESIAN_POINT('Ctrl Pts',(46.,20.9113419029125,8.72241498088663));
#7641=CARTESIAN_POINT('Ctrl Pts',(45.,20.91373521922,8.80789691612433));
#7642=CARTESIAN_POINT('Ctrl Pts',(46.,20.91373521922,8.80789691612433));
#7643=CARTESIAN_POINT('Ctrl Pts',(45.,20.9148602937796,8.8934040463123));
#7644=CARTESIAN_POINT('Ctrl Pts',(46.,20.9148602937796,8.8934040463123));
#7645=CARTESIAN_POINT('Ctrl Pts',(45.,20.9152611996979,8.92387341765063));
#7646=CARTESIAN_POINT('Ctrl Pts',(46.,20.9152611996979,8.92387341765063));
#7647=CARTESIAN_POINT('',(45.,20.9098014142364,8.66739343908923));
#7648=CARTESIAN_POINT('Ctrl Pts',(45.,20.9098014142364,8.66739343908923));
#7649=CARTESIAN_POINT('Ctrl Pts',(45.,20.9113419029125,8.72241498088663));
#7650=CARTESIAN_POINT('Ctrl Pts',(45.,20.91373521922,8.80789691612433));
#7651=CARTESIAN_POINT('Ctrl Pts',(45.,20.9148602937796,8.8934040463123));
#7652=CARTESIAN_POINT('Ctrl Pts',(45.,20.9152611996979,8.92387341765063));
#7653=CARTESIAN_POINT('',(45.,20.9098014142364,8.66739343908923));
#7654=CARTESIAN_POINT('Ctrl Pts',(45.,19.158097198233,8.32905720976489));
#7655=CARTESIAN_POINT('Ctrl Pts',(46.,19.158097198233,8.32905720976489));
#7656=CARTESIAN_POINT('Ctrl Pts',(45.,19.5043471873083,8.37097515844899));
#7657=CARTESIAN_POINT('Ctrl Pts',(46.,19.5043471873083,8.37097515844899));
#7658=CARTESIAN_POINT('Ctrl Pts',(45.,20.096544258643,8.44266811795889));
#7659=CARTESIAN_POINT('Ctrl Pts',(46.,20.096544258643,8.44266811795889));
#7660=CARTESIAN_POINT('Ctrl Pts',(45.,20.6711572338922,8.60144948803403));
#7661=CARTESIAN_POINT('Ctrl Pts',(46.,20.6711572338922,8.60144948803403));
#7662=CARTESIAN_POINT('Ctrl Pts',(45.,20.9098014142364,8.66739343908923));
#7663=CARTESIAN_POINT('Ctrl Pts',(46.,20.9098014142364,8.66739343908923));
#7664=CARTESIAN_POINT('',(45.,19.158097198233,8.32905720976489));
#7665=CARTESIAN_POINT('Ctrl Pts',(45.,19.158097198233,8.32905720976489));
#7666=CARTESIAN_POINT('Ctrl Pts',(45.,19.5043471873083,8.37097515844899));
#7667=CARTESIAN_POINT('Ctrl Pts',(45.,20.096544258643,8.44266811795889));
#7668=CARTESIAN_POINT('Ctrl Pts',(45.,20.6711572338922,8.60144948803403));
#7669=CARTESIAN_POINT('Ctrl Pts',(45.,20.9098014142364,8.66739343908923));
#7670=CARTESIAN_POINT('',(45.,19.158097198233,8.32905720976489));
#7671=CARTESIAN_POINT('Ctrl Pts',(45.,18.284974982962,8.18171810415881));
#7672=CARTESIAN_POINT('Ctrl Pts',(46.,18.284974982962,8.18171810415881));
#7673=CARTESIAN_POINT('Ctrl Pts',(45.,18.4056594496909,8.20833565391327));
#7674=CARTESIAN_POINT('Ctrl Pts',(46.,18.4056594496909,8.20833565391327));
#7675=CARTESIAN_POINT('Ctrl Pts',(45.,18.6941728369506,8.27196869342833));
#7676=CARTESIAN_POINT('Ctrl Pts',(46.,18.6941728369506,8.27196869342833));
#7677=CARTESIAN_POINT('Ctrl Pts',(45.,18.9874798273849,8.30806177737147));
#7678=CARTESIAN_POINT('Ctrl Pts',(46.,18.9874798273849,8.30806177737147));
#7679=CARTESIAN_POINT('Ctrl Pts',(45.,19.158097198233,8.32905720976489));
#7680=CARTESIAN_POINT('Ctrl Pts',(46.,19.158097198233,8.32905720976489));
#7681=CARTESIAN_POINT('',(45.,18.284974982962,8.18171810415881));
#7682=CARTESIAN_POINT('Ctrl Pts',(45.,18.284974982962,8.18171810415881));
#7683=CARTESIAN_POINT('Ctrl Pts',(45.,18.4056594496909,8.20833565391327));
#7684=CARTESIAN_POINT('Ctrl Pts',(45.,18.6941728369506,8.27196869342833));
#7685=CARTESIAN_POINT('Ctrl Pts',(45.,18.9874798273849,8.30806177737147));
#7686=CARTESIAN_POINT('Ctrl Pts',(45.,19.158097198233,8.32905720976489));
#7687=CARTESIAN_POINT('',(45.,18.284974982962,8.18171810415881));
#7688=CARTESIAN_POINT('Ctrl Pts',(45.,17.5782880093902,7.85975288656848));
#7689=CARTESIAN_POINT('Ctrl Pts',(46.,17.5782880093902,7.85975288656848));
#7690=CARTESIAN_POINT('Ctrl Pts',(45.,17.6873516600545,7.92669656122014));
#7691=CARTESIAN_POINT('Ctrl Pts',(46.,17.6873516600545,7.92669656122014));
#7692=CARTESIAN_POINT('Ctrl Pts',(45.,17.9096037974038,8.06311575022327));
#7693=CARTESIAN_POINT('Ctrl Pts',(46.,17.9096037974038,8.06311575022327));
#7694=CARTESIAN_POINT('Ctrl Pts',(45.,18.1583126367993,8.14169784424579));
#7695=CARTESIAN_POINT('Ctrl Pts',(46.,18.1583126367993,8.14169784424579));
#7696=CARTESIAN_POINT('Ctrl Pts',(45.,18.284974982962,8.18171810415881));
#7697=CARTESIAN_POINT('Ctrl Pts',(46.,18.284974982962,8.18171810415881));
#7698=CARTESIAN_POINT('',(45.,17.5782880093902,7.85975288656848));
#7699=CARTESIAN_POINT('Ctrl Pts',(45.,17.5782880093902,7.85975288656848));
#7700=CARTESIAN_POINT('Ctrl Pts',(45.,17.6873516600545,7.92669656122014));
#7701=CARTESIAN_POINT('Ctrl Pts',(45.,17.9096037974038,8.06311575022327));
#7702=CARTESIAN_POINT('Ctrl Pts',(45.,18.1583126367993,8.14169784424579));
#7703=CARTESIAN_POINT('Ctrl Pts',(45.,18.284974982962,8.18171810415881));
#7704=CARTESIAN_POINT('',(45.,17.5782880093902,7.85975288656848));
#7705=CARTESIAN_POINT('Ctrl Pts',(45.,17.0707854535431,7.29495119360583));
#7706=CARTESIAN_POINT('Ctrl Pts',(46.,17.0707854535431,7.29495119360583));
#7707=CARTESIAN_POINT('Ctrl Pts',(45.,17.1395502674382,7.40592444424655));
#7708=CARTESIAN_POINT('Ctrl Pts',(46.,17.1395502674382,7.40592444424655));
#7709=CARTESIAN_POINT('Ctrl Pts',(45.,17.2750338243481,7.62456897866769));
#7710=CARTESIAN_POINT('Ctrl Pts',(46.,17.2750338243481,7.62456897866769));
#7711=CARTESIAN_POINT('Ctrl Pts',(45.,17.4782261503139,7.78215152042039));
#7712=CARTESIAN_POINT('Ctrl Pts',(46.,17.4782261503139,7.78215152042039));
#7713=CARTESIAN_POINT('Ctrl Pts',(45.,17.5782880093902,7.85975288656848));
#7714=CARTESIAN_POINT('Ctrl Pts',(46.,17.5782880093902,7.85975288656848));
#7715=CARTESIAN_POINT('',(45.,17.0707854535431,7.29495119360583));
#7716=CARTESIAN_POINT('Ctrl Pts',(45.,17.0707854535431,7.29495119360583));
#7717=CARTESIAN_POINT('Ctrl Pts',(45.,17.1395502674382,7.40592444424655));
#7718=CARTESIAN_POINT('Ctrl Pts',(45.,17.2750338243481,7.62456897866769));
#7719=CARTESIAN_POINT('Ctrl Pts',(45.,17.4782261503139,7.78215152042039));
#7720=CARTESIAN_POINT('Ctrl Pts',(45.,17.5782880093902,7.85975288656848));
#7721=CARTESIAN_POINT('',(45.,17.0707854535431,7.29495119360583));
#7722=CARTESIAN_POINT('Ctrl Pts',(45.,16.8770608212799,6.51732515600818));
#7723=CARTESIAN_POINT('Ctrl Pts',(46.,16.8770608212799,6.51732515600818));
#7724=CARTESIAN_POINT('Ctrl Pts',(45.,16.8846334074633,6.65522164234877));
#7725=CARTESIAN_POINT('Ctrl Pts',(46.,16.8846334074633,6.65522164234877));
#7726=CARTESIAN_POINT('Ctrl Pts',(45.,16.8995528009794,6.92690319134333));
#7727=CARTESIAN_POINT('Ctrl Pts',(46.,16.8995528009794,6.92690319134333));
#7728=CARTESIAN_POINT('Ctrl Pts',(45.,17.0142866679624,7.17351252608605));
#7729=CARTESIAN_POINT('Ctrl Pts',(46.,17.0142866679624,7.17351252608605));
#7730=CARTESIAN_POINT('Ctrl Pts',(45.,17.0707854535431,7.29495119360583));
#7731=CARTESIAN_POINT('Ctrl Pts',(46.,17.0707854535431,7.29495119360583));
#7732=CARTESIAN_POINT('',(45.,16.8770608212799,6.51732515600818));
#7733=CARTESIAN_POINT('Ctrl Pts',(45.,16.8770608212799,6.51732515600818));
#7734=CARTESIAN_POINT('Ctrl Pts',(45.,16.8846334074633,6.65522164234877));
#7735=CARTESIAN_POINT('Ctrl Pts',(45.,16.8995528009794,6.92690319134333));
#7736=CARTESIAN_POINT('Ctrl Pts',(45.,17.0142866679624,7.17351252608605));
#7737=CARTESIAN_POINT('Ctrl Pts',(45.,17.0707854535431,7.29495119360583));
#7738=CARTESIAN_POINT('',(45.,16.8770608212799,6.51732515600818));
#7739=CARTESIAN_POINT('Ctrl Pts',(45.,17.3900183942169,5.32496463564532));
#7740=CARTESIAN_POINT('Ctrl Pts',(46.,17.3900183942169,5.32496463564532));
#7741=CARTESIAN_POINT('Ctrl Pts',(45.,17.2404134921741,5.4928260387275));
#7742=CARTESIAN_POINT('Ctrl Pts',(46.,17.2404134921741,5.4928260387275));
#7743=CARTESIAN_POINT('Ctrl Pts',(45.,16.9372624445081,5.83297104408612));
#7744=CARTESIAN_POINT('Ctrl Pts',(46.,16.9372624445081,5.83297104408612));
#7745=CARTESIAN_POINT('Ctrl Pts',(45.,16.8973012066879,6.28723848661092));
#7746=CARTESIAN_POINT('Ctrl Pts',(46.,16.8973012066879,6.28723848661092));
#7747=CARTESIAN_POINT('Ctrl Pts',(45.,16.8770608212799,6.51732515600818));
#7748=CARTESIAN_POINT('Ctrl Pts',(46.,16.8770608212799,6.51732515600818));
#7749=CARTESIAN_POINT('',(45.,17.3900183942169,5.32496463564532));
#7750=CARTESIAN_POINT('Ctrl Pts',(45.,17.3900183942169,5.32496463564532));
#7751=CARTESIAN_POINT('Ctrl Pts',(45.,17.2404134921741,5.4928260387275));
#7752=CARTESIAN_POINT('Ctrl Pts',(45.,16.9372624445081,5.83297104408612));
#7753=CARTESIAN_POINT('Ctrl Pts',(45.,16.8973012066879,6.28723848661092));
#7754=CARTESIAN_POINT('Ctrl Pts',(45.,16.8770608212799,6.51732515600818));
#7755=CARTESIAN_POINT('',(45.,17.3900183942169,5.32496463564532));
#7756=CARTESIAN_POINT('Ctrl Pts',(45.,18.8579615857452,4.85838960913318));
#7757=CARTESIAN_POINT('Ctrl Pts',(46.,18.8579615857452,4.85838960913318));
#7758=CARTESIAN_POINT('Ctrl Pts',(45.,18.567306892381,4.87002222304334));
#7759=CARTESIAN_POINT('Ctrl Pts',(46.,18.567306892381,4.87002222304334));
#7760=CARTESIAN_POINT('Ctrl Pts',(45.,18.0328917603177,4.89141064387731));
#7761=CARTESIAN_POINT('Ctrl Pts',(46.,18.0328917603177,4.89141064387731));
#7762=CARTESIAN_POINT('Ctrl Pts',(45.,17.5913959491499,5.18915555193225));
#7763=CARTESIAN_POINT('Ctrl Pts',(46.,17.5913959491499,5.18915555193225));
#7764=CARTESIAN_POINT('Ctrl Pts',(45.,17.3900183942169,5.32496463564532));
#7765=CARTESIAN_POINT('Ctrl Pts',(46.,17.3900183942169,5.32496463564532));
#7766=CARTESIAN_POINT('',(45.,18.8579615857452,4.85838960913318));
#7767=CARTESIAN_POINT('Ctrl Pts',(45.,18.8579615857452,4.85838960913318));
#7768=CARTESIAN_POINT('Ctrl Pts',(45.,18.567306892381,4.87002222304334));
#7769=CARTESIAN_POINT('Ctrl Pts',(45.,18.0328917603177,4.89141064387731));
#7770=CARTESIAN_POINT('Ctrl Pts',(45.,17.5913959491499,5.18915555193225));
#7771=CARTESIAN_POINT('Ctrl Pts',(45.,17.3900183942169,5.32496463564532));
#7772=CARTESIAN_POINT('',(45.,18.8579615857452,4.85838960913318));
#7773=CARTESIAN_POINT('Ctrl Pts',(45.,19.9411830212921,5.04938554075854));
#7774=CARTESIAN_POINT('Ctrl Pts',(46.,19.9411830212921,5.04938554075854));
#7775=CARTESIAN_POINT('Ctrl Pts',(45.,19.7682002577967,4.9936828802877));
#7776=CARTESIAN_POINT('Ctrl Pts',(46.,19.7682002577967,4.9936828802877));
#7777=CARTESIAN_POINT('Ctrl Pts',(45.,19.4159822796902,4.88026419018391));
#7778=CARTESIAN_POINT('Ctrl Pts',(46.,19.4159822796902,4.88026419018391));
#7779=CARTESIAN_POINT('Ctrl Pts',(45.,19.0461568213881,4.86576691965248));
#7780=CARTESIAN_POINT('Ctrl Pts',(46.,19.0461568213881,4.86576691965248));
#7781=CARTESIAN_POINT('Ctrl Pts',(45.,18.8579615857452,4.85838960913318));
#7782=CARTESIAN_POINT('Ctrl Pts',(46.,18.8579615857452,4.85838960913318));
#7783=CARTESIAN_POINT('',(45.,19.9411830212921,5.04938554075854));
#7784=CARTESIAN_POINT('Ctrl Pts',(45.,19.9411830212921,5.04938554075854));
#7785=CARTESIAN_POINT('Ctrl Pts',(45.,19.7682002577967,4.9936828802877));
#7786=CARTESIAN_POINT('Ctrl Pts',(45.,19.4159822796902,4.88026419018391));
#7787=CARTESIAN_POINT('Ctrl Pts',(45.,19.0461568213881,4.86576691965248));
#7788=CARTESIAN_POINT('Ctrl Pts',(45.,18.8579615857452,4.85838960913318));
#7789=CARTESIAN_POINT('',(45.,19.9411830212921,5.04938554075854));
#7790=CARTESIAN_POINT('Ctrl Pts',(45.,20.9916552808136,5.70422839430468));
#7791=CARTESIAN_POINT('Ctrl Pts',(46.,20.9916552808136,5.70422839430468));
#7792=CARTESIAN_POINT('Ctrl Pts',(45.,20.818455507403,5.56374764133212));
#7793=CARTESIAN_POINT('Ctrl Pts',(46.,20.818455507403,5.56374764133212));
#7794=CARTESIAN_POINT('Ctrl Pts',(45.,20.4952654496067,5.30161113977425));
#7795=CARTESIAN_POINT('Ctrl Pts',(46.,20.4952654496067,5.30161113977425));
#7796=CARTESIAN_POINT('Ctrl Pts',(45.,20.1168179189989,5.12933685308751));
#7797=CARTESIAN_POINT('Ctrl Pts',(46.,20.1168179189989,5.12933685308751));
#7798=CARTESIAN_POINT('Ctrl Pts',(45.,19.9411830212921,5.04938554075854));
#7799=CARTESIAN_POINT('Ctrl Pts',(46.,19.9411830212921,5.04938554075854));
#7800=CARTESIAN_POINT('',(45.,20.9916552808136,5.70422839430468));
#7801=CARTESIAN_POINT('Ctrl Pts',(45.,20.9916552808136,5.70422839430468));
#7802=CARTESIAN_POINT('Ctrl Pts',(45.,20.818455507403,5.56374764133212));
#7803=CARTESIAN_POINT('Ctrl Pts',(45.,20.4952654496067,5.30161113977425));
#7804=CARTESIAN_POINT('Ctrl Pts',(45.,20.1168179189989,5.12933685308751));
#7805=CARTESIAN_POINT('Ctrl Pts',(45.,19.9411830212921,5.04938554075854));
#7806=CARTESIAN_POINT('',(45.,20.9916552808136,5.70422839430468));
#7807=CARTESIAN_POINT('Ctrl Pts',(45.,21.1881121899933,4.98935770300524));
#7808=CARTESIAN_POINT('Ctrl Pts',(46.,21.1881121899933,4.98935770300524));
#7809=CARTESIAN_POINT('Ctrl Pts',(45.,21.1414321607352,5.09850974631772));
#7810=CARTESIAN_POINT('Ctrl Pts',(46.,21.1414321607352,5.09850974631772));
#7811=CARTESIAN_POINT('Ctrl Pts',(45.,21.0434123627399,5.32770971483392));
#7812=CARTESIAN_POINT('Ctrl Pts',(46.,21.0434123627399,5.32770971483392));
#7813=CARTESIAN_POINT('Ctrl Pts',(45.,21.0094458828804,5.57480660799276));
#7814=CARTESIAN_POINT('Ctrl Pts',(46.,21.0094458828804,5.57480660799276));
#7815=CARTESIAN_POINT('Ctrl Pts',(45.,20.9916552808136,5.70422839430468));
#7816=CARTESIAN_POINT('Ctrl Pts',(46.,20.9916552808136,5.70422839430468));
#7817=CARTESIAN_POINT('Ctrl Pts',(45.,21.1881121899933,4.98935770300524));
#7818=CARTESIAN_POINT('Ctrl Pts',(45.,21.1414321607352,5.09850974631772));
#7819=CARTESIAN_POINT('Ctrl Pts',(45.,21.0434123627399,5.32770971483392));
#7820=CARTESIAN_POINT('Ctrl Pts',(45.,21.0094458828804,5.57480660799276));
#7821=CARTESIAN_POINT('Ctrl Pts',(45.,20.9916552808136,5.70422839430468));
#7822=CARTESIAN_POINT('Ctrl Pts',(45.,20.751548698172,6.55552398470538));
#7823=CARTESIAN_POINT('Ctrl Pts',(46.,20.751548698172,6.55552398470538));
#7824=CARTESIAN_POINT('Ctrl Pts',(45.,20.7974703814824,6.69173582808245));
#7825=CARTESIAN_POINT('Ctrl Pts',(46.,20.7974703814824,6.69173582808245));
#7826=CARTESIAN_POINT('Ctrl Pts',(45.,20.9046154653717,7.0095471175057));
#7827=CARTESIAN_POINT('Ctrl Pts',(46.,20.9046154653717,7.0095471175057));
#7828=CARTESIAN_POINT('Ctrl Pts',(45.,20.9079156609392,7.34570566942766));
#7829=CARTESIAN_POINT('Ctrl Pts',(46.,20.9079156609392,7.34570566942766));
#7830=CARTESIAN_POINT('Ctrl Pts',(45.,20.9098014142364,7.53778886107104));
#7831=CARTESIAN_POINT('Ctrl Pts',(46.,20.9098014142364,7.53778886107104));
#7832=CARTESIAN_POINT('',(45.,20.751548698172,6.55552398470538));
#7833=CARTESIAN_POINT('',(45.,20.9098014142364,7.53778886107104));
#7834=CARTESIAN_POINT('Ctrl Pts',(45.,20.751548698172,6.55552398470538));
#7835=CARTESIAN_POINT('Ctrl Pts',(45.,20.7974703814824,6.69173582808245));
#7836=CARTESIAN_POINT('Ctrl Pts',(45.,20.9046154653717,7.0095471175057));
#7837=CARTESIAN_POINT('Ctrl Pts',(45.,20.9079156609392,7.34570566942766));
#7838=CARTESIAN_POINT('Ctrl Pts',(45.,20.9098014142364,7.53778886107104));
#7839=CARTESIAN_POINT('',(45.,20.751548698172,6.55552398470538));
#7840=CARTESIAN_POINT('',(45.,20.9098014142364,7.53778886107104));
#7841=CARTESIAN_POINT('Ctrl Pts',(45.,20.1021632459015,5.87612461355822));
#7842=CARTESIAN_POINT('Ctrl Pts',(46.,20.1021632459015,5.87612461355822));
#7843=CARTESIAN_POINT('Ctrl Pts',(45.,20.2391669269597,5.96535626575178));
#7844=CARTESIAN_POINT('Ctrl Pts',(46.,20.2391669269597,5.96535626575178));
#7845=CARTESIAN_POINT('Ctrl Pts',(45.,20.5089739468188,6.14108385182449));
#7846=CARTESIAN_POINT('Ctrl Pts',(46.,20.5089739468188,6.14108385182449));
#7847=CARTESIAN_POINT('Ctrl Pts',(45.,20.6715340234485,6.41881852694509));
#7848=CARTESIAN_POINT('Ctrl Pts',(46.,20.6715340234485,6.41881852694509));
#7849=CARTESIAN_POINT('Ctrl Pts',(45.,20.751548698172,6.55552398470538));
#7850=CARTESIAN_POINT('Ctrl Pts',(46.,20.751548698172,6.55552398470538));
#7851=CARTESIAN_POINT('',(45.,20.1021632459015,5.87612461355822));
#7852=CARTESIAN_POINT('Ctrl Pts',(45.,20.1021632459015,5.87612461355822));
#7853=CARTESIAN_POINT('Ctrl Pts',(45.,20.2391669269597,5.96535626575178));
#7854=CARTESIAN_POINT('Ctrl Pts',(45.,20.5089739468188,6.14108385182449));
#7855=CARTESIAN_POINT('Ctrl Pts',(45.,20.6715340234485,6.41881852694509));
#7856=CARTESIAN_POINT('Ctrl Pts',(45.,20.751548698172,6.55552398470538));
#7857=CARTESIAN_POINT('',(45.,20.1021632459015,5.87612461355822));
#7858=CARTESIAN_POINT('Ctrl Pts',(45.,19.092613151297,5.62782954481738));
#7859=CARTESIAN_POINT('Ctrl Pts',(46.,19.092613151297,5.62782954481738));
#7860=CARTESIAN_POINT('Ctrl Pts',(45.,19.2742388973813,5.63689413141804));
#7861=CARTESIAN_POINT('Ctrl Pts',(46.,19.2742388973813,5.63689413141804));
#7862=CARTESIAN_POINT('Ctrl Pts',(45.,19.6270478575976,5.65450213822497));
#7863=CARTESIAN_POINT('Ctrl Pts',(46.,19.6270478575976,5.65450213822497));
#7864=CARTESIAN_POINT('Ctrl Pts',(45.,19.9469476086554,5.80372267797854));
#7865=CARTESIAN_POINT('Ctrl Pts',(46.,19.9469476086554,5.80372267797854));
#7866=CARTESIAN_POINT('Ctrl Pts',(45.,20.1021632459015,5.87612461355822));
#7867=CARTESIAN_POINT('Ctrl Pts',(46.,20.1021632459015,5.87612461355822));
#7868=CARTESIAN_POINT('',(45.,19.092613151297,5.62782954481738));
#7869=CARTESIAN_POINT('Ctrl Pts',(45.,19.092613151297,5.62782954481738));
#7870=CARTESIAN_POINT('Ctrl Pts',(45.,19.2742388973813,5.63689413141804));
#7871=CARTESIAN_POINT('Ctrl Pts',(45.,19.6270478575976,5.65450213822497));
#7872=CARTESIAN_POINT('Ctrl Pts',(45.,19.9469476086554,5.80372267797854));
#7873=CARTESIAN_POINT('Ctrl Pts',(45.,20.1021632459015,5.87612461355822));
#7874=CARTESIAN_POINT('',(45.,19.092613151297,5.62782954481738));
#7875=CARTESIAN_POINT('Ctrl Pts',(45.,18.2222184445709,5.88976692465442));
#7876=CARTESIAN_POINT('Ctrl Pts',(46.,18.2222184445709,5.88976692465442));
#7877=CARTESIAN_POINT('Ctrl Pts',(45.,18.3408781822459,5.813567941062));
#7878=CARTESIAN_POINT('Ctrl Pts',(46.,18.3408781822459,5.813567941062));
#7879=CARTESIAN_POINT('Ctrl Pts',(45.,18.6046531342868,5.64418122542887));
#7880=CARTESIAN_POINT('Ctrl Pts',(46.,18.6046531342868,5.64418122542887));
#7881=CARTESIAN_POINT('Ctrl Pts',(45.,18.9194360287149,5.63363276003781));
#7882=CARTESIAN_POINT('Ctrl Pts',(46.,18.9194360287149,5.63363276003781));
#7883=CARTESIAN_POINT('Ctrl Pts',(45.,19.092613151297,5.62782954481738));
#7884=CARTESIAN_POINT('Ctrl Pts',(46.,19.092613151297,5.62782954481738));
#7885=CARTESIAN_POINT('',(45.,18.2222184445709,5.88976692465442));
#7886=CARTESIAN_POINT('Ctrl Pts',(45.,18.2222184445709,5.88976692465442));
#7887=CARTESIAN_POINT('Ctrl Pts',(45.,18.3408781822459,5.813567941062));
#7888=CARTESIAN_POINT('Ctrl Pts',(45.,18.6046531342868,5.64418122542887));
#7889=CARTESIAN_POINT('Ctrl Pts',(45.,18.9194360287149,5.63363276003781));
#7890=CARTESIAN_POINT('Ctrl Pts',(45.,19.092613151297,5.62782954481738));
#7891=CARTESIAN_POINT('',(45.,18.2222184445709,5.88976692465442));
#7892=CARTESIAN_POINT('Ctrl Pts',(45.,17.924810340628,6.54460977820056));
#7893=CARTESIAN_POINT('Ctrl Pts',(46.,17.924810340628,6.54460977820056));
#7894=CARTESIAN_POINT('Ctrl Pts',(45.,17.9373249622998,6.41899102113154));
#7895=CARTESIAN_POINT('Ctrl Pts',(46.,17.9373249622998,6.41899102113154));
#7896=CARTESIAN_POINT('Ctrl Pts',(45.,17.9624162023059,6.16713119943032));
#7897=CARTESIAN_POINT('Ctrl Pts',(46.,17.9624162023059,6.16713119943032));
#7898=CARTESIAN_POINT('Ctrl Pts',(45.,18.1354751629684,5.98237385207582));
#7899=CARTESIAN_POINT('Ctrl Pts',(46.,18.1354751629684,5.98237385207582));
#7900=CARTESIAN_POINT('Ctrl Pts',(45.,18.2222184445709,5.88976692465442));
#7901=CARTESIAN_POINT('Ctrl Pts',(46.,18.2222184445709,5.88976692465442));
#7902=CARTESIAN_POINT('',(45.,17.924810340628,6.54460977820056));
#7903=CARTESIAN_POINT('Ctrl Pts',(45.,17.924810340628,6.54460977820056));
#7904=CARTESIAN_POINT('Ctrl Pts',(45.,17.9373249622998,6.41899102113154));
#7905=CARTESIAN_POINT('Ctrl Pts',(45.,17.9624162023059,6.16713119943032));
#7906=CARTESIAN_POINT('Ctrl Pts',(45.,18.1354751629684,5.98237385207582));
#7907=CARTESIAN_POINT('Ctrl Pts',(45.,18.2222184445709,5.88976692465442));
#7908=CARTESIAN_POINT('',(45.,17.924810340628,6.54460977820056));
#7909=CARTESIAN_POINT('Ctrl Pts',(45.,18.0612334515899,7.01118540075915));
#7910=CARTESIAN_POINT('Ctrl Pts',(46.,18.0612334515899,7.01118540075915));
#7911=CARTESIAN_POINT('Ctrl Pts',(45.,18.0214426348601,6.93895591986311));
#7912=CARTESIAN_POINT('Ctrl Pts',(46.,18.0214426348601,6.93895591986311));
#7913=CARTESIAN_POINT('Ctrl Pts',(45.,17.9413587093564,6.79358518252652));
#7914=CARTESIAN_POINT('Ctrl Pts',(46.,17.9413587093564,6.79358518252652));
#7915=CARTESIAN_POINT('Ctrl Pts',(45.,17.9303494804249,6.62794787594254));
#7916=CARTESIAN_POINT('Ctrl Pts',(46.,17.9303494804249,6.62794787594254));
#7917=CARTESIAN_POINT('Ctrl Pts',(45.,17.924810340628,6.54460977820056));
#7918=CARTESIAN_POINT('Ctrl Pts',(46.,17.924810340628,6.54460977820056));
#7919=CARTESIAN_POINT('',(45.,18.0612334515899,7.01118540075915));
#7920=CARTESIAN_POINT('Ctrl Pts',(45.,18.0612334515899,7.01118540075915));
#7921=CARTESIAN_POINT('Ctrl Pts',(45.,18.0214426348601,6.93895591986311));
#7922=CARTESIAN_POINT('Ctrl Pts',(45.,17.9413587093564,6.79358518252652));
#7923=CARTESIAN_POINT('Ctrl Pts',(45.,17.9303494804249,6.62794787594254));
#7924=CARTESIAN_POINT('Ctrl Pts',(45.,17.924810340628,6.54460977820056));
#7925=CARTESIAN_POINT('',(45.,18.0612334515899,7.01118540075915));
#7926=CARTESIAN_POINT('Ctrl Pts',(45.,18.4486827161163,7.33042191771167));
#7927=CARTESIAN_POINT('Ctrl Pts',(46.,18.4486827161163,7.33042191771167));
#7928=CARTESIAN_POINT('Ctrl Pts',(45.,18.3703519573034,7.29069730721385));
#7929=CARTESIAN_POINT('Ctrl Pts',(46.,18.3703519573034,7.29069730721385));
#7930=CARTESIAN_POINT('Ctrl Pts',(45.,18.2173041893619,7.21308076090214));
#7931=CARTESIAN_POINT('Ctrl Pts',(46.,18.2173041893619,7.21308076090214));
#7932=CARTESIAN_POINT('Ctrl Pts',(45.,18.1124316170342,7.07741608691207));
#7933=CARTESIAN_POINT('Ctrl Pts',(46.,18.1124316170342,7.07741608691207));
#7934=CARTESIAN_POINT('Ctrl Pts',(45.,18.0612334515899,7.01118540075915));
#7935=CARTESIAN_POINT('Ctrl Pts',(46.,18.0612334515899,7.01118540075915));
#7936=CARTESIAN_POINT('',(45.,18.4486827161163,7.33042191771167));
#7937=CARTESIAN_POINT('Ctrl Pts',(45.,18.4486827161163,7.33042191771167));
#7938=CARTESIAN_POINT('Ctrl Pts',(45.,18.3703519573034,7.29069730721385));
#7939=CARTESIAN_POINT('Ctrl Pts',(45.,18.2173041893619,7.21308076090214));
#7940=CARTESIAN_POINT('Ctrl Pts',(45.,18.1124316170342,7.07741608691207));
#7941=CARTESIAN_POINT('Ctrl Pts',(45.,18.0612334515899,7.01118540075915));
#7942=CARTESIAN_POINT('',(45.,18.4486827161163,7.33042191771167));
#7943=CARTESIAN_POINT('Ctrl Pts',(45.,19.3054351117462,7.52687465456622));
#7944=CARTESIAN_POINT('Ctrl Pts',(46.,19.3054351117462,7.52687465456622));
#7945=CARTESIAN_POINT('Ctrl Pts',(45.,19.1316295799589,7.50197568330271));
#7946=CARTESIAN_POINT('Ctrl Pts',(46.,19.1316295799589,7.50197568330271));
#7947=CARTESIAN_POINT('Ctrl Pts',(45.,18.8403115970111,7.46024215496577));
#7948=CARTESIAN_POINT('Ctrl Pts',(46.,18.8403115970111,7.46024215496577));
#7949=CARTESIAN_POINT('Ctrl Pts',(45.,18.5612508272443,7.36773688503606));
#7950=CARTESIAN_POINT('Ctrl Pts',(46.,18.5612508272443,7.36773688503606));
#7951=CARTESIAN_POINT('Ctrl Pts',(45.,18.4486827161163,7.33042191771167));
#7952=CARTESIAN_POINT('Ctrl Pts',(46.,18.4486827161163,7.33042191771167));
#7953=CARTESIAN_POINT('',(45.,19.3054351117462,7.52687465456622));
#7954=CARTESIAN_POINT('Ctrl Pts',(45.,19.3054351117462,7.52687465456622));
#7955=CARTESIAN_POINT('Ctrl Pts',(45.,19.1316295799589,7.50197568330271));
#7956=CARTESIAN_POINT('Ctrl Pts',(45.,18.8403115970111,7.46024215496577));
#7957=CARTESIAN_POINT('Ctrl Pts',(45.,18.5612508272443,7.36773688503606));
#7958=CARTESIAN_POINT('Ctrl Pts',(45.,18.4486827161163,7.33042191771167));
#7959=CARTESIAN_POINT('',(45.,19.3054351117462,7.52687465456622));
#7960=CARTESIAN_POINT('Ctrl Pts',(45.,20.9098014142364,7.89795231131213));
#7961=CARTESIAN_POINT('Ctrl Pts',(46.,20.9098014142364,7.89795231131213));
#7962=CARTESIAN_POINT('Ctrl Pts',(45.,20.6882911335689,7.82516656344513));
#7963=CARTESIAN_POINT('Ctrl Pts',(46.,20.6882911335689,7.82516656344513));
#7964=CARTESIAN_POINT('Ctrl Pts',(45.,20.1651026032979,7.65325278889498));
#7965=CARTESIAN_POINT('Ctrl Pts',(46.,20.1651026032979,7.65325278889498));
#7966=CARTESIAN_POINT('Ctrl Pts',(45.,19.6198410139111,7.57309488707244));
#7967=CARTESIAN_POINT('Ctrl Pts',(46.,19.6198410139111,7.57309488707244));
#7968=CARTESIAN_POINT('Ctrl Pts',(45.,19.3054351117462,7.52687465456622));
#7969=CARTESIAN_POINT('Ctrl Pts',(46.,19.3054351117462,7.52687465456622));
#7970=CARTESIAN_POINT('',(45.,20.9098014142364,7.89795231131213));
#7971=CARTESIAN_POINT('Ctrl Pts',(45.,20.9098014142364,7.89795231131213));
#7972=CARTESIAN_POINT('Ctrl Pts',(45.,20.6882911335689,7.82516656344513));
#7973=CARTESIAN_POINT('Ctrl Pts',(45.,20.1651026032979,7.65325278889498));
#7974=CARTESIAN_POINT('Ctrl Pts',(45.,19.6198410139111,7.57309488707244));
#7975=CARTESIAN_POINT('Ctrl Pts',(45.,19.3054351117462,7.52687465456622));
#7976=CARTESIAN_POINT('',(45.,20.9098014142364,7.89795231131213));
#7977=CARTESIAN_POINT('Origin',(45.,20.9098014142364,7.71787058619158));
#7978=CARTESIAN_POINT('',(45.,20.9098014142364,3.85893529309576));
#7979=CARTESIAN_POINT('Origin',(45.,-40.,0.));
#7980=CARTESIAN_POINT('Origin',(46.,-40.,0.));
#7981=CARTESIAN_POINT('',(46.,5.84273665212095,4.85838960913319));
#7982=CARTESIAN_POINT('',(46.,3.8754805829376,5.63874375132222));
#7983=CARTESIAN_POINT('Ctrl Pts',(46.,5.84273665212095,4.85838960913319));
#7984=CARTESIAN_POINT('Ctrl Pts',(46.,5.46099055215409,4.88639249354898));
#7985=CARTESIAN_POINT('Ctrl Pts',(46.,4.72188944014974,4.9406090605626));
#7986=CARTESIAN_POINT('Ctrl Pts',(46.,4.15134063855269,5.41120894591612));
#7987=CARTESIAN_POINT('Ctrl Pts',(46.,3.8754805829376,5.63874375132222));
#7988=CARTESIAN_POINT('',(46.,7.24246351979674,5.21309565809864));
#7989=CARTESIAN_POINT('Ctrl Pts',(46.,7.24246351979674,5.21309565809864));
#7990=CARTESIAN_POINT('Ctrl Pts',(46.,7.02271626810707,5.10964257668438));
#7991=CARTESIAN_POINT('Ctrl Pts',(46.,6.57920297665305,4.90084444020575));
#7992=CARTESIAN_POINT('Ctrl Pts',(46.,6.08970391927646,4.87262644964888));
#7993=CARTESIAN_POINT('Ctrl Pts',(46.,5.84273665212095,4.85838960913319));
#7994=CARTESIAN_POINT('',(46.,8.21927159093321,6.2090028455605));
#7995=CARTESIAN_POINT('Ctrl Pts',(46.,8.21927159093321,6.2090028455605));
#7996=CARTESIAN_POINT('Ctrl Pts',(46.,8.09431804790659,6.00701237275793));
#7997=CARTESIAN_POINT('Ctrl Pts',(46.,7.84357972768005,5.60168771668563));
#7998=CARTESIAN_POINT('Ctrl Pts',(46.,7.44327794206371,5.34291230373104));
#7999=CARTESIAN_POINT('Ctrl Pts',(46.,7.24246351979674,5.21309565809864));
#8000=CARTESIAN_POINT('',(46.,8.55487911961974,7.96889375952381));
#8001=CARTESIAN_POINT('Ctrl Pts',(46.,8.55487911961974,7.96889375952381));
#8002=CARTESIAN_POINT('Ctrl Pts',(46.,8.54832877808418,7.63140878208063));
#8003=CARTESIAN_POINT('Ctrl Pts',(46.,8.5365455226677,7.02431498905414));
#8004=CARTESIAN_POINT('Ctrl Pts',(46.,8.31684156290585,6.45973249912748));
#8005=CARTESIAN_POINT('Ctrl Pts',(46.,8.21927159093321,6.2090028455605));
#8006=CARTESIAN_POINT('',(46.,7.79635279439391,10.1326043537011));
#8007=CARTESIAN_POINT('Ctrl Pts',(46.,7.79635279439391,10.1326043537011));
#8008=CARTESIAN_POINT('Ctrl Pts',(46.,8.01733327400189,9.83323579263634));
#8009=CARTESIAN_POINT('Ctrl Pts',(46.,8.49033815311568,9.19244258643056));
#8010=CARTESIAN_POINT('Ctrl Pts',(46.,8.53244430380419,8.39420645717696));
#8011=CARTESIAN_POINT('Ctrl Pts',(46.,8.55487911961974,7.96889375952381));
#8012=CARTESIAN_POINT('',(46.,5.84273665212096,10.9156877925744));
#8013=CARTESIAN_POINT('Ctrl Pts',(46.,5.84273665212096,10.9156877925744));
#8014=CARTESIAN_POINT('Ctrl Pts',(46.,6.21943716495785,10.8865735855519));
#8015=CARTESIAN_POINT('Ctrl Pts',(46.,6.95382208486981,10.8298148770716));
#8016=CARTESIAN_POINT('Ctrl Pts',(46.,7.52039952857872,10.360961039944));
#8017=CARTESIAN_POINT('Ctrl Pts',(46.,7.79635279439391,10.1326043537011));
#8018=CARTESIAN_POINT('',(46.,4.02009098790587,10.2717585494866));
#8019=CARTESIAN_POINT('Ctrl Pts',(46.,4.02009098790587,10.2717585494866));
#8020=CARTESIAN_POINT('Ctrl Pts',(46.,4.28697965784793,10.4595421429519));
#8021=CARTESIAN_POINT('Ctrl Pts',(46.,4.83363676669717,10.8441715703282));
#8022=CARTESIAN_POINT('Ctrl Pts',(46.,5.50112777953364,10.8914775271625));
#8023=CARTESIAN_POINT('Ctrl Pts',(46.,5.84273665212096,10.9156877925744));
#8024=CARTESIAN_POINT('',(46.,3.12513916753233,7.88703870085378));
#8025=CARTESIAN_POINT('Ctrl Pts',(46.,3.12513916753233,7.88703870085378));
#8026=CARTESIAN_POINT('Ctrl Pts',(46.,3.14752365232149,8.37483025940765));
#8027=CARTESIAN_POINT('Ctrl Pts',(46.,3.18869522064965,9.27202059780778));
#8028=CARTESIAN_POINT('Ctrl Pts',(46.,3.75958643606875,9.95850666955924));
#8029=CARTESIAN_POINT('Ctrl Pts',(46.,4.02009098790587,10.2717585494866));
#8030=CARTESIAN_POINT('Ctrl Pts',(46.,3.8754805829376,5.63874375132222));
#8031=CARTESIAN_POINT('Ctrl Pts',(46.,3.65704003796484,5.94528977629066));
#8032=CARTESIAN_POINT('Ctrl Pts',(46.,3.17998265612859,6.61476276310267));
#8033=CARTESIAN_POINT('Ctrl Pts',(46.,3.14441869260308,7.43978641135494));
#8034=CARTESIAN_POINT('Ctrl Pts',(46.,3.12513916753233,7.88703870085378));
#8035=CARTESIAN_POINT('',(46.,5.84273665212096,10.1025910308709));
#8036=CARTESIAN_POINT('',(46.,4.62036221288146,9.55143164900441));
#8037=CARTESIAN_POINT('Ctrl Pts',(46.,5.84273665212096,10.1025910308709));
#8038=CARTESIAN_POINT('Ctrl Pts',(46.,5.60769662444135,10.0797003717827));
#8039=CARTESIAN_POINT('Ctrl Pts',(46.,5.13799609898512,10.0339560162024));
#8040=CARTESIAN_POINT('Ctrl Pts',(46.,4.79281386959242,9.71218643875178));
#8041=CARTESIAN_POINT('Ctrl Pts',(46.,4.62036221288146,9.55143164900441));
#8042=CARTESIAN_POINT('',(46.,7.05692379735411,9.54870294836659));
#8043=CARTESIAN_POINT('Ctrl Pts',(46.,7.05692379735411,9.54870294836659));
#8044=CARTESIAN_POINT('Ctrl Pts',(46.,6.88483755945419,9.71025234901864));
#8045=CARTESIAN_POINT('Ctrl Pts',(46.,6.54236328597831,10.0317569288965));
#8046=CARTESIAN_POINT('Ctrl Pts',(46.,6.07517332308623,10.0790578460878));
#8047=CARTESIAN_POINT('Ctrl Pts',(46.,5.84273665212096,10.1025910308709));
#8048=CARTESIAN_POINT('',(46.,7.54532902501524,7.91978072432179));
#8049=CARTESIAN_POINT('Ctrl Pts',(46.,7.54532902501524,7.91978072432179));
#8050=CARTESIAN_POINT('Ctrl Pts',(46.,7.53471153890779,8.24433435825262));
#8051=CARTESIAN_POINT('Ctrl Pts',(46.,7.51544425284492,8.83329370742382));
#8052=CARTESIAN_POINT('Ctrl Pts',(46.,7.19899128293836,9.32704131733711));
#8053=CARTESIAN_POINT('Ctrl Pts',(46.,7.05692379735411,9.54870294836659));
#8054=CARTESIAN_POINT('',(46.,7.05965369008482,6.22264575270314));
#8055=CARTESIAN_POINT('Ctrl Pts',(46.,7.05965369008482,6.22264575270314));
#8056=CARTESIAN_POINT('Ctrl Pts',(46.,7.20081066910535,6.45073997159564));
#8057=CARTESIAN_POINT('Ctrl Pts',(46.,7.52067413906619,6.96760430830229));
#8058=CARTESIAN_POINT('Ctrl Pts',(46.,7.53649177347983,7.57848437795667));
#8059=CARTESIAN_POINT('Ctrl Pts',(46.,7.54532902501524,7.91978072432179));
#8060=CARTESIAN_POINT('',(46.,5.84273665212095,5.66602896956105));
#8061=CARTESIAN_POINT('Ctrl Pts',(46.,5.84273665212095,5.66602896956105));
#8062=CARTESIAN_POINT('Ctrl Pts',(46.,6.07648703245984,5.68949066108761));
#8063=CARTESIAN_POINT('Ctrl Pts',(46.,6.54535495899354,5.73655126754774));
#8064=CARTESIAN_POINT('Ctrl Pts',(46.,6.88788785066114,6.06029958648808));
#8065=CARTESIAN_POINT('Ctrl Pts',(46.,7.05965369008482,6.22264575270314));
#8066=CARTESIAN_POINT('',(46.,4.62036221288145,6.21991705206532));
#8067=CARTESIAN_POINT('Ctrl Pts',(46.,4.62036221288145,6.21991705206532));
#8068=CARTESIAN_POINT('Ctrl Pts',(46.,4.79271525926263,6.05836651035349));
#8069=CARTESIAN_POINT('Ctrl Pts',(46.,5.13742597415846,5.73526109449602));
#8070=CARTESIAN_POINT('Ctrl Pts',(46.,5.6076309911825,5.68910655083067));
#8071=CARTESIAN_POINT('Ctrl Pts',(46.,5.84273665212095,5.66602896956105));
#8072=CARTESIAN_POINT('',(46.,4.13468926213683,7.88703870085377));
#8073=CARTESIAN_POINT('Ctrl Pts',(46.,4.13468926213683,7.88703870085377));
#8074=CARTESIAN_POINT('Ctrl Pts',(46.,4.14415824416886,7.55285339154824));
#8075=CARTESIAN_POINT('Ctrl Pts',(46.,4.16119072012875,6.95173246559867));
#8076=CARTESIAN_POINT('Ctrl Pts',(46.,4.47916262558604,6.44495722986004));
#8077=CARTESIAN_POINT('Ctrl Pts',(46.,4.62036221288145,6.21991705206532));
#8078=CARTESIAN_POINT('Ctrl Pts',(46.,4.62036221288146,9.55143164900441));
#8079=CARTESIAN_POINT('Ctrl Pts',(46.,4.47916996245239,9.32708564549754));
#8080=CARTESIAN_POINT('Ctrl Pts',(46.,4.16092707012726,8.82141680871191));
#8081=CARTESIAN_POINT('Ctrl Pts',(46.,4.1440683887066,8.22104718741729));
#8082=CARTESIAN_POINT('Ctrl Pts',(46.,4.13468926213683,7.88703870085377));
#8083=CARTESIAN_POINT('Ctrl Pts',(45.,5.84273665212095,4.85838960913319));
#8084=CARTESIAN_POINT('Ctrl Pts',(46.,5.84273665212095,4.85838960913319));
#8085=CARTESIAN_POINT('Ctrl Pts',(45.,5.46099055215409,4.88639249354898));
#8086=CARTESIAN_POINT('Ctrl Pts',(46.,5.46099055215409,4.88639249354898));
#8087=CARTESIAN_POINT('Ctrl Pts',(45.,4.72188944014974,4.9406090605626));
#8088=CARTESIAN_POINT('Ctrl Pts',(46.,4.72188944014974,4.9406090605626));
#8089=CARTESIAN_POINT('Ctrl Pts',(45.,4.15134063855269,5.41120894591612));
#8090=CARTESIAN_POINT('Ctrl Pts',(46.,4.15134063855269,5.41120894591612));
#8091=CARTESIAN_POINT('Ctrl Pts',(45.,3.8754805829376,5.63874375132222));
#8092=CARTESIAN_POINT('Ctrl Pts',(46.,3.8754805829376,5.63874375132222));
#8093=CARTESIAN_POINT('',(45.,5.84273665212095,4.85838960913319));
#8094=CARTESIAN_POINT('',(45.,3.8754805829376,5.63874375132222));
#8095=CARTESIAN_POINT('Ctrl Pts',(45.,5.84273665212095,4.85838960913319));
#8096=CARTESIAN_POINT('Ctrl Pts',(45.,5.46099055215409,4.88639249354898));
#8097=CARTESIAN_POINT('Ctrl Pts',(45.,4.72188944014974,4.9406090605626));
#8098=CARTESIAN_POINT('Ctrl Pts',(45.,4.15134063855269,5.41120894591612));
#8099=CARTESIAN_POINT('Ctrl Pts',(45.,3.8754805829376,5.63874375132222));
#8100=CARTESIAN_POINT('',(45.,5.84273665212095,4.85838960913319));
#8101=CARTESIAN_POINT('',(45.,3.8754805829376,5.63874375132222));
#8102=CARTESIAN_POINT('Ctrl Pts',(45.,7.24246351979674,5.21309565809864));
#8103=CARTESIAN_POINT('Ctrl Pts',(46.,7.24246351979674,5.21309565809864));
#8104=CARTESIAN_POINT('Ctrl Pts',(45.,7.02271626810707,5.10964257668438));
#8105=CARTESIAN_POINT('Ctrl Pts',(46.,7.02271626810707,5.10964257668438));
#8106=CARTESIAN_POINT('Ctrl Pts',(45.,6.57920297665305,4.90084444020575));
#8107=CARTESIAN_POINT('Ctrl Pts',(46.,6.57920297665305,4.90084444020575));
#8108=CARTESIAN_POINT('Ctrl Pts',(45.,6.08970391927646,4.87262644964888));
#8109=CARTESIAN_POINT('Ctrl Pts',(46.,6.08970391927646,4.87262644964888));
#8110=CARTESIAN_POINT('Ctrl Pts',(45.,5.84273665212095,4.85838960913319));
#8111=CARTESIAN_POINT('Ctrl Pts',(46.,5.84273665212095,4.85838960913319));
#8112=CARTESIAN_POINT('',(45.,7.24246351979674,5.21309565809864));
#8113=CARTESIAN_POINT('Ctrl Pts',(45.,7.24246351979674,5.21309565809864));
#8114=CARTESIAN_POINT('Ctrl Pts',(45.,7.02271626810707,5.10964257668438));
#8115=CARTESIAN_POINT('Ctrl Pts',(45.,6.57920297665305,4.90084444020575));
#8116=CARTESIAN_POINT('Ctrl Pts',(45.,6.08970391927646,4.87262644964888));
#8117=CARTESIAN_POINT('Ctrl Pts',(45.,5.84273665212095,4.85838960913319));
#8118=CARTESIAN_POINT('',(45.,7.24246351979674,5.21309565809864));
#8119=CARTESIAN_POINT('Ctrl Pts',(45.,8.21927159093321,6.2090028455605));
#8120=CARTESIAN_POINT('Ctrl Pts',(46.,8.21927159093321,6.2090028455605));
#8121=CARTESIAN_POINT('Ctrl Pts',(45.,8.09431804790659,6.00701237275793));
#8122=CARTESIAN_POINT('Ctrl Pts',(46.,8.09431804790659,6.00701237275793));
#8123=CARTESIAN_POINT('Ctrl Pts',(45.,7.84357972768005,5.60168771668563));
#8124=CARTESIAN_POINT('Ctrl Pts',(46.,7.84357972768005,5.60168771668563));
#8125=CARTESIAN_POINT('Ctrl Pts',(45.,7.44327794206371,5.34291230373104));
#8126=CARTESIAN_POINT('Ctrl Pts',(46.,7.44327794206371,5.34291230373104));
#8127=CARTESIAN_POINT('Ctrl Pts',(45.,7.24246351979674,5.21309565809864));
#8128=CARTESIAN_POINT('Ctrl Pts',(46.,7.24246351979674,5.21309565809864));
#8129=CARTESIAN_POINT('',(45.,8.21927159093321,6.2090028455605));
#8130=CARTESIAN_POINT('Ctrl Pts',(45.,8.21927159093321,6.2090028455605));
#8131=CARTESIAN_POINT('Ctrl Pts',(45.,8.09431804790659,6.00701237275793));
#8132=CARTESIAN_POINT('Ctrl Pts',(45.,7.84357972768005,5.60168771668563));
#8133=CARTESIAN_POINT('Ctrl Pts',(45.,7.44327794206371,5.34291230373104));
#8134=CARTESIAN_POINT('Ctrl Pts',(45.,7.24246351979674,5.21309565809864));
#8135=CARTESIAN_POINT('',(45.,8.21927159093321,6.2090028455605));
#8136=CARTESIAN_POINT('Ctrl Pts',(45.,8.55487911961974,7.96889375952381));
#8137=CARTESIAN_POINT('Ctrl Pts',(46.,8.55487911961974,7.96889375952381));
#8138=CARTESIAN_POINT('Ctrl Pts',(45.,8.54832877808418,7.63140878208063));
#8139=CARTESIAN_POINT('Ctrl Pts',(46.,8.54832877808418,7.63140878208063));
#8140=CARTESIAN_POINT('Ctrl Pts',(45.,8.5365455226677,7.02431498905414));
#8141=CARTESIAN_POINT('Ctrl Pts',(46.,8.5365455226677,7.02431498905414));
#8142=CARTESIAN_POINT('Ctrl Pts',(45.,8.31684156290585,6.45973249912748));
#8143=CARTESIAN_POINT('Ctrl Pts',(46.,8.31684156290585,6.45973249912748));
#8144=CARTESIAN_POINT('Ctrl Pts',(45.,8.21927159093321,6.2090028455605));
#8145=CARTESIAN_POINT('Ctrl Pts',(46.,8.21927159093321,6.2090028455605));
#8146=CARTESIAN_POINT('',(45.,8.55487911961974,7.96889375952381));
#8147=CARTESIAN_POINT('Ctrl Pts',(45.,8.55487911961974,7.96889375952381));
#8148=CARTESIAN_POINT('Ctrl Pts',(45.,8.54832877808418,7.63140878208063));
#8149=CARTESIAN_POINT('Ctrl Pts',(45.,8.5365455226677,7.02431498905414));
#8150=CARTESIAN_POINT('Ctrl Pts',(45.,8.31684156290585,6.45973249912748));
#8151=CARTESIAN_POINT('Ctrl Pts',(45.,8.21927159093321,6.2090028455605));
#8152=CARTESIAN_POINT('',(45.,8.55487911961974,7.96889375952381));
#8153=CARTESIAN_POINT('Ctrl Pts',(45.,7.79635279439391,10.1326043537011));
#8154=CARTESIAN_POINT('Ctrl Pts',(46.,7.79635279439391,10.1326043537011));
#8155=CARTESIAN_POINT('Ctrl Pts',(45.,8.01733327400189,9.83323579263634));
#8156=CARTESIAN_POINT('Ctrl Pts',(46.,8.01733327400189,9.83323579263634));
#8157=CARTESIAN_POINT('Ctrl Pts',(45.,8.49033815311568,9.19244258643056));
#8158=CARTESIAN_POINT('Ctrl Pts',(46.,8.49033815311568,9.19244258643056));
#8159=CARTESIAN_POINT('Ctrl Pts',(45.,8.53244430380419,8.39420645717696));
#8160=CARTESIAN_POINT('Ctrl Pts',(46.,8.53244430380419,8.39420645717696));
#8161=CARTESIAN_POINT('Ctrl Pts',(45.,8.55487911961974,7.96889375952381));
#8162=CARTESIAN_POINT('Ctrl Pts',(46.,8.55487911961974,7.96889375952381));
#8163=CARTESIAN_POINT('',(45.,7.79635279439391,10.1326043537011));
#8164=CARTESIAN_POINT('Ctrl Pts',(45.,7.79635279439391,10.1326043537011));
#8165=CARTESIAN_POINT('Ctrl Pts',(45.,8.01733327400189,9.83323579263634));
#8166=CARTESIAN_POINT('Ctrl Pts',(45.,8.49033815311568,9.19244258643056));
#8167=CARTESIAN_POINT('Ctrl Pts',(45.,8.53244430380419,8.39420645717696));
#8168=CARTESIAN_POINT('Ctrl Pts',(45.,8.55487911961974,7.96889375952381));
#8169=CARTESIAN_POINT('',(45.,7.79635279439391,10.1326043537011));
#8170=CARTESIAN_POINT('Ctrl Pts',(45.,5.84273665212096,10.9156877925744));
#8171=CARTESIAN_POINT('Ctrl Pts',(46.,5.84273665212096,10.9156877925744));
#8172=CARTESIAN_POINT('Ctrl Pts',(45.,6.21943716495785,10.8865735855519));
#8173=CARTESIAN_POINT('Ctrl Pts',(46.,6.21943716495785,10.8865735855519));
#8174=CARTESIAN_POINT('Ctrl Pts',(45.,6.95382208486981,10.8298148770716));
#8175=CARTESIAN_POINT('Ctrl Pts',(46.,6.95382208486981,10.8298148770716));
#8176=CARTESIAN_POINT('Ctrl Pts',(45.,7.52039952857872,10.360961039944));
#8177=CARTESIAN_POINT('Ctrl Pts',(46.,7.52039952857872,10.360961039944));
#8178=CARTESIAN_POINT('Ctrl Pts',(45.,7.79635279439391,10.1326043537011));
#8179=CARTESIAN_POINT('Ctrl Pts',(46.,7.79635279439391,10.1326043537011));
#8180=CARTESIAN_POINT('',(45.,5.84273665212096,10.9156877925744));
#8181=CARTESIAN_POINT('Ctrl Pts',(45.,5.84273665212096,10.9156877925744));
#8182=CARTESIAN_POINT('Ctrl Pts',(45.,6.21943716495785,10.8865735855519));
#8183=CARTESIAN_POINT('Ctrl Pts',(45.,6.95382208486981,10.8298148770716));
#8184=CARTESIAN_POINT('Ctrl Pts',(45.,7.52039952857872,10.360961039944));
#8185=CARTESIAN_POINT('Ctrl Pts',(45.,7.79635279439391,10.1326043537011));
#8186=CARTESIAN_POINT('',(45.,5.84273665212096,10.9156877925744));
#8187=CARTESIAN_POINT('Ctrl Pts',(45.,4.02009098790587,10.2717585494866));
#8188=CARTESIAN_POINT('Ctrl Pts',(46.,4.02009098790587,10.2717585494866));
#8189=CARTESIAN_POINT('Ctrl Pts',(45.,4.28697965784793,10.4595421429519));
#8190=CARTESIAN_POINT('Ctrl Pts',(46.,4.28697965784793,10.4595421429519));
#8191=CARTESIAN_POINT('Ctrl Pts',(45.,4.83363676669717,10.8441715703282));
#8192=CARTESIAN_POINT('Ctrl Pts',(46.,4.83363676669717,10.8441715703282));
#8193=CARTESIAN_POINT('Ctrl Pts',(45.,5.50112777953364,10.8914775271625));
#8194=CARTESIAN_POINT('Ctrl Pts',(46.,5.50112777953364,10.8914775271625));
#8195=CARTESIAN_POINT('Ctrl Pts',(45.,5.84273665212096,10.9156877925744));
#8196=CARTESIAN_POINT('Ctrl Pts',(46.,5.84273665212096,10.9156877925744));
#8197=CARTESIAN_POINT('',(45.,4.02009098790587,10.2717585494866));
#8198=CARTESIAN_POINT('Ctrl Pts',(45.,4.02009098790587,10.2717585494866));
#8199=CARTESIAN_POINT('Ctrl Pts',(45.,4.28697965784793,10.4595421429519));
#8200=CARTESIAN_POINT('Ctrl Pts',(45.,4.83363676669717,10.8441715703282));
#8201=CARTESIAN_POINT('Ctrl Pts',(45.,5.50112777953364,10.8914775271625));
#8202=CARTESIAN_POINT('Ctrl Pts',(45.,5.84273665212096,10.9156877925744));
#8203=CARTESIAN_POINT('',(45.,4.02009098790587,10.2717585494866));
#8204=CARTESIAN_POINT('Ctrl Pts',(45.,3.12513916753233,7.88703870085378));
#8205=CARTESIAN_POINT('Ctrl Pts',(46.,3.12513916753233,7.88703870085378));
#8206=CARTESIAN_POINT('Ctrl Pts',(45.,3.14752365232149,8.37483025940765));
#8207=CARTESIAN_POINT('Ctrl Pts',(46.,3.14752365232149,8.37483025940765));
#8208=CARTESIAN_POINT('Ctrl Pts',(45.,3.18869522064965,9.27202059780778));
#8209=CARTESIAN_POINT('Ctrl Pts',(46.,3.18869522064965,9.27202059780778));
#8210=CARTESIAN_POINT('Ctrl Pts',(45.,3.75958643606875,9.95850666955924));
#8211=CARTESIAN_POINT('Ctrl Pts',(46.,3.75958643606875,9.95850666955924));
#8212=CARTESIAN_POINT('Ctrl Pts',(45.,4.02009098790587,10.2717585494866));
#8213=CARTESIAN_POINT('Ctrl Pts',(46.,4.02009098790587,10.2717585494866));
#8214=CARTESIAN_POINT('',(45.,3.12513916753233,7.88703870085378));
#8215=CARTESIAN_POINT('Ctrl Pts',(45.,3.12513916753233,7.88703870085378));
#8216=CARTESIAN_POINT('Ctrl Pts',(45.,3.14752365232149,8.37483025940765));
#8217=CARTESIAN_POINT('Ctrl Pts',(45.,3.18869522064965,9.27202059780778));
#8218=CARTESIAN_POINT('Ctrl Pts',(45.,3.75958643606875,9.95850666955924));
#8219=CARTESIAN_POINT('Ctrl Pts',(45.,4.02009098790587,10.2717585494866));
#8220=CARTESIAN_POINT('',(45.,3.12513916753233,7.88703870085378));
#8221=CARTESIAN_POINT('Ctrl Pts',(45.,3.8754805829376,5.63874375132222));
#8222=CARTESIAN_POINT('Ctrl Pts',(46.,3.8754805829376,5.63874375132222));
#8223=CARTESIAN_POINT('Ctrl Pts',(45.,3.65704003796484,5.94528977629066));
#8224=CARTESIAN_POINT('Ctrl Pts',(46.,3.65704003796484,5.94528977629066));
#8225=CARTESIAN_POINT('Ctrl Pts',(45.,3.17998265612859,6.61476276310267));
#8226=CARTESIAN_POINT('Ctrl Pts',(46.,3.17998265612859,6.61476276310267));
#8227=CARTESIAN_POINT('Ctrl Pts',(45.,3.14441869260308,7.43978641135494));
#8228=CARTESIAN_POINT('Ctrl Pts',(46.,3.14441869260308,7.43978641135494));
#8229=CARTESIAN_POINT('Ctrl Pts',(45.,3.12513916753233,7.88703870085378));
#8230=CARTESIAN_POINT('Ctrl Pts',(46.,3.12513916753233,7.88703870085378));
#8231=CARTESIAN_POINT('Ctrl Pts',(45.,3.8754805829376,5.63874375132222));
#8232=CARTESIAN_POINT('Ctrl Pts',(45.,3.65704003796484,5.94528977629066));
#8233=CARTESIAN_POINT('Ctrl Pts',(45.,3.17998265612859,6.61476276310267));
#8234=CARTESIAN_POINT('Ctrl Pts',(45.,3.14441869260308,7.43978641135494));
#8235=CARTESIAN_POINT('Ctrl Pts',(45.,3.12513916753233,7.88703870085378));
#8236=CARTESIAN_POINT('Ctrl Pts',(45.,5.84273665212096,10.1025910308709));
#8237=CARTESIAN_POINT('Ctrl Pts',(46.,5.84273665212096,10.1025910308709));
#8238=CARTESIAN_POINT('Ctrl Pts',(45.,5.60769662444135,10.0797003717827));
#8239=CARTESIAN_POINT('Ctrl Pts',(46.,5.60769662444135,10.0797003717827));
#8240=CARTESIAN_POINT('Ctrl Pts',(45.,5.13799609898512,10.0339560162024));
#8241=CARTESIAN_POINT('Ctrl Pts',(46.,5.13799609898512,10.0339560162024));
#8242=CARTESIAN_POINT('Ctrl Pts',(45.,4.79281386959242,9.71218643875178));
#8243=CARTESIAN_POINT('Ctrl Pts',(46.,4.79281386959242,9.71218643875178));
#8244=CARTESIAN_POINT('Ctrl Pts',(45.,4.62036221288146,9.55143164900441));
#8245=CARTESIAN_POINT('Ctrl Pts',(46.,4.62036221288146,9.55143164900441));
#8246=CARTESIAN_POINT('',(45.,5.84273665212096,10.1025910308709));
#8247=CARTESIAN_POINT('',(45.,4.62036221288146,9.55143164900441));
#8248=CARTESIAN_POINT('Ctrl Pts',(45.,5.84273665212096,10.1025910308709));
#8249=CARTESIAN_POINT('Ctrl Pts',(45.,5.60769662444135,10.0797003717827));
#8250=CARTESIAN_POINT('Ctrl Pts',(45.,5.13799609898512,10.0339560162024));
#8251=CARTESIAN_POINT('Ctrl Pts',(45.,4.79281386959242,9.71218643875178));
#8252=CARTESIAN_POINT('Ctrl Pts',(45.,4.62036221288146,9.55143164900441));
#8253=CARTESIAN_POINT('',(45.,5.84273665212096,10.1025910308709));
#8254=CARTESIAN_POINT('',(45.,4.62036221288146,9.55143164900441));
#8255=CARTESIAN_POINT('Ctrl Pts',(45.,7.05692379735411,9.54870294836659));
#8256=CARTESIAN_POINT('Ctrl Pts',(46.,7.05692379735411,9.54870294836659));
#8257=CARTESIAN_POINT('Ctrl Pts',(45.,6.88483755945419,9.71025234901864));
#8258=CARTESIAN_POINT('Ctrl Pts',(46.,6.88483755945419,9.71025234901864));
#8259=CARTESIAN_POINT('Ctrl Pts',(45.,6.54236328597831,10.0317569288965));
#8260=CARTESIAN_POINT('Ctrl Pts',(46.,6.54236328597831,10.0317569288965));
#8261=CARTESIAN_POINT('Ctrl Pts',(45.,6.07517332308623,10.0790578460878));
#8262=CARTESIAN_POINT('Ctrl Pts',(46.,6.07517332308623,10.0790578460878));
#8263=CARTESIAN_POINT('Ctrl Pts',(45.,5.84273665212096,10.1025910308709));
#8264=CARTESIAN_POINT('Ctrl Pts',(46.,5.84273665212096,10.1025910308709));
#8265=CARTESIAN_POINT('',(45.,7.05692379735411,9.54870294836659));
#8266=CARTESIAN_POINT('Ctrl Pts',(45.,7.05692379735411,9.54870294836659));
#8267=CARTESIAN_POINT('Ctrl Pts',(45.,6.88483755945419,9.71025234901864));
#8268=CARTESIAN_POINT('Ctrl Pts',(45.,6.54236328597831,10.0317569288965));
#8269=CARTESIAN_POINT('Ctrl Pts',(45.,6.07517332308623,10.0790578460878));
#8270=CARTESIAN_POINT('Ctrl Pts',(45.,5.84273665212096,10.1025910308709));
#8271=CARTESIAN_POINT('',(45.,7.05692379735411,9.54870294836659));
#8272=CARTESIAN_POINT('Ctrl Pts',(45.,7.54532902501524,7.91978072432179));
#8273=CARTESIAN_POINT('Ctrl Pts',(46.,7.54532902501524,7.91978072432179));
#8274=CARTESIAN_POINT('Ctrl Pts',(45.,7.53471153890779,8.24433435825262));
#8275=CARTESIAN_POINT('Ctrl Pts',(46.,7.53471153890779,8.24433435825262));
#8276=CARTESIAN_POINT('Ctrl Pts',(45.,7.51544425284492,8.83329370742382));
#8277=CARTESIAN_POINT('Ctrl Pts',(46.,7.51544425284492,8.83329370742382));
#8278=CARTESIAN_POINT('Ctrl Pts',(45.,7.19899128293836,9.32704131733711));
#8279=CARTESIAN_POINT('Ctrl Pts',(46.,7.19899128293836,9.32704131733711));
#8280=CARTESIAN_POINT('Ctrl Pts',(45.,7.05692379735411,9.54870294836659));
#8281=CARTESIAN_POINT('Ctrl Pts',(46.,7.05692379735411,9.54870294836659));
#8282=CARTESIAN_POINT('',(45.,7.54532902501524,7.91978072432179));
#8283=CARTESIAN_POINT('Ctrl Pts',(45.,7.54532902501524,7.91978072432179));
#8284=CARTESIAN_POINT('Ctrl Pts',(45.,7.53471153890779,8.24433435825262));
#8285=CARTESIAN_POINT('Ctrl Pts',(45.,7.51544425284492,8.83329370742382));
#8286=CARTESIAN_POINT('Ctrl Pts',(45.,7.19899128293836,9.32704131733711));
#8287=CARTESIAN_POINT('Ctrl Pts',(45.,7.05692379735411,9.54870294836659));
#8288=CARTESIAN_POINT('',(45.,7.54532902501524,7.91978072432179));
#8289=CARTESIAN_POINT('Ctrl Pts',(45.,7.05965369008482,6.22264575270314));
#8290=CARTESIAN_POINT('Ctrl Pts',(46.,7.05965369008482,6.22264575270314));
#8291=CARTESIAN_POINT('Ctrl Pts',(45.,7.20081066910535,6.45073997159564));
#8292=CARTESIAN_POINT('Ctrl Pts',(46.,7.20081066910535,6.45073997159564));
#8293=CARTESIAN_POINT('Ctrl Pts',(45.,7.52067413906619,6.96760430830229));
#8294=CARTESIAN_POINT('Ctrl Pts',(46.,7.52067413906619,6.96760430830229));
#8295=CARTESIAN_POINT('Ctrl Pts',(45.,7.53649177347983,7.57848437795667));
#8296=CARTESIAN_POINT('Ctrl Pts',(46.,7.53649177347983,7.57848437795667));
#8297=CARTESIAN_POINT('Ctrl Pts',(45.,7.54532902501524,7.91978072432179));
#8298=CARTESIAN_POINT('Ctrl Pts',(46.,7.54532902501524,7.91978072432179));
#8299=CARTESIAN_POINT('',(45.,7.05965369008482,6.22264575270314));
#8300=CARTESIAN_POINT('Ctrl Pts',(45.,7.05965369008482,6.22264575270314));
#8301=CARTESIAN_POINT('Ctrl Pts',(45.,7.20081066910535,6.45073997159564));
#8302=CARTESIAN_POINT('Ctrl Pts',(45.,7.52067413906619,6.96760430830229));
#8303=CARTESIAN_POINT('Ctrl Pts',(45.,7.53649177347983,7.57848437795667));
#8304=CARTESIAN_POINT('Ctrl Pts',(45.,7.54532902501524,7.91978072432179));
#8305=CARTESIAN_POINT('',(45.,7.05965369008482,6.22264575270314));
#8306=CARTESIAN_POINT('Ctrl Pts',(45.,5.84273665212095,5.66602896956105));
#8307=CARTESIAN_POINT('Ctrl Pts',(46.,5.84273665212095,5.66602896956105));
#8308=CARTESIAN_POINT('Ctrl Pts',(45.,6.07648703245984,5.68949066108761));
#8309=CARTESIAN_POINT('Ctrl Pts',(46.,6.07648703245984,5.68949066108761));
#8310=CARTESIAN_POINT('Ctrl Pts',(45.,6.54535495899354,5.73655126754774));
#8311=CARTESIAN_POINT('Ctrl Pts',(46.,6.54535495899354,5.73655126754774));
#8312=CARTESIAN_POINT('Ctrl Pts',(45.,6.88788785066114,6.06029958648808));
#8313=CARTESIAN_POINT('Ctrl Pts',(46.,6.88788785066114,6.06029958648808));
#8314=CARTESIAN_POINT('Ctrl Pts',(45.,7.05965369008482,6.22264575270314));
#8315=CARTESIAN_POINT('Ctrl Pts',(46.,7.05965369008482,6.22264575270314));
#8316=CARTESIAN_POINT('',(45.,5.84273665212095,5.66602896956105));
#8317=CARTESIAN_POINT('Ctrl Pts',(45.,5.84273665212095,5.66602896956105));
#8318=CARTESIAN_POINT('Ctrl Pts',(45.,6.07648703245984,5.68949066108761));
#8319=CARTESIAN_POINT('Ctrl Pts',(45.,6.54535495899354,5.73655126754774));
#8320=CARTESIAN_POINT('Ctrl Pts',(45.,6.88788785066114,6.06029958648808));
#8321=CARTESIAN_POINT('Ctrl Pts',(45.,7.05965369008482,6.22264575270314));
#8322=CARTESIAN_POINT('',(45.,5.84273665212095,5.66602896956105));
#8323=CARTESIAN_POINT('Ctrl Pts',(45.,4.62036221288145,6.21991705206532));
#8324=CARTESIAN_POINT('Ctrl Pts',(46.,4.62036221288145,6.21991705206532));
#8325=CARTESIAN_POINT('Ctrl Pts',(45.,4.79271525926263,6.05836651035349));
#8326=CARTESIAN_POINT('Ctrl Pts',(46.,4.79271525926263,6.05836651035349));
#8327=CARTESIAN_POINT('Ctrl Pts',(45.,5.13742597415846,5.73526109449602));
#8328=CARTESIAN_POINT('Ctrl Pts',(46.,5.13742597415846,5.73526109449602));
#8329=CARTESIAN_POINT('Ctrl Pts',(45.,5.6076309911825,5.68910655083067));
#8330=CARTESIAN_POINT('Ctrl Pts',(46.,5.6076309911825,5.68910655083067));
#8331=CARTESIAN_POINT('Ctrl Pts',(45.,5.84273665212095,5.66602896956105));
#8332=CARTESIAN_POINT('Ctrl Pts',(46.,5.84273665212095,5.66602896956105));
#8333=CARTESIAN_POINT('',(45.,4.62036221288145,6.21991705206532));
#8334=CARTESIAN_POINT('Ctrl Pts',(45.,4.62036221288145,6.21991705206532));
#8335=CARTESIAN_POINT('Ctrl Pts',(45.,4.79271525926263,6.05836651035349));
#8336=CARTESIAN_POINT('Ctrl Pts',(45.,5.13742597415846,5.73526109449602));
#8337=CARTESIAN_POINT('Ctrl Pts',(45.,5.6076309911825,5.68910655083067));
#8338=CARTESIAN_POINT('Ctrl Pts',(45.,5.84273665212095,5.66602896956105));
#8339=CARTESIAN_POINT('',(45.,4.62036221288145,6.21991705206532));
#8340=CARTESIAN_POINT('Ctrl Pts',(45.,4.13468926213683,7.88703870085377));
#8341=CARTESIAN_POINT('Ctrl Pts',(46.,4.13468926213683,7.88703870085377));
#8342=CARTESIAN_POINT('Ctrl Pts',(45.,4.14415824416886,7.55285339154824));
#8343=CARTESIAN_POINT('Ctrl Pts',(46.,4.14415824416886,7.55285339154824));
#8344=CARTESIAN_POINT('Ctrl Pts',(45.,4.16119072012875,6.95173246559867));
#8345=CARTESIAN_POINT('Ctrl Pts',(46.,4.16119072012875,6.95173246559867));
#8346=CARTESIAN_POINT('Ctrl Pts',(45.,4.47916262558604,6.44495722986004));
#8347=CARTESIAN_POINT('Ctrl Pts',(46.,4.47916262558604,6.44495722986004));
#8348=CARTESIAN_POINT('Ctrl Pts',(45.,4.62036221288145,6.21991705206532));
#8349=CARTESIAN_POINT('Ctrl Pts',(46.,4.62036221288145,6.21991705206532));
#8350=CARTESIAN_POINT('',(45.,4.13468926213683,7.88703870085377));
#8351=CARTESIAN_POINT('Ctrl Pts',(45.,4.13468926213683,7.88703870085377));
#8352=CARTESIAN_POINT('Ctrl Pts',(45.,4.14415824416886,7.55285339154824));
#8353=CARTESIAN_POINT('Ctrl Pts',(45.,4.16119072012875,6.95173246559867));
#8354=CARTESIAN_POINT('Ctrl Pts',(45.,4.47916262558604,6.44495722986004));
#8355=CARTESIAN_POINT('Ctrl Pts',(45.,4.62036221288145,6.21991705206532));
#8356=CARTESIAN_POINT('',(45.,4.13468926213683,7.88703870085377));
#8357=CARTESIAN_POINT('Ctrl Pts',(45.,4.62036221288146,9.55143164900441));
#8358=CARTESIAN_POINT('Ctrl Pts',(46.,4.62036221288146,9.55143164900441));
#8359=CARTESIAN_POINT('Ctrl Pts',(45.,4.47916996245239,9.32708564549754));
#8360=CARTESIAN_POINT('Ctrl Pts',(46.,4.47916996245239,9.32708564549754));
#8361=CARTESIAN_POINT('Ctrl Pts',(45.,4.16092707012726,8.82141680871191));
#8362=CARTESIAN_POINT('Ctrl Pts',(46.,4.16092707012726,8.82141680871191));
#8363=CARTESIAN_POINT('Ctrl Pts',(45.,4.1440683887066,8.22104718741729));
#8364=CARTESIAN_POINT('Ctrl Pts',(46.,4.1440683887066,8.22104718741729));
#8365=CARTESIAN_POINT('Ctrl Pts',(45.,4.13468926213683,7.88703870085377));
#8366=CARTESIAN_POINT('Ctrl Pts',(46.,4.13468926213683,7.88703870085377));
#8367=CARTESIAN_POINT('Ctrl Pts',(45.,4.62036221288146,9.55143164900441));
#8368=CARTESIAN_POINT('Ctrl Pts',(45.,4.47916996245239,9.32708564549754));
#8369=CARTESIAN_POINT('Ctrl Pts',(45.,4.16092707012726,8.82141680871191));
#8370=CARTESIAN_POINT('Ctrl Pts',(45.,4.1440683887066,8.22104718741729));
#8371=CARTESIAN_POINT('Ctrl Pts',(45.,4.13468926213683,7.88703870085377));
#8372=CARTESIAN_POINT('Origin',(45.,-40.,0.));
#8373=CARTESIAN_POINT('Origin',(46.,-40.,0.));
#8374=CARTESIAN_POINT('',(46.,-1.76719577051698,8.15443228987356));
#8375=CARTESIAN_POINT('',(46.,-1.76719577051699,4.98935770300527));
#8376=CARTESIAN_POINT('',(46.,-1.76719577051698,8.15443228987356));
#8377=CARTESIAN_POINT('',(46.,-1.31153495050966,9.66602873114248));
#8378=CARTESIAN_POINT('Ctrl Pts',(46.,-1.31153495050966,9.66602873114248));
#8379=CARTESIAN_POINT('Ctrl Pts',(46.,-1.44351842787885,9.47981687999613));
#8380=CARTESIAN_POINT('Ctrl Pts',(46.,-1.76076731762181,9.03221916389784));
#8381=CARTESIAN_POINT('Ctrl Pts',(46.,-1.7648257484668,8.47805202866979));
#8382=CARTESIAN_POINT('Ctrl Pts',(46.,-1.76719577051698,8.15443228987356));
#8383=CARTESIAN_POINT('',(46.,-0.228315899148572,10.0643916061272));
#8384=CARTESIAN_POINT('Ctrl Pts',(46.,-0.228315899148572,10.0643916061272));
#8385=CARTESIAN_POINT('Ctrl Pts',(46.,-0.429565134462415,10.0484652117192));
#8386=CARTESIAN_POINT('Ctrl Pts',(46.,-0.828088790269181,10.0169269804638));
#8387=CARTESIAN_POINT('Ctrl Pts',(46.,-1.15146132003859,9.78221448524355));
#8388=CARTESIAN_POINT('Ctrl Pts',(46.,-1.31153495050966,9.66602873114248));
#8389=CARTESIAN_POINT('',(46.,0.456541469320666,9.88703798559804));
#8390=CARTESIAN_POINT('Ctrl Pts',(46.,0.456541469320666,9.88703798559804));
#8391=CARTESIAN_POINT('Ctrl Pts',(46.,0.352760753749267,9.93874653766512));
#8392=CARTESIAN_POINT('Ctrl Pts',(46.,0.137239487345585,10.0461296151862));
#8393=CARTESIAN_POINT('Ctrl Pts',(46.,-0.103500359738688,10.0581562165414));
#8394=CARTESIAN_POINT('Ctrl Pts',(46.,-0.228315899148572,10.0643916061272));
#8395=CARTESIAN_POINT('',(46.,0.863090446218859,9.41227745321889));
#8396=CARTESIAN_POINT('Ctrl Pts',(46.,0.863090446218859,9.41227745321889));
#8397=CARTESIAN_POINT('Ctrl Pts',(46.,0.81661549033009,9.50694224713999));
#8398=CARTESIAN_POINT('Ctrl Pts',(46.,0.721885892585974,9.69989687565303));
#8399=CARTESIAN_POINT('Ctrl Pts',(46.,0.546090500380661,9.82388118410645));
#8400=CARTESIAN_POINT('Ctrl Pts',(46.,0.456541469320666,9.88703798559804));
#8401=CARTESIAN_POINT('',(46.,0.977688720449815,8.51459633616109));
#8402=CARTESIAN_POINT('Ctrl Pts',(46.,0.977688720449815,8.51459633616109));
#8403=CARTESIAN_POINT('Ctrl Pts',(46.,0.976745729644423,8.69066561370167));
#8404=CARTESIAN_POINT('Ctrl Pts',(46.,0.975115434560731,8.99506399799252));
#8405=CARTESIAN_POINT('Ctrl Pts',(46.,0.896312432307689,9.28854916892482));
#8406=CARTESIAN_POINT('Ctrl Pts',(46.,0.863090446218859,9.41227745321889));
#8407=CARTESIAN_POINT('',(46.,0.977688720449811,4.98935770300527));
#8408=CARTESIAN_POINT('',(46.,0.977688720449811,4.98935770300527));
#8409=CARTESIAN_POINT('',(46.,1.95995180867613,4.98935770300527));
#8410=CARTESIAN_POINT('',(46.,1.95995180867613,4.98935770300527));
#8411=CARTESIAN_POINT('',(46.,1.95995180867613,8.55279516485829));
#8412=CARTESIAN_POINT('',(46.,1.95995180867613,8.55279516485829));
#8413=CARTESIAN_POINT('',(46.,1.90538018010558,9.50777482298512));
#8414=CARTESIAN_POINT('Ctrl Pts',(46.,1.90538018010558,9.50777482298512));
#8415=CARTESIAN_POINT('Ctrl Pts',(46.,1.92112912000293,9.38285730863532));
#8416=CARTESIAN_POINT('Ctrl Pts',(46.,1.96108045380754,9.06597113430484));
#8417=CARTESIAN_POINT('Ctrl Pts',(46.,1.96037759709134,8.74639400001979));
#8418=CARTESIAN_POINT('Ctrl Pts',(46.,1.95995180867613,8.55279516485829));
#8419=CARTESIAN_POINT('',(46.,1.59978955052794,10.2335597207894));
#8420=CARTESIAN_POINT('Ctrl Pts',(46.,1.59978955052794,10.2335597207894));
#8421=CARTESIAN_POINT('Ctrl Pts',(46.,1.66754727216465,10.1246597282431));
#8422=CARTESIAN_POINT('Ctrl Pts',(46.,1.8078921585893,9.8990978776323));
#8423=CARTESIAN_POINT('Ctrl Pts',(46.,1.87214714147962,9.64117433184833));
#8424=CARTESIAN_POINT('Ctrl Pts',(46.,1.90538018010558,9.50777482298512));
#8425=CARTESIAN_POINT('',(46.,0.942216804251087,10.7274205615868));
#8426=CARTESIAN_POINT('Ctrl Pts',(46.,0.942216804251087,10.7274205615868));
#8427=CARTESIAN_POINT('Ctrl Pts',(46.,1.07674114314534,10.6634004066784));
#8428=CARTESIAN_POINT('Ctrl Pts',(46.,1.32974870921465,10.5429940645556));
#8429=CARTESIAN_POINT('Ctrl Pts',(46.,1.51366275834437,10.3322506717226));
#8430=CARTESIAN_POINT('Ctrl Pts',(46.,1.59978955052794,10.2335597207894));
#8431=CARTESIAN_POINT('',(46.,-0.0209489557891956,10.9156877925744));
#8432=CARTESIAN_POINT('Ctrl Pts',(46.,-0.0209489557891956,10.9156877925744));
#8433=CARTESIAN_POINT('Ctrl Pts',(46.,0.148332823707639,10.9086122316334));
#8434=CARTESIAN_POINT('Ctrl Pts',(46.,0.479075715943708,10.8947879943366));
#8435=CARTESIAN_POINT('Ctrl Pts',(46.,0.790289402772268,10.7823232678934));
#8436=CARTESIAN_POINT('Ctrl Pts',(46.,0.942216804251087,10.7274205615868));
#8437=CARTESIAN_POINT('',(46.,-1.86542422510682,9.96070813444753));
#8438=CARTESIAN_POINT('Ctrl Pts',(46.,-1.86542422510682,9.96070813444753));
#8439=CARTESIAN_POINT('Ctrl Pts',(46.,-1.62609550706205,10.2392271849378));
#8440=CARTESIAN_POINT('Ctrl Pts',(46.,-1.14035402242306,10.8045093549616));
#8441=CARTESIAN_POINT('Ctrl Pts',(46.,-0.397694291822189,10.8782697398189));
#8442=CARTESIAN_POINT('Ctrl Pts',(46.,-0.0209489557891956,10.9156877925744));
#8443=CARTESIAN_POINT('',(46.,-1.86542422510682,10.7847191026558));
#8444=CARTESIAN_POINT('',(46.,-1.86542422510682,10.7847191026558));
#8445=CARTESIAN_POINT('',(46.,-2.74946124292909,10.7847191026558));
#8446=CARTESIAN_POINT('',(46.,-2.74946124292909,10.7847191026558));
#8447=CARTESIAN_POINT('',(46.,-2.7494612429291,4.98935770300527));
#8448=CARTESIAN_POINT('',(46.,-2.74946124292909,4.98935770300527));
#8449=CARTESIAN_POINT('',(46.,-1.76719577051699,4.98935770300527));
#8450=CARTESIAN_POINT('Origin',(45.,-1.76719577051698,6.57189499643941));
#8451=CARTESIAN_POINT('',(45.,-1.76719577051698,8.15443228987356));
#8452=CARTESIAN_POINT('',(45.,-1.76719577051699,4.98935770300527));
#8453=CARTESIAN_POINT('',(45.,-1.76719577051699,3.28594749821968));
#8454=CARTESIAN_POINT('',(45.,-1.76719577051698,8.15443228987356));
#8455=CARTESIAN_POINT('',(45.,-1.76719577051699,4.98935770300527));
#8456=CARTESIAN_POINT('Ctrl Pts',(45.,-1.31153495050966,9.66602873114248));
#8457=CARTESIAN_POINT('Ctrl Pts',(46.,-1.31153495050966,9.66602873114248));
#8458=CARTESIAN_POINT('Ctrl Pts',(45.,-1.44351842787885,9.47981687999613));
#8459=CARTESIAN_POINT('Ctrl Pts',(46.,-1.44351842787885,9.47981687999613));
#8460=CARTESIAN_POINT('Ctrl Pts',(45.,-1.76076731762181,9.03221916389784));
#8461=CARTESIAN_POINT('Ctrl Pts',(46.,-1.76076731762181,9.03221916389784));
#8462=CARTESIAN_POINT('Ctrl Pts',(45.,-1.7648257484668,8.47805202866979));
#8463=CARTESIAN_POINT('Ctrl Pts',(46.,-1.7648257484668,8.47805202866979));
#8464=CARTESIAN_POINT('Ctrl Pts',(45.,-1.76719577051698,8.15443228987356));
#8465=CARTESIAN_POINT('Ctrl Pts',(46.,-1.76719577051698,8.15443228987356));
#8466=CARTESIAN_POINT('',(45.,-1.31153495050966,9.66602873114248));
#8467=CARTESIAN_POINT('Ctrl Pts',(45.,-1.31153495050966,9.66602873114248));
#8468=CARTESIAN_POINT('Ctrl Pts',(45.,-1.44351842787885,9.47981687999613));
#8469=CARTESIAN_POINT('Ctrl Pts',(45.,-1.76076731762181,9.03221916389784));
#8470=CARTESIAN_POINT('Ctrl Pts',(45.,-1.7648257484668,8.47805202866979));
#8471=CARTESIAN_POINT('Ctrl Pts',(45.,-1.76719577051698,8.15443228987356));
#8472=CARTESIAN_POINT('',(45.,-1.31153495050966,9.66602873114248));
#8473=CARTESIAN_POINT('Ctrl Pts',(45.,-0.228315899148572,10.0643916061272));
#8474=CARTESIAN_POINT('Ctrl Pts',(46.,-0.228315899148572,10.0643916061272));
#8475=CARTESIAN_POINT('Ctrl Pts',(45.,-0.429565134462415,10.0484652117192));
#8476=CARTESIAN_POINT('Ctrl Pts',(46.,-0.429565134462415,10.0484652117192));
#8477=CARTESIAN_POINT('Ctrl Pts',(45.,-0.828088790269181,10.0169269804638));
#8478=CARTESIAN_POINT('Ctrl Pts',(46.,-0.828088790269181,10.0169269804638));
#8479=CARTESIAN_POINT('Ctrl Pts',(45.,-1.15146132003859,9.78221448524355));
#8480=CARTESIAN_POINT('Ctrl Pts',(46.,-1.15146132003859,9.78221448524355));
#8481=CARTESIAN_POINT('Ctrl Pts',(45.,-1.31153495050966,9.66602873114248));
#8482=CARTESIAN_POINT('Ctrl Pts',(46.,-1.31153495050966,9.66602873114248));
#8483=CARTESIAN_POINT('',(45.,-0.228315899148572,10.0643916061272));
#8484=CARTESIAN_POINT('Ctrl Pts',(45.,-0.228315899148572,10.0643916061272));
#8485=CARTESIAN_POINT('Ctrl Pts',(45.,-0.429565134462415,10.0484652117192));
#8486=CARTESIAN_POINT('Ctrl Pts',(45.,-0.828088790269181,10.0169269804638));
#8487=CARTESIAN_POINT('Ctrl Pts',(45.,-1.15146132003859,9.78221448524355));
#8488=CARTESIAN_POINT('Ctrl Pts',(45.,-1.31153495050966,9.66602873114248));
#8489=CARTESIAN_POINT('',(45.,-0.228315899148572,10.0643916061272));
#8490=CARTESIAN_POINT('Ctrl Pts',(45.,0.456541469320666,9.88703798559804));
#8491=CARTESIAN_POINT('Ctrl Pts',(46.,0.456541469320666,9.88703798559804));
#8492=CARTESIAN_POINT('Ctrl Pts',(45.,0.352760753749267,9.93874653766512));
#8493=CARTESIAN_POINT('Ctrl Pts',(46.,0.352760753749267,9.93874653766512));
#8494=CARTESIAN_POINT('Ctrl Pts',(45.,0.137239487345585,10.0461296151862));
#8495=CARTESIAN_POINT('Ctrl Pts',(46.,0.137239487345585,10.0461296151862));
#8496=CARTESIAN_POINT('Ctrl Pts',(45.,-0.103500359738688,10.0581562165414));
#8497=CARTESIAN_POINT('Ctrl Pts',(46.,-0.103500359738688,10.0581562165414));
#8498=CARTESIAN_POINT('Ctrl Pts',(45.,-0.228315899148572,10.0643916061272));
#8499=CARTESIAN_POINT('Ctrl Pts',(46.,-0.228315899148572,10.0643916061272));
#8500=CARTESIAN_POINT('',(45.,0.456541469320666,9.88703798559804));
#8501=CARTESIAN_POINT('Ctrl Pts',(45.,0.456541469320666,9.88703798559804));
#8502=CARTESIAN_POINT('Ctrl Pts',(45.,0.352760753749267,9.93874653766512));
#8503=CARTESIAN_POINT('Ctrl Pts',(45.,0.137239487345585,10.0461296151862));
#8504=CARTESIAN_POINT('Ctrl Pts',(45.,-0.103500359738688,10.0581562165414));
#8505=CARTESIAN_POINT('Ctrl Pts',(45.,-0.228315899148572,10.0643916061272));
#8506=CARTESIAN_POINT('',(45.,0.456541469320666,9.88703798559804));
#8507=CARTESIAN_POINT('Ctrl Pts',(45.,0.863090446218859,9.41227745321889));
#8508=CARTESIAN_POINT('Ctrl Pts',(46.,0.863090446218859,9.41227745321889));
#8509=CARTESIAN_POINT('Ctrl Pts',(45.,0.81661549033009,9.50694224713999));
#8510=CARTESIAN_POINT('Ctrl Pts',(46.,0.81661549033009,9.50694224713999));
#8511=CARTESIAN_POINT('Ctrl Pts',(45.,0.721885892585974,9.69989687565303));
#8512=CARTESIAN_POINT('Ctrl Pts',(46.,0.721885892585974,9.69989687565303));
#8513=CARTESIAN_POINT('Ctrl Pts',(45.,0.546090500380661,9.82388118410645));
#8514=CARTESIAN_POINT('Ctrl Pts',(46.,0.546090500380661,9.82388118410645));
#8515=CARTESIAN_POINT('Ctrl Pts',(45.,0.456541469320666,9.88703798559804));
#8516=CARTESIAN_POINT('Ctrl Pts',(46.,0.456541469320666,9.88703798559804));
#8517=CARTESIAN_POINT('',(45.,0.863090446218859,9.41227745321889));
#8518=CARTESIAN_POINT('Ctrl Pts',(45.,0.863090446218859,9.41227745321889));
#8519=CARTESIAN_POINT('Ctrl Pts',(45.,0.81661549033009,9.50694224713999));
#8520=CARTESIAN_POINT('Ctrl Pts',(45.,0.721885892585974,9.69989687565303));
#8521=CARTESIAN_POINT('Ctrl Pts',(45.,0.546090500380661,9.82388118410645));
#8522=CARTESIAN_POINT('Ctrl Pts',(45.,0.456541469320666,9.88703798559804));
#8523=CARTESIAN_POINT('',(45.,0.863090446218859,9.41227745321889));
#8524=CARTESIAN_POINT('Ctrl Pts',(45.,0.977688720449815,8.51459633616109));
#8525=CARTESIAN_POINT('Ctrl Pts',(46.,0.977688720449815,8.51459633616109));
#8526=CARTESIAN_POINT('Ctrl Pts',(45.,0.976745729644423,8.69066561370167));
#8527=CARTESIAN_POINT('Ctrl Pts',(46.,0.976745729644423,8.69066561370167));
#8528=CARTESIAN_POINT('Ctrl Pts',(45.,0.975115434560731,8.99506399799252));
#8529=CARTESIAN_POINT('Ctrl Pts',(46.,0.975115434560731,8.99506399799252));
#8530=CARTESIAN_POINT('Ctrl Pts',(45.,0.896312432307689,9.28854916892482));
#8531=CARTESIAN_POINT('Ctrl Pts',(46.,0.896312432307689,9.28854916892482));
#8532=CARTESIAN_POINT('Ctrl Pts',(45.,0.863090446218859,9.41227745321889));
#8533=CARTESIAN_POINT('Ctrl Pts',(46.,0.863090446218859,9.41227745321889));
#8534=CARTESIAN_POINT('',(45.,0.977688720449815,8.51459633616109));
#8535=CARTESIAN_POINT('Ctrl Pts',(45.,0.977688720449815,8.51459633616109));
#8536=CARTESIAN_POINT('Ctrl Pts',(45.,0.976745729644423,8.69066561370167));
#8537=CARTESIAN_POINT('Ctrl Pts',(45.,0.975115434560731,8.99506399799252));
#8538=CARTESIAN_POINT('Ctrl Pts',(45.,0.896312432307689,9.28854916892482));
#8539=CARTESIAN_POINT('Ctrl Pts',(45.,0.863090446218859,9.41227745321889));
#8540=CARTESIAN_POINT('',(45.,0.977688720449815,8.51459633616109));
#8541=CARTESIAN_POINT('Origin',(45.,0.977688720449813,6.75197701958318));
#8542=CARTESIAN_POINT('',(45.,0.977688720449811,4.98935770300527));
#8543=CARTESIAN_POINT('',(45.,0.97768872044981,3.37598850979157));
#8544=CARTESIAN_POINT('',(45.,0.977688720449811,4.98935770300527));
#8545=CARTESIAN_POINT('Origin',(45.,1.46882026456297,4.98935770300527));
#8546=CARTESIAN_POINT('',(45.,1.95995180867613,4.98935770300527));
#8547=CARTESIAN_POINT('',(45.,-19.2655898677185,4.98935770300529));
#8548=CARTESIAN_POINT('',(45.,1.95995180867613,4.98935770300527));
#8549=CARTESIAN_POINT('Origin',(45.,1.95995180867613,6.77107643393178));
#8550=CARTESIAN_POINT('',(45.,1.95995180867613,8.55279516485829));
#8551=CARTESIAN_POINT('',(45.,1.95995180867613,3.38553821696587));
#8552=CARTESIAN_POINT('',(45.,1.95995180867613,8.55279516485829));
#8553=CARTESIAN_POINT('Ctrl Pts',(45.,1.90538018010558,9.50777482298512));
#8554=CARTESIAN_POINT('Ctrl Pts',(46.,1.90538018010558,9.50777482298512));
#8555=CARTESIAN_POINT('Ctrl Pts',(45.,1.92112912000293,9.38285730863532));
#8556=CARTESIAN_POINT('Ctrl Pts',(46.,1.92112912000293,9.38285730863532));
#8557=CARTESIAN_POINT('Ctrl Pts',(45.,1.96108045380754,9.06597113430484));
#8558=CARTESIAN_POINT('Ctrl Pts',(46.,1.96108045380754,9.06597113430484));
#8559=CARTESIAN_POINT('Ctrl Pts',(45.,1.96037759709134,8.74639400001979));
#8560=CARTESIAN_POINT('Ctrl Pts',(46.,1.96037759709134,8.74639400001979));
#8561=CARTESIAN_POINT('Ctrl Pts',(45.,1.95995180867613,8.55279516485829));
#8562=CARTESIAN_POINT('Ctrl Pts',(46.,1.95995180867613,8.55279516485829));
#8563=CARTESIAN_POINT('',(45.,1.90538018010558,9.50777482298512));
#8564=CARTESIAN_POINT('Ctrl Pts',(45.,1.90538018010558,9.50777482298512));
#8565=CARTESIAN_POINT('Ctrl Pts',(45.,1.92112912000293,9.38285730863532));
#8566=CARTESIAN_POINT('Ctrl Pts',(45.,1.96108045380754,9.06597113430484));
#8567=CARTESIAN_POINT('Ctrl Pts',(45.,1.96037759709134,8.74639400001979));
#8568=CARTESIAN_POINT('Ctrl Pts',(45.,1.95995180867613,8.55279516485829));
#8569=CARTESIAN_POINT('',(45.,1.90538018010558,9.50777482298512));
#8570=CARTESIAN_POINT('Ctrl Pts',(45.,1.59978955052794,10.2335597207894));
#8571=CARTESIAN_POINT('Ctrl Pts',(46.,1.59978955052794,10.2335597207894));
#8572=CARTESIAN_POINT('Ctrl Pts',(45.,1.66754727216465,10.1246597282431));
#8573=CARTESIAN_POINT('Ctrl Pts',(46.,1.66754727216465,10.1246597282431));
#8574=CARTESIAN_POINT('Ctrl Pts',(45.,1.8078921585893,9.8990978776323));
#8575=CARTESIAN_POINT('Ctrl Pts',(46.,1.8078921585893,9.8990978776323));
#8576=CARTESIAN_POINT('Ctrl Pts',(45.,1.87214714147962,9.64117433184833));
#8577=CARTESIAN_POINT('Ctrl Pts',(46.,1.87214714147962,9.64117433184833));
#8578=CARTESIAN_POINT('Ctrl Pts',(45.,1.90538018010558,9.50777482298512));
#8579=CARTESIAN_POINT('Ctrl Pts',(46.,1.90538018010558,9.50777482298512));
#8580=CARTESIAN_POINT('',(45.,1.59978955052794,10.2335597207894));
#8581=CARTESIAN_POINT('Ctrl Pts',(45.,1.59978955052794,10.2335597207894));
#8582=CARTESIAN_POINT('Ctrl Pts',(45.,1.66754727216465,10.1246597282431));
#8583=CARTESIAN_POINT('Ctrl Pts',(45.,1.8078921585893,9.8990978776323));
#8584=CARTESIAN_POINT('Ctrl Pts',(45.,1.87214714147962,9.64117433184833));
#8585=CARTESIAN_POINT('Ctrl Pts',(45.,1.90538018010558,9.50777482298512));
#8586=CARTESIAN_POINT('',(45.,1.59978955052794,10.2335597207894));
#8587=CARTESIAN_POINT('Ctrl Pts',(45.,0.942216804251087,10.7274205615868));
#8588=CARTESIAN_POINT('Ctrl Pts',(46.,0.942216804251087,10.7274205615868));
#8589=CARTESIAN_POINT('Ctrl Pts',(45.,1.07674114314534,10.6634004066784));
#8590=CARTESIAN_POINT('Ctrl Pts',(46.,1.07674114314534,10.6634004066784));
#8591=CARTESIAN_POINT('Ctrl Pts',(45.,1.32974870921465,10.5429940645556));
#8592=CARTESIAN_POINT('Ctrl Pts',(46.,1.32974870921465,10.5429940645556));
#8593=CARTESIAN_POINT('Ctrl Pts',(45.,1.51366275834437,10.3322506717226));
#8594=CARTESIAN_POINT('Ctrl Pts',(46.,1.51366275834437,10.3322506717226));
#8595=CARTESIAN_POINT('Ctrl Pts',(45.,1.59978955052794,10.2335597207894));
#8596=CARTESIAN_POINT('Ctrl Pts',(46.,1.59978955052794,10.2335597207894));
#8597=CARTESIAN_POINT('',(45.,0.942216804251087,10.7274205615868));
#8598=CARTESIAN_POINT('Ctrl Pts',(45.,0.942216804251087,10.7274205615868));
#8599=CARTESIAN_POINT('Ctrl Pts',(45.,1.07674114314534,10.6634004066784));
#8600=CARTESIAN_POINT('Ctrl Pts',(45.,1.32974870921465,10.5429940645556));
#8601=CARTESIAN_POINT('Ctrl Pts',(45.,1.51366275834437,10.3322506717226));
#8602=CARTESIAN_POINT('Ctrl Pts',(45.,1.59978955052794,10.2335597207894));
#8603=CARTESIAN_POINT('',(45.,0.942216804251087,10.7274205615868));
#8604=CARTESIAN_POINT('Ctrl Pts',(45.,-0.0209489557891956,10.9156877925744));
#8605=CARTESIAN_POINT('Ctrl Pts',(46.,-0.0209489557891956,10.9156877925744));
#8606=CARTESIAN_POINT('Ctrl Pts',(45.,0.148332823707639,10.9086122316334));
#8607=CARTESIAN_POINT('Ctrl Pts',(46.,0.148332823707639,10.9086122316334));
#8608=CARTESIAN_POINT('Ctrl Pts',(45.,0.479075715943708,10.8947879943366));
#8609=CARTESIAN_POINT('Ctrl Pts',(46.,0.479075715943708,10.8947879943366));
#8610=CARTESIAN_POINT('Ctrl Pts',(45.,0.790289402772268,10.7823232678934));
#8611=CARTESIAN_POINT('Ctrl Pts',(46.,0.790289402772268,10.7823232678934));
#8612=CARTESIAN_POINT('Ctrl Pts',(45.,0.942216804251087,10.7274205615868));
#8613=CARTESIAN_POINT('Ctrl Pts',(46.,0.942216804251087,10.7274205615868));
#8614=CARTESIAN_POINT('',(45.,-0.0209489557891956,10.9156877925744));
#8615=CARTESIAN_POINT('Ctrl Pts',(45.,-0.0209489557891956,10.9156877925744));
#8616=CARTESIAN_POINT('Ctrl Pts',(45.,0.148332823707639,10.9086122316334));
#8617=CARTESIAN_POINT('Ctrl Pts',(45.,0.479075715943708,10.8947879943366));
#8618=CARTESIAN_POINT('Ctrl Pts',(45.,0.790289402772268,10.7823232678934));
#8619=CARTESIAN_POINT('Ctrl Pts',(45.,0.942216804251087,10.7274205615868));
#8620=CARTESIAN_POINT('',(45.,-0.0209489557891956,10.9156877925744));
#8621=CARTESIAN_POINT('Ctrl Pts',(45.,-1.86542422510682,9.96070813444753));
#8622=CARTESIAN_POINT('Ctrl Pts',(46.,-1.86542422510682,9.96070813444753));
#8623=CARTESIAN_POINT('Ctrl Pts',(45.,-1.62609550706205,10.2392271849378));
#8624=CARTESIAN_POINT('Ctrl Pts',(46.,-1.62609550706205,10.2392271849378));
#8625=CARTESIAN_POINT('Ctrl Pts',(45.,-1.14035402242306,10.8045093549616));
#8626=CARTESIAN_POINT('Ctrl Pts',(46.,-1.14035402242306,10.8045093549616));
#8627=CARTESIAN_POINT('Ctrl Pts',(45.,-0.397694291822189,10.8782697398189));
#8628=CARTESIAN_POINT('Ctrl Pts',(46.,-0.397694291822189,10.8782697398189));
#8629=CARTESIAN_POINT('Ctrl Pts',(45.,-0.0209489557891956,10.9156877925744));
#8630=CARTESIAN_POINT('Ctrl Pts',(46.,-0.0209489557891956,10.9156877925744));
#8631=CARTESIAN_POINT('',(45.,-1.86542422510682,9.96070813444753));
#8632=CARTESIAN_POINT('Ctrl Pts',(45.,-1.86542422510682,9.96070813444753));
#8633=CARTESIAN_POINT('Ctrl Pts',(45.,-1.62609550706205,10.2392271849378));
#8634=CARTESIAN_POINT('Ctrl Pts',(45.,-1.14035402242306,10.8045093549616));
#8635=CARTESIAN_POINT('Ctrl Pts',(45.,-0.397694291822189,10.8782697398189));
#8636=CARTESIAN_POINT('Ctrl Pts',(45.,-0.0209489557891956,10.9156877925744));
#8637=CARTESIAN_POINT('',(45.,-1.86542422510682,9.96070813444753));
#8638=CARTESIAN_POINT('Origin',(45.,-1.86542422510682,10.3727136185517));
#8639=CARTESIAN_POINT('',(45.,-1.86542422510682,10.7847191026558));
#8640=CARTESIAN_POINT('',(45.,-1.86542422510683,5.18635680927582));
#8641=CARTESIAN_POINT('',(45.,-1.86542422510682,10.7847191026558));
#8642=CARTESIAN_POINT('Origin',(45.,-2.30744273401796,10.7847191026558));
#8643=CARTESIAN_POINT('',(45.,-2.74946124292909,10.7847191026558));
#8644=CARTESIAN_POINT('',(45.,-21.153721367009,10.7847191026559));
#8645=CARTESIAN_POINT('',(45.,-2.74946124292909,10.7847191026558));
#8646=CARTESIAN_POINT('Origin',(45.,-2.74946124292909,7.88703840283056));
#8647=CARTESIAN_POINT('',(45.,-2.7494612429291,4.98935770300527));
#8648=CARTESIAN_POINT('',(45.,-2.7494612429291,3.94351920141526));
#8649=CARTESIAN_POINT('',(45.,-2.7494612429291,4.98935770300527));
#8650=CARTESIAN_POINT('Origin',(45.,-2.25832850672304,4.98935770300527));
#8651=CARTESIAN_POINT('',(45.,-21.1291642533615,4.98935770300529));
#8652=CARTESIAN_POINT('Origin',(-48.8316478580237,53.4,12.0000001788139));
#8653=CARTESIAN_POINT('',(-48.8316478580237,53.4,4.00000005960464));
#8654=CARTESIAN_POINT('',(-48.8316478580237,53.4,4.00000005960464));
#8655=CARTESIAN_POINT('',(-48.8316478580237,53.4,6.00000008940699));
#8656=CARTESIAN_POINT('Origin',(-31.8316476047039,53.4,4.00000005960463));
#8657=CARTESIAN_POINT('',(-31.8316476047039,53.4,4.00000005960463));
#8658=CARTESIAN_POINT('',(-31.8316476047039,53.4,6.00000008940706));
#8659=CARTESIAN_POINT('',(-31.8316476047039,53.4,4.00000005960463));
#8660=CARTESIAN_POINT('Origin',(-9.20000000000001,6.7,4.));
#8661=CARTESIAN_POINT('',(-53.4,-30.,4.));
#8662=CARTESIAN_POINT('',(-53.4,-11.65,4.));
#8663=CARTESIAN_POINT('',(35.,-30.,4.));
#8664=CARTESIAN_POINT('',(12.9,-30.,4.));
#8665=CARTESIAN_POINT('',(35.,25.05,4.));
#8666=CARTESIAN_POINT('',(-1.91582392901184,53.4,4.00000005960461));
#8667=CARTESIAN_POINT('Origin',(35.,43.4,4.));
#8668=CARTESIAN_POINT('',(35.,-30.,4.));
#8669=CARTESIAN_POINT('Origin',(-53.4,-30.,4.));
#8670=CARTESIAN_POINT('',(-53.4,-30.,4.));
#8671=CARTESIAN_POINT('Origin',(35.,-30.,4.));
#8672=CARTESIAN_POINT('Origin',(40.,-35.,0.));
#8673=CARTESIAN_POINT('',(37.5,-35.,0.));
#8674=CARTESIAN_POINT('',(37.5,-35.,0.));
#8675=CARTESIAN_POINT('Origin',(40.,-35.,0.));
#8676=CARTESIAN_POINT('Origin',(-58.4,-35.,0.));
#8677=CARTESIAN_POINT('',(-60.9,-35.,0.));
#8678=CARTESIAN_POINT('',(-60.9,-35.,0.));
#8679=CARTESIAN_POINT('Origin',(-58.4,-35.,0.));
#8680=CARTESIAN_POINT('Origin',(40.,48.4,0.));
#8681=CARTESIAN_POINT('',(37.5,48.4,0.));
#8682=CARTESIAN_POINT('',(37.5,48.4,0.));
#8683=CARTESIAN_POINT('Origin',(40.,48.4,0.));
#8684=CARTESIAN_POINT('Origin',(-58.4,48.4,0.));
#8685=CARTESIAN_POINT('',(-60.9,48.4,0.));
#8686=CARTESIAN_POINT('',(-60.9,48.4,0.));
#8687=CARTESIAN_POINT('Origin',(-58.4,48.4,0.));
#8688=CARTESIAN_POINT('Origin',(45.,-40.,0.));
#8689=CARTESIAN_POINT('',(45.,53.4,0.));
#8690=CARTESIAN_POINT('',(45.,-40.,0.));
#8691=CARTESIAN_POINT('',(45.,53.4,0.));
#8692=CARTESIAN_POINT('',(45.,53.4,0.));
#8693=CARTESIAN_POINT('',(45.,-40.,0.));
#8694=CARTESIAN_POINT('Origin',(-63.4,-40.,0.));
#8695=CARTESIAN_POINT('',(-63.4,-40.,0.));
#8696=CARTESIAN_POINT('',(45.,-40.,0.));
#8697=CARTESIAN_POINT('',(-63.4,-40.,0.));
#8698=CARTESIAN_POINT('Origin',(-63.4,53.4,0.));
#8699=CARTESIAN_POINT('',(-63.4,53.4,0.));
#8700=CARTESIAN_POINT('',(-63.4,-40.,0.));
#8701=CARTESIAN_POINT('',(-63.4,53.4,0.));
#8702=CARTESIAN_POINT('Origin',(45.,53.4,0.));
#8703=CARTESIAN_POINT('',(-63.4,53.4,0.));
#8704=CARTESIAN_POINT('Origin',(-9.20000000000001,6.7,0.));
#8705=CARTESIAN_POINT('',(16.5946809138646,-14.6650668541129,0.));
#8706=CARTESIAN_POINT('',(0.,0.,0.));
#8707=CARTESIAN_POINT('',(-78.1683532333029,-32.3806985488851,3.25482160601442E-30));
#8708=UNCERTAINTY_MEASURE_WITH_UNIT(LENGTH_MEASURE(0.01),#8718,
'DISTANCE_ACCURACY_VALUE',
'Maximum model space distance between geometric entities at asserted c
onnectivities');
#8709=UNCERTAINTY_MEASURE_WITH_UNIT(LENGTH_MEASURE(0.01),#8718,
'DISTANCE_ACCURACY_VALUE',
'Maximum model space distance between geometric entities at asserted c
onnectivities');
#8710=UNCERTAINTY_MEASURE_WITH_UNIT(LENGTH_MEASURE(0.01),#8718,
'DISTANCE_ACCURACY_VALUE',
'Maximum model space distance between geometric entities at asserted c
onnectivities');
#8711=UNCERTAINTY_MEASURE_WITH_UNIT(LENGTH_MEASURE(0.01),#8718,
'DISTANCE_ACCURACY_VALUE',
'Maximum model space distance between geometric entities at asserted c
onnectivities');
#8712=UNCERTAINTY_MEASURE_WITH_UNIT(LENGTH_MEASURE(0.01),#8718,
'DISTANCE_ACCURACY_VALUE',
'Maximum model space distance between geometric entities at asserted c
onnectivities');
#8713=(
GEOMETRIC_REPRESENTATION_CONTEXT(3)
GLOBAL_UNCERTAINTY_ASSIGNED_CONTEXT((#8708))
GLOBAL_UNIT_ASSIGNED_CONTEXT((#8718,#8720,#8721))
REPRESENTATION_CONTEXT('','3D')
);
#8714=(
GEOMETRIC_REPRESENTATION_CONTEXT(3)
GLOBAL_UNCERTAINTY_ASSIGNED_CONTEXT((#8709))
GLOBAL_UNIT_ASSIGNED_CONTEXT((#8718,#8720,#8721))
REPRESENTATION_CONTEXT('','3D')
);
#8715=(
GEOMETRIC_REPRESENTATION_CONTEXT(3)
GLOBAL_UNCERTAINTY_ASSIGNED_CONTEXT((#8710))
GLOBAL_UNIT_ASSIGNED_CONTEXT((#8718,#8720,#8721))
REPRESENTATION_CONTEXT('','3D')
);
#8716=(
GEOMETRIC_REPRESENTATION_CONTEXT(3)
GLOBAL_UNCERTAINTY_ASSIGNED_CONTEXT((#8711))
GLOBAL_UNIT_ASSIGNED_CONTEXT((#8718,#8720,#8721))
REPRESENTATION_CONTEXT('','3D')
);
#8717=(
GEOMETRIC_REPRESENTATION_CONTEXT(3)
GLOBAL_UNCERTAINTY_ASSIGNED_CONTEXT((#8712))
GLOBAL_UNIT_ASSIGNED_CONTEXT((#8718,#8720,#8721))
REPRESENTATION_CONTEXT('','3D')
);
#8718=(
LENGTH_UNIT()
NAMED_UNIT(*)
SI_UNIT(.MILLI.,.METRE.)
);
#8719=(
LENGTH_UNIT()
NAMED_UNIT(*)
SI_UNIT($,.METRE.)
);
#8720=(
NAMED_UNIT(*)
PLANE_ANGLE_UNIT()
SI_UNIT($,.RADIAN.)
);
#8721=(
NAMED_UNIT(*)
SI_UNIT($,.STERADIAN.)
SOLID_ANGLE_UNIT()
);
#8722=SHAPE_DEFINITION_REPRESENTATION(#8726,#8733);
#8723=SHAPE_DEFINITION_REPRESENTATION(#8727,#8734);
#8724=SHAPE_DEFINITION_REPRESENTATION(#8728,#8735);
#8725=SHAPE_DEFINITION_REPRESENTATION(#8729,#8736);
#8726=PRODUCT_DEFINITION_SHAPE('',$,#8738);
#8727=PRODUCT_DEFINITION_SHAPE('',$,#8739);
#8728=PRODUCT_DEFINITION_SHAPE('',$,#8740);
#8729=PRODUCT_DEFINITION_SHAPE('',$,#8741);
#8730=PRODUCT_DEFINITION_SHAPE($,$,#20);
#8731=PRODUCT_DEFINITION_SHAPE($,$,#21);
#8732=PRODUCT_DEFINITION_SHAPE($,$,#22);
#8733=SHAPE_REPRESENTATION('',(#4648,#4858,#4859,#4860),#8713);
#8734=SHAPE_REPRESENTATION('',(#4649),#8714);
#8735=SHAPE_REPRESENTATION('',(#4650),#8715);
#8736=SHAPE_REPRESENTATION('',(#4777),#8716);
#8737=PRODUCT_DEFINITION_CONTEXT('part definition',#8751,'design');
#8738=PRODUCT_DEFINITION('2026-09-12-14-16-30-601','ArnoPad case lid',#8742,
#8737);
#8739=PRODUCT_DEFINITION('2026-09-12-10-00-27-110',
'plate-2026-09-11T15_00_12.190Z',#8743,#8737);
#8740=PRODUCT_DEFINITION('2026-09-13-12-20-58-795','External1',#8744,#8737);
#8741=PRODUCT_DEFINITION('2026-09-11-17-03-47-557','ArnoPad case',#8745,
#8737);
#8742=PRODUCT_DEFINITION_FORMATION('',$,#8753);
#8743=PRODUCT_DEFINITION_FORMATION('',$,#8754);
#8744=PRODUCT_DEFINITION_FORMATION('',$,#8755);
#8745=PRODUCT_DEFINITION_FORMATION('',$,#8756);
#8746=PRODUCT_RELATED_PRODUCT_CATEGORY('ArnoPad case lid',
'ArnoPad case lid',(#8753));
#8747=PRODUCT_RELATED_PRODUCT_CATEGORY('plate-2026-09-11T15_00_12.190Z',
'plate-2026-09-11T15_00_12.190Z',(#8754));
#8748=PRODUCT_RELATED_PRODUCT_CATEGORY('External1','External1',(#8755));
#8749=PRODUCT_RELATED_PRODUCT_CATEGORY('ArnoPad case','ArnoPad case',(#8756));
#8750=APPLICATION_PROTOCOL_DEFINITION('international standard',
'automotive_design',2009,#8751);
#8751=APPLICATION_CONTEXT(
'Core Data for Automotive Mechanical Design Process');
#8752=PRODUCT_CONTEXT('part definition',#8751,'mechanical');
#8753=PRODUCT('2026-09-12-14-16-30-601','ArnoPad case lid',$,(#8752));
#8754=PRODUCT('2026-09-12-10-00-27-110',
'plate-2026-09-11T15_00_12.190Z',$,(#8752));
#8755=PRODUCT('2026-09-13-12-20-58-795','External1',$,(#8752));
#8756=PRODUCT('2026-09-11-17-03-47-557','ArnoPad case',$,(#8752));
#8757=PRESENTATION_STYLE_ASSIGNMENT((#8758));
#8758=SURFACE_STYLE_USAGE(.BOTH.,#8759);
#8759=SURFACE_SIDE_STYLE('',(#8760));
#8760=SURFACE_STYLE_FILL_AREA(#8761);
#8761=FILL_AREA_STYLE('Steel - Satin',(#8762));
#8762=FILL_AREA_STYLE_COLOUR('Steel - Satin',#8763);
#8763=COLOUR_RGB('Steel - Satin',0.627450980392157,0.627450980392157,0.627450980392157);
ENDSEC;
END-ISO-10303-21;
